,loss/train,loss/valid,acc/train,acc/valid
0,0.0005844127040219069,0.0005825842041634227,0.6905287515293367,0.6904423107612107
1,0.0006141113841132259,0.0006125577325624091,0.6623534939801763,0.6630206393957125
2,0.0006602795363499817,0.0006598160768659884,0.5932496409383478,0.5902308633437949
3,0.0005934655952764757,0.0005912720626786362,0.6816896288809688,0.6827224852385765
4,0.0007778850551687036,0.0007755937543921828,0.5155992340018086,0.5162442151178254
5,0.0007183940446611216,0.000717159276031054,0.5379009521783074,0.5372227246130113
6,0.000669325359745233,0.000667266424421719,0.5832757061545827,0.5847850949518592
7,0.0006272970051651891,0.0006263221112855781,0.6441344397751654,0.6441964998138199
