,loss/train,loss/valid,acc/train,acc/valid
0,0.0005889490468469106,0.0005895687894664079,0.6878675168260715,0.686211477151966
1,0.0005774645962868858,0.0005780629061487098,0.7033917817924195,0.7024574920297556
2,0.0005629657981161779,0.000563530405383561,0.7194828196953595,0.7187167906482466
3,0.0005620351997496091,0.0005634252049274323,0.7192082890541976,0.7167507970244421
4,0.0005700726232290522,0.0005711198929899177,0.7084573149132128,0.7083023379383634
5,0.0006306129411058226,0.0006321529969652198,0.6414718384697131,0.6400637619553666
6,0.0005671302672822637,0.0005674508692227565,0.7139479277364505,0.7125132837407013
7,0.0006172808420983266,0.0006183804300842325,0.6620527807297202,0.6618225292242296
8,0.000562638248106794,0.0005635352415308815,0.7207226354941552,0.7198857598299682
9,0.0005710912128732933,0.0005717482057565331,0.7104941551540914,0.7092853347502657
10,0.0005538628603227165,0.0005544976072977757,0.7297467233439603,0.7292773645058448
11,0.0006008986258312527,0.0006013656983213394,0.660166489550124,0.6606668437832094
12,0.0006168016259272471,0.0006177862039217914,0.6650371944739639,0.6633634431455898
13,0.0006569123921603799,0.0006581068711947178,0.6193499822883457,0.6174548352816153
14,0.0006077268319564046,0.000609527817282996,0.6713602550478215,0.6686902231668438
15,0.0005792594255811561,0.0005802550791553939,0.7015143464399575,0.7012752391073326
16,0.0005630666842031597,0.0005636381822678792,0.7172954303931988,0.7159006376195537
17,0.000561701082777901,0.0005629592039696596,0.7230251505490612,0.7229277364505845
