,loss/train,loss/valid,acc/train,acc/valid
0,0.0006471414574274474,0.0006473235350486196,0.6065267445979454,0.6049149840595112
1,0.0006346659503251663,0.0006350894639709931,0.6420386114063054,0.6413124335812965
2,0.0007101703346767959,0.0007102629971491543,0.5000177116542686,0.5000531349628056
3,0.0007994793606192939,0.0007994577676596221,0.5,0.5
4,0.0007575515780388106,0.0007570196865532274,0.5,0.5
5,0.0007994793585079003,0.0007994577676596221,0.5,0.5
6,0.0006626067312946989,0.0006628237181718241,0.5843606092809068,0.5831960680127524
7,0.0006468586014003733,0.0006475131907257846,0.6346085724406659,0.6326780021253985
8,0.0006500988021582693,0.0006513109503909708,0.620297555791711,0.6183049946865037
