,loss/train,loss/valid,acc/train,acc/valid
0,0.0005659242965174207,0.0005714389000077921,0.7140386278466417,0.710743206058859
1,0.0005706269588689724,0.0005748075289297518,0.7023506905317225,0.7015383002699233
2,0.0005504065476959895,0.0005577204963715372,0.7347720502808425,0.7289499200712807
3,0.0005802935538004563,0.00058793817647314,0.6992714693781283,0.6940957572263424
4,0.0005599687929757502,0.0005646394980853795,0.7238965032277226,0.7217759899368432
5,0.0005457122272455733,0.0005531639087974609,0.737777020711584,0.731786734453209
6,0.0005535290788194006,0.0005587277385641742,0.7310420433798929,0.7283406273749312
7,0.0005393191975888366,0.0005457715852233286,0.7465691798352507,0.7418236851070521
8,0.0005350707464562948,0.0005415212713968248,0.7509805463106126,0.7463901045624886
9,0.000544804275492485,0.0005505950921561321,0.7397381133328093,0.7357569642810347
10,0.0005432995941736894,0.000549619072931718,0.7430269835862225,0.7372572656516156
11,0.0006108023901503971,0.0006184318234715004,0.6675882491679551,0.661659110563694
12,0.0005572381903646886,0.0005640661280817286,0.7234116896843907,0.7193191645483372
13,0.0005457538169973404,0.0005529291304768736,0.7390043414834421,0.7342304567729763
14,0.0005502949086758616,0.0005570695617607003,0.7329419883470042,0.72865510102466
15,0.0005653277359088597,0.0005725778971438407,0.7173100273417368,0.7120338583296209
