,loss/train,loss/valid,acc/train,acc/valid
0,0.0006073918049740023,0.0006055994721388843,0.6653294367693943,0.6678931987247609
1,0.0006105242750343177,0.0006096051346736304,0.6659050655331208,0.6673618490967056
2,0.0007412146580291056,0.0007397027209195269,0.5068544102019129,0.5072529224229543
3,0.0007333942921584775,0.0007310574725824512,0.505464045341835,0.5052603613177471
4,0.0007770049991102621,0.0007768357819882513,0.514975203684024,0.5146121147715197
5,0.0007950406324935221,0.0007947501543351112,0.5005667729365922,0.5004516471838469
6,0.0006330532936647856,0.0006304504244917891,0.6210503010981225,0.6271386822529225
7,0.000650818395753976,0.0006496662533308571,0.6279401346085725,0.6296493092454836
