,loss/train,loss/valid,acc/train,acc/valid
0,0.0005997397953018939,0.0005986242228375562,0.676733694910629,0.6770108473188703
1,0.000615191492542415,0.000618522102337268,0.6603987583572111,0.6545423147769136
2,0.0007731272211393143,0.0007718112041416638,0.5000042638832037,0.5
3,0.0007179474760787779,0.000716581673796334,0.5227392891253922,0.5227947196070405
4,0.0007465262868721076,0.000747192510362902,0.5265682562423251,0.5248925501432665
5,0.0007976354889572683,0.0007954990274737567,0.5,0.5000255832992223
6,0.0007024276551778717,0.0007032282769411644,0.5378291717833266,0.5356119525173967
7,0.0006202978293832937,0.0006225688254892997,0.6476625392277254,0.6431449549733934
