,loss/train,loss/valid,acc/train,acc/valid
0,0.0005714287797599619,0.0005809018642012882,0.7112817842575718,0.7046602447279354
1,0.0005687271872090661,0.000578642682121682,0.7141109086175476,0.7085134079666754
2,0.0005645974662313649,0.0005745107433628955,0.7192050681246204,0.7136422806560792
3,0.0005616321726556268,0.0005718545378635588,0.7225722468107264,0.7172871648008331
4,0.0005570133434011944,0.000567659863703141,0.7283519916688362,0.7205675605311117
5,0.0005558957467422214,0.0005663125900140935,0.7307211663629263,0.7243686539963551
6,0.0005557771416202059,0.000565597459972603,0.7293933871387659,0.7240692527987503
7,0.00055342092857917,0.0005634648380599832,0.7346784691486592,0.7285602707628221
8,0.0005560476612550232,0.0005649810787353377,0.730009546125141,0.7262952356157251
9,0.0005576895584323946,0.0005670559240237899,0.727501518701727,0.7220775839625098
10,0.0005485045944021195,0.0005587447290152382,0.7394949231970841,0.7338583702160896
11,0.0005478252049050252,0.000559213567419432,0.7391217564870259,0.732296277011195
12,0.000548691603910444,0.00055849903870051,0.7381411090861755,0.7330512887268941
13,0.0005587099306721826,0.0005678947977149465,0.7247071075240823,0.720177037229888
14,0.0005516430243926051,0.000563979816914722,0.7347045040354074,0.7279744858109867
15,0.0005512927391251208,0.0005632452102292177,0.7355115855246029,0.7271023171049206
16,0.0005513617212983621,0.0005625219433235024,0.7357285429141717,0.7277531892736266
17,0.0005515193200552101,0.0005630309849907662,0.7353119847261997,0.7273366310856548
18,0.0005577450590829701,0.0005675443841653142,0.727327952790072,0.7230669096589429
19,0.0005493282511407464,0.0005615176772177452,0.7369955740692528,0.7294324394688884
