,loss/train,loss/valid,acc/train,acc/valid
0,0.0005736460084045325,0.0005838112458994041,0.7086088692180855,0.7047513668315543
1,0.0005662883889144425,0.0005758494092163646,0.7158726026208453,0.7106482686800313
2,0.0005922154891742328,0.0006000274491167354,0.6801180248199253,0.6778573288206197
3,0.0005769491340513394,0.0005853872130358477,0.6968237438167144,0.693452225982817
4,0.0005631234940064819,0.0005733636030148976,0.7222511498741647,0.7157380890393127
5,0.0005615159935145538,0.000572391319510776,0.7218432699817756,0.7157120541525644
6,0.0005590525169417251,0.0005690464856133614,0.7292284995226938,0.7233663108565478
7,0.0005527266066262449,0.0005636594353539035,0.7340623101622842,0.7270632647747982
8,0.0005479349233846972,0.000558937959173203,0.7394254968324221,0.7325696433220515
9,0.000564868636070456,0.0005770745601110302,0.7194480604009372,0.7122624316584223
10,0.0005723539133675239,0.0005848237241316947,0.7103271717434696,0.7034235876073939
11,0.0005558611162522182,0.0005672039199825129,0.729115681680118,0.7228976828950794
12,0.000627966545464667,0.0006348338708440577,0.6384882409094854,0.6379067951054412
13,0.0005609842143538387,0.0005720807709317752,0.7229888049986982,0.7162978391043999
14,0.0005542033829540467,0.000566177091478091,0.7315629610344528,0.7247461598542047
15,0.0005595714704739823,0.000571297551778045,0.7252104486678816,0.7182764904972664
