,loss/train,loss/valid,acc/train,acc/valid
0,0.0006103517079829882,0.0006057644965791108,0.6629744026697909,0.6703988710192779
1,0.0006190579474897064,0.0006158602062804413,0.6540188873504456,0.6597481094898285
2,0.0006576778266183331,0.0006550969856528634,0.6041466964887989,0.6079055277452338
3,0.000764490892704537,0.0007639230702210062,0.4985088933858771,0.4998801789327937
4,0.0006379461366325225,0.0006319508265986815,0.6298416586785955,0.6377409734796038
5,0.0006467180127732208,0.0006410620804284502,0.6151968615756026,0.6225103844924912
6,0.0006674811168359771,0.0006620306567282885,0.5831913231796073,0.5884945148578123
7,0.0006416312778584767,0.0006353743703668269,0.6229985443959243,0.6292869315156033
