,loss/train,loss/valid,acc/train,acc/valid
0,0.0006431893710363498,0.0006398464740433623,0.6356108211737139,0.6437586537437426
1,0.0007898633448626535,0.00078835230670248,0.5012425888451024,0.5008653743742678
2,0.0007820805250301179,0.0007810835205895386,0.500142010153726,0.5001198210672063
3,0.0007137044268082382,0.0007142350537884361,0.5608868534100189,0.5596176376610927
4,0.0007995928593344144,0.0007997726469467034,0.5,0.5
5,0.0007914243683324233,0.0007918394093430199,0.5,0.5
6,0.0006895252070741988,0.0006876487373378866,0.510109347818369,0.5110634785387155
7,0.0007221361473226512,0.0007172952101486841,0.5197394113679128,0.5234849291724358
