,loss/train,loss/valid,acc/train,acc/valid
0,0.0005951291799423832,0.0005969449065500416,0.6849550008490406,0.6791518084564442
1,0.0005800776174749011,0.0005798552490835341,0.7022499575479708,0.6993250127356088
2,0.0005791311703102356,0.0005805918439213136,0.703829173034471,0.6977203260315843
3,0.0006043563423101679,0.0006019713604747793,0.6701562234674817,0.6686704024452369
4,0.0006708913898808095,0.0006698240378470186,0.5898200033961624,0.5863983698420785
5,0.0005900913708722942,0.0005906025039803538,0.6931482424859908,0.6898369842078451
6,0.0006041010443515295,0.0006047858565787666,0.6768551536763457,0.6698930208863983
7,0.0006342927270721834,0.0006324475356892427,0.6322125997622686,0.6314951604686704
8,0.0006413337107039931,0.0006445716290345195,0.6327814569536424,0.6240320937340805
9,0.0007362029309142403,0.0007307130997118996,0.5252080149431143,0.5256622516556292
