,loss/train,loss/valid,acc/train,acc/valid
0,0.0005075050054924002,0.0005052043900489533,0.7953847478545392,0.7986639304267961
1,0.0004848437033866735,0.0004843975711914453,0.8179682940596806,0.8198673976062685
2,0.0004886770389721994,0.00048598557452322584,0.8145288596768175,0.818482534944462
3,0.000758342403767138,0.0007587021207608262,0.5379438018426567,0.5390129445193881
4,0.0004855434336773652,0.0004850285622971001,0.8171263740994805,0.8188628340173933
5,0.0005004344979562717,0.0004958430461390709,0.7982597131731772,0.8037943801842656
6,0.00048649062734371784,0.0004864793670396095,0.8139404724319049,0.8150957205591114
7,0.00077227743430427,0.0007750026203591666,0.511566832180477,0.5115166040010333
8,0.00047337021414765526,0.0004699540631029507,0.8248423791892694,0.8294179271547889
9,0.0004981864156532604,0.0005009545263560869,0.7920696880112511,0.7894578226801756
10,0.0005997658533176039,0.0005966585595361203,0.6801613042105565,0.6845957349100198
11,0.0004833045890592832,0.00048540987715696904,0.8118691579843671,0.8104819035044918
12,0.0007966379269850763,0.0007984969994938403,0.5001100236311625,0.5000932809046813
13,0.0006874425051645088,0.0006909104638441686,0.5983276408063297,0.5964739818030481
14,0.000491659385142048,0.00048735751957150355,0.8070376854854913,0.8120030997962171
15,0.0004683943803601703,0.0004662269688063855,0.8305157716483453,0.8343546396486897
16,0.0007429454766934053,0.0007461769431115209,0.5325335093711432,0.5318087884963119
17,0.0004778829193947349,0.00047483988787775413,0.8202692230418186,0.824538618294538
18,0.0005479817048380816,0.0005435727324757722,0.7451996211360179,0.7517292844637066
19,0.000723672647576926,0.0007237502460121708,0.539828554480832,0.5401968944634196
20,0.000797548272842534,0.0007992062987869572,0.5,0.5
21,0.0005528372861991325,0.0005561878251884346,0.6716512155219425,0.6663700812261416
22,0.0007684073271813037,0.0007708405572283244,0.517115850099978,0.5174507046296031
