,loss/train,loss/valid,acc/train,acc/valid
0,0.0004790981586095132,0.00047724297245212366,0.8188724012896683,0.8216469102494188
1,0.0007658815031608295,0.0007671829570616322,0.5213685026262163,0.5215120117103412
2,0.0004918357057839111,0.0004914905707518155,0.8049520201295408,0.8063560173358973
3,0.0006137792470004144,0.0006117946673184099,0.6778890770452436,0.6820053959415631
4,0.0007883876811034343,0.0007899960403597583,0.5043578925212633,0.5043411497947821
5,0.0007943108273126394,0.0007960520098141703,0.500009567272275,0.5000143509084125
6,0.0007750799275372497,0.0007755718942433198,0.5179434191517657,0.5185987773026033
7,0.0007926614814874285,0.0007940148571452414,0.5022148235316629,0.5024181280675066
