,loss/train,loss/valid,acc/train,acc/valid
0,0.0005767946286343267,0.0005748025184014014,0.697944926148554,0.6992526198202031
1,0.0005676332099375527,0.0005662196841802526,0.7117266875897654,0.7113410287781265
2,0.000583416172056132,0.0005820290964742602,0.687673989751228,0.6882746422682058
3,0.0006351991495764915,0.0006342644056295282,0.637822047272018,0.6385047076972179
4,0.0005855776241029122,0.0005854149440437106,0.6949837757327517,0.6932815575296558
5,0.0005758694587963841,0.000575150330004283,0.6978961646896111,0.6976434916750891
6,0.000614423403283866,0.000614514262795201,0.6595120307817792,0.6575482738443534
7,0.0005906884946355897,0.0005895096264314675,0.6859363086689009,0.6863995425288579
8,0.000589802979583814,0.0005890540364473587,0.6930377502349416,0.6927097186020533
