,loss/train,loss/valid,acc/train,acc/valid
0,0.0007977987000298607,0.0007958043644199399,0.5,0.5
1,0.0007954632304532578,0.0007934402926042341,0.5,0.5
2,0.0007569664477517196,0.0007568849117246944,0.5031680652203575,0.5029037044617274
3,0.0007972996486235257,0.0007958211518619766,0.5,0.5
4,0.0007475011385158914,0.0007474672459477633,0.5,0.5
5,0.0007268167566571592,0.0007278937621501885,0.5444723018147087,0.5405751125665166
6,0.000668270935045614,0.0006721638317661749,0.593306556146814,0.5879681743757675
7,0.0007970435467333532,0.0007958232066424421,0.5,0.5
8,0.0007970340385766712,0.0007958145990565181,0.5,0.5
9,0.0007012208524940447,0.0006997245239994343,0.5466937849638422,0.5456022308636922
10,0.0007233727306050287,0.0007215618901945897,0.5011597762314095,0.5013367273843635
11,0.0006372093898177488,0.0006388928005460389,0.6198705485059354,0.6165383237822349
12,0.0007979471443851512,0.0007958232478142955,0.5,0.5
13,0.0007321188610866981,0.000730865032267629,0.49771029471960704,0.498803980761359
14,0.0006456954872596799,0.0006473585082629007,0.6293790080502115,0.625191874744167
15,0.0007976888946966221,0.0007958288227882339,0.5,0.5
16,0.0007944009798596835,0.0007925450849883194,0.500383749488334,0.5005052701596397
17,0.0006187791227155793,0.0006202501456420587,0.6525446854959749,0.6497134670487106
18,0.0007978170852956188,0.0007958222939996899,0.5,0.5
19,0.000636675807933704,0.00064051711594063,0.6363376654386683,0.6306155341792877
20,0.0007058611292905901,0.00070771609741403,0.5606921135216264,0.5563919873106836
21,0.0006520581544909476,0.0006506957542235082,0.6118629758493656,0.6114344555873925
22,0.0006464996492940775,0.0006512881043537494,0.629370480283804,0.6233818563241915
23,0.0007044683800300418,0.0007019346073648016,0.568524866966844,0.5711663426115432
24,0.0006780093229533478,0.0006757701289273168,0.5772231887024151,0.5782017498976668
