,loss/train,loss/valid,acc/train,acc/valid
0,0.0007074030530714602,0.0007089811681822778,0.5767584254332105,0.5738525890298813
1,0.0005904647831353049,0.0005919228243476487,0.6856452108063856,0.6825624232501023
2,0.000620620041325239,0.000619307924344117,0.6512271455860281,0.6515618604175194
3,0.0006398104486011324,0.0006384665456783855,0.639399133578933,0.6408040830945558
4,0.0006171972566455916,0.0006162104628769726,0.6612728544139719,0.6615201596397872
5,0.0007054611902263614,0.0007007470361299803,0.575598649201801,0.5789436655751126
6,0.00059324487111573,0.0005939206351669802,0.6879178605539638,0.685210294719607
7,0.0007520277731182598,0.0007500722192340681,0.5393215309046254,0.5395837597216537
8,0.0006038317384917799,0.0006073720275141936,0.6796757743211898,0.6752264121981171
9,0.0006504707835916608,0.0006535377035491593,0.6143957224723701,0.6088953131395825
10,0.0007846345429913964,0.0007834516155350125,0.5040805362259517,0.5039462239050347
11,0.0005959758944458713,0.0005977983383299432,0.6803750511665985,0.6777719504707327
12,0.0005822498247135155,0.0005823976409438932,0.6983515827534452,0.6974263200982399
13,0.0005998323259928295,0.0005982837674440149,0.6789253308773366,0.6796587187883749
14,0.0005852773934013116,0.0005858494411060618,0.6949831150225133,0.6923480352026198
15,0.0005999462482572692,0.0005982830385497199,0.6823577568563242,0.6832595681539091
16,0.0005773122248687496,0.0005784547524439035,0.7007734684131532,0.6996904420794106
17,0.0006949194698208334,0.0006913760188254869,0.5922917519443307,0.5942488743348342
18,0.0005742837059244093,0.0005748842069379775,0.705178059762587,0.7034511870650839
19,0.0007538087477965738,0.0007509790845840523,0.5191874744167008,0.520261972984036
20,0.0005886627812035608,0.0005912551987265106,0.6952346841315322,0.6916061195251739
21,0.0005938059888370432,0.0005929987676322728,0.682153090462546,0.681283258288989
22,0.0005822559476289113,0.0005818545578922154,0.6958785304952927,0.6959680720425706
23,0.0006260426425542655,0.0006239620223031442,0.6464260130986492,0.6487349058534588
24,0.0006723239192420683,0.000670465009040731,0.5905606153636239,0.5908590871878837
25,0.0006939388015090826,0.0006908085063783008,0.5399312662027562,0.5416943819074908
