,loss/train,loss/valid,acc/train,acc/valid
0,0.0005907687522258387,0.0005862140319906554,0.6839548202918595,0.6896111495292303
1,0.00057743256384023,0.0005738207412194721,0.7007243293082965,0.7029363264003404
2,0.0005690950995369038,0.0005659634732231129,0.7111858786814902,0.713016649821799
3,0.0005801958822875563,0.0005773946240998512,0.6949350142738089,0.6964067237619023
4,0.0005814794176937108,0.0005786094567428098,0.6958614819937231,0.6983150699505293
5,0.0005785843131305339,0.0005745202940229063,0.6974085501001827,0.7014136390233523
6,0.0005740469197194403,0.0005707284046732445,0.7025019061297587,0.7046318953135805
7,0.0005931638301825556,0.000589548845124109,0.6805814139049949,0.6829685089632427
8,0.0005645841272371441,0.0005622680645127507,0.7163235633101052,0.7174982711846375
9,0.000568613537613829,0.0005655335574031124,0.7102106495026331,0.7119660620245758
10,0.0005800920315223575,0.0005766354884497124,0.6995939500328031,0.7031291558061599
11,0.0005705307542993441,0.0005678999868819889,0.7100200365267656,0.710848981328794
12,0.0005798914850435606,0.0005763579942525794,0.6958614819937231,0.698414809298367
13,0.0005718669731325234,0.000569541450573844,0.7093684061208929,0.7102372466620565
14,0.0005720442355726472,0.0005695927346968335,0.7092309874638721,0.7103569338794616
15,0.0005697049997815774,0.0005667533279035984,0.7099535436282072,0.7118596733868823
