,loss/train,loss/valid,acc/train,acc/valid
0,0.0005962058915261975,0.000592494678818182,0.6799386492189301,0.6828488217458375
1,0.0006109647538570347,0.0006065157726284189,0.6635592318740359,0.6674291185701368
2,0.0007264426137157426,0.0007205857845327754,0.520462081316382,0.5242300122346933
3,0.0006411747625242458,0.0006360029587213508,0.6196739188254694,0.6239228150433533
4,0.000642363865517098,0.0006357107195164765,0.6304457683919358,0.6351601148997287
5,0.0006289787575046879,0.0006231388740098453,0.6374363884603791,0.6436047130166498
6,0.0006849775809984836,0.0006793159505009454,0.5574986258134298,0.5611934145433267
7,0.0006968754837926716,0.0006909877841818478,0.543606042874621,0.5477020054258205
