,loss/train,loss/valid,acc/train,acc/valid
0,0.0006688802832686005,0.0006742153387098885,0.5904998065491892,0.5865648411944708
1,0.0005839750286537488,0.0005856271083563506,0.7024550666525975,0.7052732932362562
2,0.0006378965332356219,0.0006377210403666084,0.6197284654074777,0.6210298617706025
3,0.0007532284568899193,0.0007529930184382331,0.5063135310048891,0.5068850902184235
4,0.0006247372476061123,0.0006259290582647905,0.6452639724244662,0.6440065421546903
5,0.0006720710840986991,0.0006786804676521324,0.5983433576026168,0.5915242165242165
6,0.0006253365168473023,0.0006296450221690747,0.655428933206711,0.6532394217579403
7,0.0006084299662794877,0.0006123310717787184,0.677842847595934,0.6779044001266223
8,0.0007850895053850376,0.0007913521757995805,0.5000967254053674,0.5001318982800464
