,loss/train,loss/valid,acc/train,acc/valid
0,0.0005915302117803066,0.0005966660438079642,0.6967469448011391,0.6926478681307162
1,0.0005967024510791303,0.0006001601815957837,0.6808005101461428,0.6803440865850783
2,0.0007393358641015585,0.000742966329349456,0.5096394909021026,0.5096962708666369
3,0.0006028664948598155,0.00060609754359167,0.669422678791373,0.6684792578421866
4,0.0007781178625824368,0.0007818351318421405,0.5,0.5
5,0.0007914049529885175,0.0007947903999152269,0.5,0.5
6,0.0006731557911881919,0.0006777590467306349,0.5746481826043659,0.5719555019785634
7,0.0007147961691809041,0.0007177365855877746,0.5116573634878622,0.5122972300112686
