,loss/train,loss/valid,acc/train,acc/valid
0,0.000572516269699333,0.0005793475623481813,0.7093215231007102,0.7053250871354071
1,0.0006313962601381995,0.0006331364079720601,0.6449679848353818,0.6462236955895071
2,0.0005724614583349528,0.0005788848793210779,0.710994348209684,0.7062619565502241
3,0.0005718686652885186,0.0005782063143593032,0.7048009643858592,0.7000248958306036
4,0.0007504711727857875,0.0007567560850985067,0.5284904391275104,0.5259309730338846
5,0.0006044288306570036,0.0006116038813287724,0.6439022685779676,0.6383159936057025
6,0.000795500068611984,0.0007993354618263499,0.5000043676895796,0.5
7,0.0006159610938730972,0.0006225726042545087,0.6561754762965486,0.6516418145129589
8,0.0005917424021705499,0.000598437519655053,0.6815430173746692,0.6777300243717078
9,0.0005918382170132098,0.000598774686006259,0.6756772102693117,0.6717353704237532
10,0.0005700085215641561,0.0005764180957441601,0.7123221258418722,0.7081946591891821
11,0.0005685561937909155,0.000573990050344123,0.7121823597753261,0.7091249770696297
12,0.0005724569751130494,0.0005780460469212097,0.7119901814338251,0.7087711942136848
13,0.0006173940308850432,0.0006242200996600913,0.6538911746464355,0.6494273958961189
14,0.0005711752656810369,0.0005774410119012091,0.7103872393581243,0.7065567755968448
15,0.0005742510256134181,0.0005794377702346978,0.7087974003511622,0.7059147252286485
16,0.0005728688512423726,0.0005799339352833931,0.7068581461778348,0.701983804607039
17,0.0005660031724299159,0.000571638061433016,0.7144186168400639,0.7104221808747608
18,0.0007046662685019872,0.0007141566830438158,0.5869606995291631,0.5793980450221442
19,0.0005901713943679717,0.0005964079052744841,0.686286328258078,0.6841505280536702
20,0.0005788065377453202,0.0005858405573618806,0.7070896337255519,0.7031499777247832
21,0.0005724412509040623,0.0005788706154589502,0.7123483319793495,0.7084501690295867
22,0.0005754472497584692,0.0005822087461841741,0.7083387929453078,0.7022327629130742
23,0.0005693684189547684,0.0005764093867712586,0.7117586938861081,0.7074936450116617
24,0.0005949488154405427,0.0006017210359590109,0.6817089895786926,0.6765310935821169
