,loss/train,loss/valid,acc/train,acc/valid
0,0.0006145734490491266,0.0006118699388273461,0.6577211553806054,0.6602744826852492
1,0.0005786593354847262,0.0005758357560725293,0.6984813021969254,0.7006423214000744
2,0.0005807980958719209,0.0005793376145600525,0.6954447931627569,0.6955423160806425
3,0.0005690704566197085,0.000568196095442593,0.7104500239374435,0.7096920048938773
4,0.000557144229016004,0.0005558791312107831,0.7260448250793482,0.7253510825043885
5,0.00055781258983701,0.0005571232537233016,0.7232831533592212,0.7224652907069525
6,0.0005515105239609035,0.000551081134861559,0.731701154316719,0.7298460024469386
7,0.0005486716317342486,0.0005485649351978804,0.7352208450804121,0.7335762540560669
8,0.0005390131525539566,0.000539142527671068,0.7461522776034186,0.7441619235065695
9,0.0005550282353266022,0.0005550269340478306,0.7268782027412806,0.7247326985477951
10,0.0005553337343639944,0.0005550589554138251,0.7272195329538805,0.7259761157508378
11,0.0005800885876913913,0.0005796455880087534,0.6988802595882759,0.6984015107186552
12,0.0005546442386619859,0.0005540806599782942,0.7279553876979272,0.7274190116495558
13,0.0005742539535683242,0.0005730850285872214,0.7061013883717219,0.7058287674876323
14,0.0005540358011339173,0.0005534097300234535,0.7292453499299608,0.7275985424756636
15,0.000550706472130856,0.0005510902797467494,0.7311337482490203,0.729068035533805
