,loss/train,loss/valid,acc/train,acc/valid
0,0.0006500971618078215,0.0006489998654194528,0.6074303597709098,0.6069471780413852
1,0.0005877839952360107,0.0005860637973087811,0.6913488306115574,0.6917189744135326
2,0.0006679970616704321,0.0006673123133240231,0.6030107984467259,0.6022993244321506
3,0.0006247217211040248,0.0006217503559241251,0.6406324804510878,0.6443028884515134
4,0.0005935331256997913,0.0005918556885856524,0.6829795911130024,0.6834605564125751
5,0.0007163217596706161,0.000715058873775088,0.5403922194442967,0.5397228575988084
6,0.0006105490971459609,0.0006092885007084136,0.672088054329131,0.6717777541358583
7,0.0005997018542300641,0.0005987367042202069,0.681215312871252,0.68062130964413
8,0.0007271423109148822,0.0007252566252048234,0.5341729169991312,0.535068354699718
