,loss/train,loss/valid,acc/train,acc/valid
0,0.0005178544592111697,0.00051514921999495,0.7816844139567368,0.78575528830975
1,0.00046771063898992074,0.0004684722313465958,0.828200491757795,0.8275810108779886
2,0.0005504655775626922,0.0005471764346706837,0.7378089033035791,0.7430828621451738
3,0.0004686664536116474,0.0004708999577309979,0.8276312390574323,0.8265118682012571
4,0.00047061207084086055,0.00047189175679726727,0.8234933937984941,0.8237780201486754
5,0.0005559016571147294,0.0005598854122689875,0.7349435052572161,0.7322263999311156
6,0.0004929768261099679,0.0004953460440200874,0.7997713421926275,0.7984343158921959
7,0.0005053995770409817,0.0005036625225359008,0.7893334481406006,0.7923280043626761
8,0.00047059562614501645,0.0004727311971465351,0.8274446772480698,0.8260885164030883
