,loss/train,loss/valid,acc/train,acc/valid
0,0.0004902680783939945,0.0004918827984609511,0.8159169416623246,0.8127279569269958
1,0.000616096308521262,0.0006135689684631497,0.6676026168007874,0.6704104672031495
2,0.0004988906849663469,0.0004965072098841425,0.7995233408595303,0.8028570601516818
3,0.0007778968004297981,0.0007793062370804708,0.5027113606978135,0.502388120187576
4,0.0006447979665395618,0.0006407580328120179,0.6461722534205601,0.6508278816650264
5,0.0004954071035282806,0.000493405667286055,0.8049460622551574,0.806504370983616
6,0.0005542092621539242,0.0005498226756386466,0.7414365387213184,0.7456724367509987
7,0.0007068345829637142,0.0007070960053308253,0.5576236515563789,0.5572569906790945
8,0.0004819301495932749,0.0004788795373404315,0.8172292016441846,0.8212383488681758
9,0.0007903831896169714,0.0007902409236280532,0.5016210270364152,0.5018091819602848
10,0.0007995643454504049,0.0007993451794165683,0.5002219263204616,0.5003039425693279
11,0.0004936196431182592,0.0004941049348788332,0.8107740404098883,0.8103108898280553
12,0.00048641278862725435,0.00048628817030159604,0.8108126362917076,0.8121200717883402
13,0.0005076768575123873,0.00050531838089012,0.7887068449796407,0.7915098708967753
14,0.0005790101205988166,0.0005747953283485179,0.7169474517069029,0.7212122966479476
15,0.0005339545107796052,0.0005352194203434908,0.7524556629807599,0.7512591906443582
