,loss/train,loss/valid,acc/train,acc/valid
0,0.0005046786400128889,0.0005016447990789387,0.7921611764024779,0.7948098187923348
1,0.000496515209995202,0.0004960848176506255,0.8009513884868484,0.8020754935448388
2,0.0007720781228633381,0.0007701184543870108,0.5129199714390474,0.5135616279742952
3,0.0007989841166230726,0.0007993067597318716,0.5,0.5
4,0.0006648859930746084,0.0006702931790099826,0.6246646982766939,0.6190586464424246
5,0.0006891578144310235,0.000686770442743621,0.5998764931781779,0.6022694378509813
6,0.0006053438532915838,0.000603025303465031,0.6762866902101545,0.6807445145602964
7,0.0006424675806722761,0.0006467245774947381,0.6367838051679886,0.6330978984542349
8,0.0006615253201201646,0.0006586688256930416,0.6263243211949285,0.6287558617495513
