{
    "MuonEG": {
        "Central": 188.0,
        "Stat": 13.711309200802088
    },
    "nonprompt": {
        "Central": 61.921435107577345,
        "Stat": 6.179597834526084
    },
    "DYJets": {
        "Central": 200.57721819206705,
        "Stat": 23.825610244085723,
        "L1PrefireUp": 198.86198567533938,
        "L1PrefireDown": 202.21490174789975,
        "PileupReweightUp": 194.56916863069088,
        "PileupReweightDown": 206.97504807705488,
        "MuonIDSFUp": 203.1209294789367,
        "MuonIDSFDown": 198.04528255406024,
        "ElectronIDSFUp": 204.08376217907875,
        "ElectronIDSFDown": 197.14904073525162,
        "EMuTrigSFUp": 200.57721819206705,
        "EMuTrigSFDown": 200.57721819206705,
        "JetResUp": 200.5532386807338,
        "JetResDown": 200.61656916034354,
        "JetEnUp": 200.68875552739078,
        "JetEnDown": 200.58964172559004,
        "ElectronResUp": 200.57721819206705,
        "ElectronResDown": 200.57721819206705,
        "ElectronEnUp": 200.57721819206705,
        "ElectronEnDown": 200.50849065491187,
        "MuonEnUp": 200.57721819206705,
        "MuonEnDown": 200.57894356574366
    },
    "WZTo3LNu_amcatnlo": {
        "Central": 4.33604043200771,
        "Stat": 0.29956544784904326,
        "L1PrefireUp": 4.309785257612065,
        "L1PrefireDown": 4.35878997825969,
        "PileupReweightUp": 4.222860429817281,
        "PileupReweightDown": 4.407853577819498,
        "MuonIDSFUp": 4.399401045297971,
        "MuonIDSFDown": 4.273103074260207,
        "ElectronIDSFUp": 4.384373530454665,
        "ElectronIDSFDown": 4.2884196596405,
        "EMuTrigSFUp": 4.33604043200771,
        "EMuTrigSFDown": 4.33604043200771,
        "JetResUp": 4.336273351479908,
        "JetResDown": 4.330290718493627,
        "JetEnUp": 4.326616986129837,
        "JetEnDown": 4.338063897110244,
        "ElectronResUp": 4.33604043200771,
        "ElectronResDown": 4.33604043200771,
        "ElectronEnUp": 4.319818304364467,
        "ElectronEnDown": 4.320678897452984,
        "MuonEnUp": 4.351482165640315,
        "MuonEnDown": 4.337068891737182
    },
    "ZZTo4L_powheg": {
        "Central": 10.663263510215902,
        "Stat": 0.07568559821494215,
        "L1PrefireUp": 10.600289960309013,
        "L1PrefireDown": 10.71937645299122,
        "PileupReweightUp": 10.41410542061768,
        "PileupReweightDown": 10.905746623557594,
        "MuonIDSFUp": 10.797214663551078,
        "MuonIDSFDown": 10.52994178114927,
        "ElectronIDSFUp": 10.936512194870344,
        "ElectronIDSFDown": 10.397934983472148,
        "EMuTrigSFUp": 10.663263510215902,
        "EMuTrigSFDown": 10.663263510215902,
        "JetResUp": 10.661251305112179,
        "JetResDown": 10.661862515395308,
        "JetEnUp": 10.665864473256242,
        "JetEnDown": 10.660971108668324,
        "ElectronResUp": 10.663684564380794,
        "ElectronResDown": 10.663263510215902,
        "ElectronEnUp": 10.686007867215816,
        "ElectronEnDown": 10.645610111587018,
        "MuonEnUp": 10.678173819497275,
        "MuonEnDown": 10.652638311683164
    },
    "ttWToLNu": {
        "Central": 0.013863513839907877,
        "Stat": 0.009806790030661186,
        "L1PrefireUp": 0.013724613181405247,
        "L1PrefireDown": 0.013996733420117405,
        "PileupReweightUp": 0.01215080401892948,
        "PileupReweightDown": 0.014727038831973047,
        "MuonIDSFUp": 0.013920957249755141,
        "MuonIDSFDown": 0.013805801134022352,
        "ElectronIDSFUp": 0.01402044042645268,
        "ElectronIDSFDown": 0.013707181864848643,
        "EMuTrigSFUp": 0.013863513839907877,
        "EMuTrigSFDown": 0.013863513839907877,
        "JetResUp": 0.01383089958603898,
        "JetResDown": 0.013848754003867595,
        "JetEnUp": 0.013868275815876189,
        "JetEnDown": 0.01389202940596454,
        "ElectronResUp": 0.013863513839907877,
        "ElectronResDown": 0.013863513839907877,
        "ElectronEnUp": 0.013863513839907877,
        "ElectronEnDown": 0.013865237984148335,
        "MuonEnUp": 0.013877144696635799,
        "MuonEnDown": 0.013863513839907877
    },
    "ttZToLLNuNu": {
        "Central": 0.06189495752511515,
        "Stat": 0.014106228129110873,
        "L1PrefireUp": 0.06149821339675278,
        "L1PrefireDown": 0.06222346633415975,
        "PileupReweightUp": 0.0605655346979331,
        "PileupReweightDown": 0.06335996050268244,
        "MuonIDSFUp": 0.06249399742925501,
        "MuonIDSFDown": 0.061297617725042594,
        "ElectronIDSFUp": 0.06328053373056595,
        "ElectronIDSFDown": 0.06054605763302443,
        "EMuTrigSFUp": 0.06189495752511515,
        "EMuTrigSFDown": 0.06189495752511515,
        "JetResUp": 0.06182873984311342,
        "JetResDown": 0.06195905043841148,
        "JetEnUp": 0.061856023580232414,
        "JetEnDown": 0.061867675295207106,
        "ElectronResUp": 0.06189495752511515,
        "ElectronResDown": 0.06189495752511515,
        "ElectronEnUp": 0.06188362870533848,
        "ElectronEnDown": 0.06189495752511515,
        "MuonEnUp": 0.06189495752511517,
        "MuonEnDown": 0.06189495752511515
    },
    "ttHToNonbb": {
        "Central": 0.03539773871821603,
        "Stat": 0.008293148800710073,
        "L1PrefireUp": 0.03517116975565002,
        "L1PrefireDown": 0.03558241731494779,
        "PileupReweightUp": 0.03595610437257199,
        "PileupReweightDown": 0.03474784042679438,
        "MuonIDSFUp": 0.035846661753459234,
        "MuonIDSFDown": 0.03495090207113065,
        "ElectronIDSFUp": 0.03576013048448596,
        "ElectronIDSFDown": 0.035037297796627856,
        "EMuTrigSFUp": 0.03539773871821603,
        "EMuTrigSFDown": 0.03539773871821603,
        "JetResUp": 0.03541292052340541,
        "JetResDown": 0.03536043432919742,
        "JetEnUp": 0.03537145368813271,
        "JetEnDown": 0.035427332448165844,
        "ElectronResUp": 0.03539773871821603,
        "ElectronResDown": 0.03539773871821603,
        "ElectronEnUp": 0.03539773871821603,
        "ElectronEnDown": 0.035397738718216026,
        "MuonEnUp": 0.03539773871821603,
        "MuonEnDown": 0.03539773871821603
    },
    "WWW": {
        "Central": 0.01617950680292011,
        "Stat": 0.00356185340700261,
        "L1PrefireUp": 0.016074542671659045,
        "L1PrefireDown": 0.016278297178170247,
        "PileupReweightUp": 0.014896089599008669,
        "PileupReweightDown": 0.01755767917163318,
        "MuonIDSFUp": 0.016416471739291068,
        "MuonIDSFDown": 0.015944037536439224,
        "ElectronIDSFUp": 0.016314232836703402,
        "ElectronIDSFDown": 0.01604531076748572,
        "EMuTrigSFUp": 0.01617950680292011,
        "EMuTrigSFDown": 0.01617950680292011,
        "JetResUp": 0.0161661082651572,
        "JetResDown": 0.01617958667585022,
        "JetEnUp": 0.016179727270993222,
        "JetEnDown": 0.01617927328922417,
        "ElectronResUp": 0.01617950680292011,
        "ElectronResDown": 0.01617950680292011,
        "ElectronEnUp": 0.01618601339592716,
        "ElectronEnDown": 0.01617950680292011,
        "MuonEnUp": 0.01617950680292011,
        "MuonEnDown": 0.01617950680292011
    },
    "WWZ": {
        "Central": 0.0037703781769197714,
        "Stat": 0.0015515101637107182,
        "L1PrefireUp": 0.0037497709128514484,
        "L1PrefireDown": 0.0037880868040713923,
        "PileupReweightUp": 0.0035232238925724923,
        "PileupReweightDown": 0.004015233463375735,
        "MuonIDSFUp": 0.003818599314016166,
        "MuonIDSFDown": 0.0037223602585728793,
        "ElectronIDSFUp": 0.003805279520340718,
        "ElectronIDSFDown": 0.0037357034852011574,
        "EMuTrigSFUp": 0.0037703781769197714,
        "EMuTrigSFDown": 0.0037703781769197714,
        "JetResUp": 0.0037834889952446187,
        "JetResDown": 0.0037830427790418028,
        "JetEnUp": 0.0037711485892282766,
        "JetEnDown": 0.0037698078110715914,
        "ElectronResUp": 0.0037703781769197714,
        "ElectronResDown": 0.0037703781769197714,