{
    "DoubleMuon": {
        "Central": 178.0,
        "Stat": 13.341664064126334
    },
    "nonprompt": {
        "Central": 16.82094923218343,
        "Stat": 1.9169356711438579
    },
    "ZGToLLG": {
        "Central": 94.50567460506947,
        "Stat": 2.957491887687744,
        "L1PrefireUp": 93.67864765289397,
        "L1PrefireDown": 95.30031793776463,
        "PileupReweightUp": 93.34349874255412,
        "PileupReweightDown": 95.64876481335824,
        "MuonIDSFUp": 95.54624782521249,
        "MuonIDSFDown": 93.47302053142289,
        "DblMuTrigSFUp": 94.77086313031108,
        "DblMuTrigSFDown": 94.23779553455604,
        "JetResUp": 94.49805377570758,
        "JetResDown": 94.6357890880957,
        "JetEnUp": 94.4754640806421,
        "JetEnDown": 94.52812050819284,
        "ElectronResUp": 94.50567460506947,
        "ElectronResDown": 94.50567460506947,
        "ElectronEnUp": 94.50567460506947,
        "ElectronEnDown": 94.50567460506947,
        "MuonEnUp": 94.85308026899473,
        "MuonEnDown": 94.24777196806153
    },
    "WZTo3LNu_amcatnlo": {
        "Central": 7.709504074819641,
        "Stat": 0.4450398962040674,
        "L1PrefireUp": 7.641634880053724,
        "L1PrefireDown": 7.77762485206797,
        "PileupReweightUp": 7.639667864040101,
        "PileupReweightDown": 7.76178097750085,
        "MuonIDSFUp": 7.789555978917838,
        "MuonIDSFDown": 7.630048794244595,
        "DblMuTrigSFUp": 7.729671186030473,
        "DblMuTrigSFDown": 7.6891125539709115,
        "JetResUp": 7.694755244162008,
        "JetResDown": 7.703309076267613,
        "JetEnUp": 7.704074620833142,
        "JetEnDown": 7.7100618625728154,
        "ElectronResUp": 7.709504074819641,
        "ElectronResDown": 7.709504074819641,
        "ElectronEnUp": 7.709504074819641,
        "ElectronEnDown": 7.709504074819641,
        "MuonEnUp": 7.693949295357256,
        "MuonEnDown": 7.69305890938656
    },
    "ZZTo4L_powheg": {
        "Central": 58.138097463492166,
        "Stat": 0.18117734877881933,
        "L1PrefireUp": 57.63898012709741,
        "L1PrefireDown": 58.61888851553362,
        "PileupReweightUp": 57.16741410616657,
        "PileupReweightDown": 59.07119743892539,
        "MuonIDSFUp": 58.78194261888403,
        "MuonIDSFDown": 57.49918505525293,
        "DblMuTrigSFUp": 58.30170730907786,
        "DblMuTrigSFDown": 57.97277396225543,
        "JetResUp": 58.13826310203753,
        "JetResDown": 58.14235772137243,
        "JetEnUp": 58.13854382191917,
        "JetEnDown": 58.13660393573847,
        "ElectronResUp": 58.138097463492166,
        "ElectronResDown": 58.138097463492166,
        "ElectronEnUp": 58.138097463492166,
        "ElectronEnDown": 58.138097463492166,
        "MuonEnUp": 58.31207293870502,
        "MuonEnDown": 57.981343272890015
    },
    "ttWToLNu": {
        "Central": 0.043243730571831424,
        "Stat": 0.01701444556712053,
        "L1PrefireUp": 0.0429438185062515,
        "L1PrefireDown": 0.04354110211801704,
        "PileupReweightUp": 0.04008236522195902,
        "PileupReweightDown": 0.04610672145808898,
        "MuonIDSFUp": 0.043520251343010595,
        "MuonIDSFDown": 0.042968182231243324,
        "DblMuTrigSFUp": 0.043323147799582025,
        "DblMuTrigSFDown": 0.04316343874859853,
        "JetResUp": 0.04332590273332626,
        "JetResDown": 0.043098885659343604,
        "JetEnUp": 0.04314097006077393,
        "JetEnDown": 0.0420280200546922,
        "ElectronResUp": 0.043243730571831424,
        "ElectronResDown": 0.043243730571831424,
        "ElectronEnUp": 0.043243730571831424,
        "ElectronEnDown": 0.043243730571831424,
        "MuonEnUp": 0.04324245946983338,
        "MuonEnDown": 0.04556347713521037
    },
    "ttZToLLNuNu": {
        "Central": 0.1557072530635835,
        "Stat": 0.023342238517867705,
        "L1PrefireUp": 0.15362296132402561,
        "L1PrefireDown": 0.1577389613163676,
        "PileupReweightUp": 0.1519518155524054,
        "PileupReweightDown": 0.15993415118634538,
        "MuonIDSFUp": 0.15722633763066757,
        "MuonIDSFDown": 0.15419915554825006,
        "DblMuTrigSFUp": 0.1560966559062807,
        "DblMuTrigSFDown": 0.15531159038087586,
        "JetResUp": 0.155595859702031,
        "JetResDown": 0.1556747293033697,
        "JetEnUp": 0.15725730068204688,
        "JetEnDown": 0.1556717786994227,
        "ElectronResUp": 0.1557072530635835,
        "ElectronResDown": 0.1557072530635835,
        "ElectronEnUp": 0.1557072530635835,
        "ElectronEnDown": 0.1557072530635835,
        "MuonEnUp": 0.15247788101836568,
        "MuonEnDown": 0.15718536673279526
    },
    "ttHToNonbb": {
        "Central": 0.08544248308617992,
        "Stat": 0.013730979451507464,
        "L1PrefireUp": 0.08457732671606177,
        "L1PrefireDown": 0.0862883875368608,
        "PileupReweightUp": 0.08118593323926086,
        "PileupReweightDown": 0.08941268247965833,
        "MuonIDSFUp": 0.08607770332007761,
        "MuonIDSFDown": 0.08481068762268398,
        "DblMuTrigSFUp": 0.08563107715781668,
        "DblMuTrigSFDown": 0.08525186792527967,
        "JetResUp": 0.08546547882570643,
        "JetResDown": 0.08543035761793005,
        "JetEnUp": 0.08525940177836389,
        "JetEnDown": 0.08551108158299223,
        "ElectronResUp": 0.08544248308617992,
        "ElectronResDown": 0.08544248308617992,
        "ElectronEnUp": 0.08544248308617992,
        "ElectronEnDown": 0.08544248308617992,
        "MuonEnUp": 0.08330065147272363,
        "MuonEnDown": 0.08544248308617992
    },
    "WWW": {
        "Central": 0.03101947567277861,
        "Stat": 0.005236519244602058,
        "L1PrefireUp": 0.030744877504763315,
        "L1PrefireDown": 0.031294086199275775,
        "PileupReweightUp": 0.03051975951845304,
        "PileupReweightDown": 0.03155147833487402,
        "MuonIDSFUp": 0.03132369136287541,
        "MuonIDSFDown": 0.030717402696823503,
        "DblMuTrigSFUp": 0.031100389921365115,
        "DblMuTrigSFDown": 0.030937097875207518,
        "JetResUp": 0.031056578271096712,
        "JetResDown": 0.031043618897742844,
        "JetEnUp": 0.031027077156531812,
        "JetEnDown": 0.03101837354971769,
        "ElectronResUp": 0.03101947567277861,
        "ElectronResDown": 0.03101947567277861,
        "ElectronEnUp": 0.03101947567277861,
        "ElectronEnDown": 0.03101947567277861,
        "MuonEnUp": 0.03101651076790513,
        "MuonEnDown": 0.031013635243851395
    },
    "WWZ": {
        "Central": 0.006268047681827702,
        "Stat": 0.00225167341501752,
        "L1PrefireUp": 0.006207531006951415,
        "L1PrefireDown": 0.006327768747719331,
        "PileupReweightUp": 0.005749904022437535,
        "PileupReweightDown": 0.006884725615335669,
        "MuonIDSFUp": 0.006327603122360922,
        "MuonIDSFDown": 0.006208894146637303,
        "DblMuTrigSFUp": 0.006286079955978942,
        "DblMuTrigSFDown": 0.006249718656601095,
        "JetResUp": 0.0062792244727236145,
        "JetResDown": 0.0062681032149198715,
        "JetEnUp": 0.00627053765185863,
        "JetEnDown": 0.006276779949505218,
        "ElectronResUp": 0.006268047681827702,
        "ElectronResDown": 0.006268047681827702,
        "ElectronEnUp": 0.006268047681827702,
        "ElectronEnDown": 0.006268047681827702,
        "MuonEnUp": 0.006268047681827702,
        "MuonEnDown": 0.006268047681827702
    },
    "WZZ": {
        "Central": 0.0049074738030733004,
        "Stat": 0.0011009375488539688,
        "L1PrefireUp": 0.004845413183021261,
        "L1PrefireDown": 0.004969869347117981,
        "PileupReweightUp": 0.004816076749710246,
        "PileupReweightDown": 0.004988655739743649,
        "MuonIDSFUp": 0.004946331639879238,
        "MuonIDSFDown": 0.004868841176032496,
        "DblMuTrigSFUp": 0.00491636604983306,
        "DblMuTrigSFDown": 0.004898391648771634,
        "JetResUp": 0.0049032514089269634,
        "JetResDown": 0.004902256598161138,
        "JetEnUp": 0.004900062813910847,