{
    "MuonEG": {
        "Central": 566.0,
        "Stat": 23.790754506740637
    },
    "nonprompt": {
        "Central": 206.29529133158502,
        "Stat": 12.07942913843731
    },
    "ZGToLLG": {
        "Central": 539.8019465744827,
        "Stat": 6.9793887051458485,
        "L1PrefireUp": 535.5310404336394,
        "L1PrefireDown": 544.0322454447288,
        "PileupReweightUp": 528.7057479961447,
        "PileupReweightDown": 550.3280403026936,
        "MuonIDSFUp": 543.1850037559029,
        "MuonIDSFDown": 536.4310881443758,
        "ElectronIDSFUp": 559.9321398609884,
        "ElectronIDSFDown": 520.2674179805674,
        "EMuTrigSFUp": 539.8019465744827,
        "EMuTrigSFDown": 539.8019465744827,
        "JetResUp": 539.9489062711565,
        "JetResDown": 539.982386856128,
        "JetEnUp": 539.9060044537787,
        "JetEnDown": 539.8082029662543,
        "ElectronResUp": 539.8662408311206,
        "ElectronResDown": 539.8019465744827,
        "ElectronEnUp": 540.5616726131245,
        "ElectronEnDown": 539.2283920219734,
        "MuonEnUp": 540.3429010175834,
        "MuonEnDown": 539.5821516875836
    },
    "WZTo3LNu_amcatnlo": {
        "Central": 5.466696529429486,
        "Stat": 0.3523909332400971,
        "L1PrefireUp": 5.427875297992294,
        "L1PrefireDown": 5.505088761115366,
        "PileupReweightUp": 5.37556215905114,
        "PileupReweightDown": 5.5642797671525335,
        "MuonIDSFUp": 5.505276107845521,
        "MuonIDSFDown": 5.428283273609771,
        "ElectronIDSFUp": 5.578321790592633,
        "ElectronIDSFDown": 5.35805896634934,
        "EMuTrigSFUp": 5.466696529429486,
        "EMuTrigSFDown": 5.466696529429486,
        "JetResUp": 5.457590722122437,
        "JetResDown": 5.463540998369518,
        "JetEnUp": 5.472510750667979,
        "JetEnDown": 5.468092523542437,
        "ElectronResUp": 5.466696529429486,
        "ElectronResDown": 5.466696529429486,
        "ElectronEnUp": 5.467353089804172,
        "ElectronEnDown": 5.466634601632839,
        "MuonEnUp": 5.47430222156956,
        "MuonEnDown": 5.437236324717384
    },
    "ZZTo4L_powheg": {
        "Central": 34.77463666113884,
        "Stat": 0.13660205643141932,
        "L1PrefireUp": 34.554857108262894,
        "L1PrefireDown": 34.9931977081602,
        "PileupReweightUp": 34.02994072058044,
        "PileupReweightDown": 35.49394582820369,
        "MuonIDSFUp": 34.995141595807986,
        "MuonIDSFDown": 34.55492363629883,
        "ElectronIDSFUp": 36.40135408816494,
        "ElectronIDSFDown": 33.20475404344286,
        "EMuTrigSFUp": 34.77463666113884,
        "EMuTrigSFDown": 34.77463666113884,
        "JetResUp": 34.77621095022421,
        "JetResDown": 34.77596539522106,
        "JetEnUp": 34.77739304402872,
        "JetEnDown": 34.77101044712296,
        "ElectronResUp": 34.775220109230474,
        "ElectronResDown": 34.77463666113884,
        "ElectronEnUp": 34.82984637155132,
        "ElectronEnDown": 34.725099905684445,
        "MuonEnUp": 34.842886461884284,
        "MuonEnDown": 34.70158499520275
    },
    "ttWToLNu": {
        "Central": 0.07378316849222864,
        "Stat": 0.019454323180941535,
        "L1PrefireUp": 0.0733696408799052,
        "L1PrefireDown": 0.0741959518305032,
        "PileupReweightUp": 0.07278406302656837,
        "PileupReweightDown": 0.0750821697927605,
        "MuonIDSFUp": 0.07420355586219914,
        "MuonIDSFDown": 0.0733641073395401,
        "ElectronIDSFUp": 0.07569840414939914,
        "ElectronIDSFDown": 0.07192691300984518,
        "EMuTrigSFUp": 0.07378316849222864,
        "EMuTrigSFDown": 0.07378316849222864,
        "JetResUp": 0.07261424912519082,
        "JetResDown": 0.07281050394293613,
        "JetEnUp": 0.07373181368573181,
        "JetEnDown": 0.07394576702832502,
        "ElectronResUp": 0.07378316849222864,
        "ElectronResDown": 0.07378316849222864,
        "ElectronEnUp": 0.07386370154181043,
        "ElectronEnDown": 0.07378316849222864,
        "MuonEnUp": 0.07506372790002952,
        "MuonEnDown": 0.07377922064556189
    },
    "ttZToLLNuNu": {
        "Central": 0.14470755043158443,
        "Stat": 0.022989237774869917,
        "L1PrefireUp": 0.1433241520737227,
        "L1PrefireDown": 0.1460561804558155,
        "PileupReweightUp": 0.14235245851115982,
        "PileupReweightDown": 0.1475207988597062,
        "MuonIDSFUp": 0.14575308028992576,
        "MuonIDSFDown": 0.14366675917506502,
        "ElectronIDSFUp": 0.1472075290732965,
        "ElectronIDSFDown": 0.1422790957029522,
        "EMuTrigSFUp": 0.14470755043158443,
        "EMuTrigSFDown": 0.14470755043158443,
        "JetResUp": 0.14449721098732637,
        "JetResDown": 0.1455240076298291,
        "JetEnUp": 0.14538307860638472,
        "JetEnDown": 0.14471111183802435,
        "ElectronResUp": 0.14470755043158443,
        "ElectronResDown": 0.14470755043158443,
        "ElectronEnUp": 0.1463352694098444,
        "ElectronEnDown": 0.14693842021374146,
        "MuonEnUp": 0.14477126189461698,
        "MuonEnDown": 0.14639903216262098
    },
    "ttHToNonbb": {
        "Central": 0.12651205360337447,
        "Stat": 0.015723268226993197,
        "L1PrefireUp": 0.125450149728096,
        "L1PrefireDown": 0.12755388656363764,
        "PileupReweightUp": 0.1225984504864244,
        "PileupReweightDown": 0.1315990149606811,
        "MuonIDSFUp": 0.12714939546266452,
        "MuonIDSFDown": 0.1258764872872082,
        "ElectronIDSFUp": 0.128804516235593,
        "ElectronIDSFDown": 0.12427548325251477,
        "EMuTrigSFUp": 0.12651205360337447,
        "EMuTrigSFDown": 0.12651205360337447,
        "JetResUp": 0.12746100877270472,
        "JetResDown": 0.1265249706189673,
        "JetEnUp": 0.12628029005259986,
        "JetEnDown": 0.12658294904283232,
        "ElectronResUp": 0.12651205360337447,
        "ElectronResDown": 0.12651205360337447,
        "ElectronEnUp": 0.1307212199347203,
        "ElectronEnDown": 0.12651205360337447,
        "MuonEnUp": 0.1284207669062199,
        "MuonEnDown": 0.12651205360337447
    },
    "WWW": {
        "Central": 0.036747621017490975,
        "Stat": 0.005715439175640632,
        "L1PrefireUp": 0.03649552403407199,
        "L1PrefireDown": 0.036997048899874076,
        "PileupReweightUp": 0.036868201580757085,
        "PileupReweightDown": 0.036481672788149976,
        "MuonIDSFUp": 0.03695908959382844,
        "MuonIDSFDown": 0.03653686409164386,
        "ElectronIDSFUp": 0.03776007855307369,
        "ElectronIDSFDown": 0.035769805971596486,
        "EMuTrigSFUp": 0.036747621017490975,
        "EMuTrigSFDown": 0.036747621017490975,
        "JetResUp": 0.03673527915139553,
        "JetResDown": 0.03675030497298433,
        "JetEnUp": 0.03670120700754542,
        "JetEnDown": 0.03677536618185239,
        "ElectronResUp": 0.036747621017490975,
        "ElectronResDown": 0.036747621017490975,
        "ElectronEnUp": 0.036747621017490975,
        "ElectronEnDown": 0.036747621017490975,
        "MuonEnUp": 0.03602891535812369,
        "MuonEnDown": 0.036747621017490975
    },
    "WWZ": {
        "Central": 0.014329481194979588,
        "Stat": 0.00327672038778807,
        "L1PrefireUp": 0.014219267350711018,
        "L1PrefireDown": 0.014439811244158593,
        "PileupReweightUp": 0.013790893885771208,
        "PileupReweightDown": 0.014952420122235617,
        "MuonIDSFUp": 0.014429559003564879,
        "MuonIDSFDown": 0.014229845188339066,
        "ElectronIDSFUp": 0.01458178269467172,
        "ElectronIDSFDown": 0.014081885753730816,
        "EMuTrigSFUp": 0.014329481194979588,
        "EMuTrigSFDown": 0.014329481194979588,
        "JetResUp": 0.014355385633430856,
        "JetResDown": 0.01432904918188024,
        "JetEnUp": 0.014329223971010888,
        "JetEnDown": 0.014329769055972276,
        "ElectronResUp": 0.014329481194979588,
        "ElectronResDown": 0.014329481194979588,
        "ElectronEnUp": 0.014329481194979588,
        "ElectronEnDown": 0.014329481194979588,