{
    "DoubleMuon": {
        "Central": 219.0,
        "Stat": 14.798648586948742
    },
    "nonprompt": {
        "Central": 67.42375974532823,
        "Stat": 6.6308472409869115
    },
    "DYJets": {
        "Central": 82.04445105585407,
        "Stat": 16.073507982425937,
        "L1PrefireUp": 81.40814652362506,
        "L1PrefireDown": 82.61548043251507,
        "PileupReweightUp": 77.36860473122229,
        "PileupReweightDown": 87.01399534527906,
        "MuonIDSFUp": 83.29719268785732,
        "MuonIDSFDown": 80.80366451233104,
        "DblMuTrigSFUp": 82.39204014658529,
        "DblMuTrigSFDown": 81.69239976650616,
        "JetResUp": 82.08372340876419,
        "JetResDown": 82.12318972036044,
        "JetEnUp": 82.05934244651138,
        "JetEnDown": 82.04852277726629,
        "ElectronResUp": 82.04445105585407,
        "ElectronResDown": 82.04445105585407,
        "ElectronEnUp": 82.04445105585407,
        "ElectronEnDown": 82.04445105585407,
        "MuonEnUp": 82.04445105585407,
        "MuonEnDown": 82.03867501065423
    },
    "WZTo3LNu_amcatnlo": {
        "Central": 8.43120177476864,
        "Stat": 0.4454177505498031,
        "L1PrefireUp": 8.364785620141,
        "L1PrefireDown": 8.491384795363485,
        "PileupReweightUp": 8.238918694849696,
        "PileupReweightDown": 8.594628526508062,
        "MuonIDSFUp": 8.574624376505668,
        "MuonIDSFDown": 8.28925052773525,
        "DblMuTrigSFUp": 8.46794471412395,
        "DblMuTrigSFDown": 8.393863536867464,
        "JetResUp": 8.441716988878738,
        "JetResDown": 8.443484464531213,
        "JetEnUp": 8.442808458182402,
        "JetEnDown": 8.441204615686923,
        "ElectronResUp": 8.43120177476864,
        "ElectronResDown": 8.43120177476864,
        "ElectronEnUp": 8.43120177476864,
        "ElectronEnDown": 8.43120177476864,
        "MuonEnUp": 8.413207388563821,
        "MuonEnDown": 8.452013694038543
    },
    "ZZTo4L_powheg": {
        "Central": 67.74100913844786,
        "Stat": 0.19741332103680845,
        "L1PrefireUp": 67.19628406815475,
        "L1PrefireDown": 68.21863286768183,
        "PileupReweightUp": 66.6223022465357,
        "PileupReweightDown": 68.80040329485296,
        "MuonIDSFUp": 68.85052258601827,
        "MuonIDSFDown": 66.64196661823388,
        "DblMuTrigSFUp": 68.02324382761077,
        "DblMuTrigSFDown": 67.4545304891502,
        "JetResUp": 67.73501436920033,
        "JetResDown": 67.74678228011346,
        "JetEnUp": 67.7395660882279,
        "JetEnDown": 67.74236744724928,
        "ElectronResUp": 67.74100913844786,
        "ElectronResDown": 67.74100913844786,
        "ElectronEnUp": 67.74100913844786,
        "ElectronEnDown": 67.74100913844786,
        "MuonEnUp": 67.81982399678242,
        "MuonEnDown": 67.64192209220265
    },
    "ttWToLNu": {
        "Central": 0.00882357606675423,
        "Stat": 0.010546062383406146,
        "L1PrefireUp": 0.008641023362943742,
        "L1PrefireDown": 0.009017461754798558,
        "PileupReweightUp": 0.008888634958030417,
        "PileupReweightDown": 0.00857004006809485,
        "MuonIDSFUp": 0.009022830846274619,
        "MuonIDSFDown": 0.008625954645612688,
        "DblMuTrigSFUp": 0.008854920576254801,
        "DblMuTrigSFDown": 0.008791461026373716,
        "JetResUp": 0.00877928483180063,
        "JetResDown": 0.008817910662042704,
        "JetEnUp": 0.008832407415010563,
        "JetEnDown": 0.008808187664430948,
        "ElectronResUp": 0.00882357606675423,
        "ElectronResDown": 0.00882357606675423,
        "ElectronEnUp": 0.00882357606675423,
        "ElectronEnDown": 0.00882357606675423,
        "MuonEnUp": 0.00882357606675423,
        "MuonEnDown": 0.00882357606675423
    },
    "ttZToLLNuNu": {
        "Central": 0.10015608118508312,
        "Stat": 0.017665011221460854,
        "L1PrefireUp": 0.09918830126824842,
        "L1PrefireDown": 0.10101178421224123,
        "PileupReweightUp": 0.09827717341787594,
        "PileupReweightDown": 0.10162812759403654,
        "MuonIDSFUp": 0.10202570862447341,
        "MuonIDSFDown": 0.0983065720637719,
        "DblMuTrigSFUp": 0.10057584195583405,
        "DblMuTrigSFDown": 0.09972715514431953,
        "JetResUp": 0.10018255102317328,
        "JetResDown": 0.1001622166598793,
        "JetEnUp": 0.10002274432755869,
        "JetEnDown": 0.10034087691933737,
        "ElectronResUp": 0.10015608118508312,
        "ElectronResDown": 0.10015608118508312,
        "ElectronEnUp": 0.10015608118508312,
        "ElectronEnDown": 0.10015608118508312,
        "MuonEnUp": 0.10014628540487891,
        "MuonEnDown": 0.09819716012663597
    },
    "ttHToNonbb": {
        "Central": 0.03474965053309676,
        "Stat": 0.008914234130570192,
        "L1PrefireUp": 0.034456442429228205,
        "L1PrefireDown": 0.03500215143398458,
        "PileupReweightUp": 0.033346160542828795,
        "PileupReweightDown": 0.03616740860543527,
        "MuonIDSFUp": 0.035244815072792327,
        "MuonIDSFDown": 0.03425755983146287,
        "DblMuTrigSFUp": 0.0349018909524484,
        "DblMuTrigSFDown": 0.0345955447640814,
        "JetResUp": 0.03469168631139781,
        "JetResDown": 0.03472389666396724,
        "JetEnUp": 0.03474716531017045,
        "JetEnDown": 0.03478001807980522,
        "ElectronResUp": 0.03474965053309676,
        "ElectronResDown": 0.03474965053309676,
        "ElectronEnUp": 0.03474965053309676,
        "ElectronEnDown": 0.03474965053309676,
        "MuonEnUp": 0.03474965053309676,
        "MuonEnDown": 0.03474965053309676
    },
    "WWW": {
        "Central": 0.008395058301487813,
        "Stat": 0.0030484864817086543,
        "L1PrefireUp": 0.00831032125835889,
        "L1PrefireDown": 0.00847309294934318,
        "PileupReweightUp": 0.007969626033384832,
        "PileupReweightDown": 0.00880503521811957,
        "MuonIDSFUp": 0.008527797333856411,
        "MuonIDSFDown": 0.00826347219743779,
        "DblMuTrigSFUp": 0.00842783898407311,
        "DblMuTrigSFDown": 0.008362031655494737,
        "JetResUp": 0.008407202178732875,
        "JetResDown": 0.008392061129465868,
        "JetEnUp": 0.00839455653228375,
        "JetEnDown": 0.00839557925394023,
        "ElectronResUp": 0.008395058301487813,
        "ElectronResDown": 0.008395058301487813,
        "ElectronEnUp": 0.008395058301487813,
        "ElectronEnDown": 0.008395058301487813,
        "MuonEnUp": 0.008395058301487813,
        "MuonEnDown": 0.008395058301487813
    },
    "WWZ": {
        "Central": 0.0038987202362103894,
        "Stat": 0.0017758894546591243,
        "L1PrefireUp": 0.003855021865096284,
        "L1PrefireDown": 0.0039321524028895025,
        "PileupReweightUp": 0.0038381821457386146,
        "PileupReweightDown": 0.003951405260706076,
        "MuonIDSFUp": 0.0039503325148682695,
        "MuonIDSFDown": 0.003847582277826998,
        "DblMuTrigSFUp": 0.003918801405387003,
        "DblMuTrigSFDown": 0.0038784458556162553,
        "JetResUp": 0.0038974722678318105,
        "JetResDown": 0.003900020351990227,
        "JetEnUp": 0.0038970021505026877,
        "JetEnDown": 0.0039005033091446912,
        "ElectronResUp": 0.0038987202362103894,
        "ElectronResDown": 0.0038987202362103894,
        "ElectronEnUp": 0.0038987202362103894,
        "ElectronEnDown": 0.0038987202362103894,
        "MuonEnUp": 0.0038987202362103894,
        "MuonEnDown": 0.0038987202362103894
    },
    "WZZ": {
        "Central": 0.0023546890726197606,
        "Stat": 0.0007523361169111106,
        "L1PrefireUp": 0.002333553406959137,
        "L1PrefireDown": 0.002374435723900967,
        "PileupReweightUp": 0.0022569472186845956,
        "PileupReweightDown": 0.002441770505902546,
        "MuonIDSFUp": 0.0023857289373800587,
        "MuonIDSFDown": 0.0023238708087498275,
        "DblMuTrigSFUp": 0.0023631541944236167,
        "DblMuTrigSFDown": 0.0023459919347305876,
        "JetResUp": 0.0023598417870513214,
        "JetResDown": 0.0023565917108957337,