{
    "DoubleMuon": {
        "Central": 397.0,
        "Stat": 19.924858845171276
    },
    "nonprompt": {
        "Central": 84.24470897751168,
        "Stat": 6.902374772540788
    },
    "DYJets": {
        "Central": 82.04445105585407,
        "Stat": 16.073507982425937,
        "L1PrefireUp": 81.40814652362508,
        "L1PrefireDown": 82.61548043251507,
        "PileupReweightUp": 77.36860473122229,
        "PileupReweightDown": 87.01399534527908,
        "MuonIDSFUp": 83.29719268785732,
        "MuonIDSFDown": 80.80366451233104,
        "DblMuTrigSFUp": 82.39204014658529,
        "DblMuTrigSFDown": 81.69239976650616,
        "JetResUp": 82.08372340876419,
        "JetResDown": 82.12318972036044,
        "JetEnUp": 82.0593424465114,
        "JetEnDown": 82.04852277726629,
        "ElectronResUp": 82.04445105585407,
        "ElectronResDown": 82.04445105585407,
        "ElectronEnUp": 82.04445105585407,
        "ElectronEnDown": 82.04445105585407,
        "MuonEnUp": 82.04445105585407,
        "MuonEnDown": 82.03867501065423
    },
    "DYJets10to50_MG": {
        "Central": null,
        "Stat": null,
        "L1PrefireUp": null,
        "L1PrefireDown": null,
        "PileupReweightUp": null,
        "PileupReweightDown": null,
        "MuonIDSFUp": null,
        "MuonIDSFDown": null,
        "DblMuTrigSFUp": null,
        "DblMuTrigSFDown": null,
        "JetResUp": null,
        "JetResDown": null,
        "JetEnUp": null,
        "JetEnDown": null,
        "ElectronResUp": null,
        "ElectronResDown": null,
        "ElectronEnUp": null,
        "ElectronEnDown": null,
        "MuonEnUp": null,
        "MuonEnDown": null
    },
    "ZGToLLG": {
        "Central": 94.50567460506947,
        "Stat": 2.957491887687744,
        "L1PrefireUp": 93.67864765289397,
        "L1PrefireDown": 95.30031793776463,
        "PileupReweightUp": 93.34349874255412,
        "PileupReweightDown": 95.64876481335824,
        "MuonIDSFUp": 95.54624782521249,
        "MuonIDSFDown": 93.47302053142289,
        "DblMuTrigSFUp": 94.77086313031108,
        "DblMuTrigSFDown": 94.23779553455604,
        "JetResUp": 94.49805377570758,
        "JetResDown": 94.6357890880957,
        "JetEnUp": 94.4754640806421,
        "JetEnDown": 94.52812050819284,
        "ElectronResUp": 94.50567460506947,
        "ElectronResDown": 94.50567460506947,
        "ElectronEnUp": 94.50567460506947,
        "ElectronEnDown": 94.50567460506947,
        "MuonEnUp": 94.85308026899473,
        "MuonEnDown": 94.24777196806153
    },
    "TTG": {
        "Central": -0.13450998560012778,
        "Stat": 0.13450998560012778,
        "L1PrefireUp": -0.13370356306437686,
        "L1PrefireDown": -0.135319539350015,
        "PileupReweightUp": -0.1364552845972873,
        "PileupReweightDown": -0.12944240478125754,
        "MuonIDSFUp": -0.13571115412984952,
        "MuonIDSFDown": -0.1333139038115149,
        "DblMuTrigSFUp": -0.13499063230570282,
        "DblMuTrigSFDown": -0.13402760377133494,
        "JetResUp": -0.1345143003735085,
        "JetResDown": -0.1345054068071262,
        "JetEnUp": -0.13225258206556648,
        "JetEnDown": -0.13443663097952585,
        "ElectronResUp": -0.13450998560012778,
        "ElectronResDown": -0.13450998560012778,
        "ElectronEnUp": -0.13450998560012778,
        "ElectronEnDown": -0.13450998560012778,
        "MuonEnUp": -0.13450998560012778,
        "MuonEnDown": -0.13450998560012778
    },
    "WZTo3LNu_amcatnlo": {
        "Central": 16.140705849588283,
        "Stat": 0.6296486970670024,
        "L1PrefireUp": 16.006420500194725,
        "L1PrefireDown": 16.269009647431457,
        "PileupReweightUp": 15.878586558889799,
        "PileupReweightDown": 16.356409504008912,
        "MuonIDSFUp": 16.364180355423507,
        "MuonIDSFDown": 15.919299321979848,
        "DblMuTrigSFUp": 16.197615900154425,
        "DblMuTrigSFDown": 16.08297609083838,
        "JetResUp": 16.13647223304075,
        "JetResDown": 16.146793540798825,
        "JetEnUp": 16.14688307901554,
        "JetEnDown": 16.15126647825974,
        "ElectronResUp": 16.140705849588283,
        "ElectronResDown": 16.140705849588283,
        "ElectronEnUp": 16.140705849588283,
        "ElectronEnDown": 16.140705849588283,
        "MuonEnUp": 16.107156683921076,
        "MuonEnDown": 16.1450726034251
    },
    "ZZTo4L_powheg": {
        "Central": 125.87910660194002,
        "Stat": 0.2679500905640898,
        "L1PrefireUp": 124.83526419525217,
        "L1PrefireDown": 126.83752138321546,
        "PileupReweightUp": 123.7897163527023,
        "PileupReweightDown": 127.87160073377835,
        "MuonIDSFUp": 127.63246520490233,
        "MuonIDSFDown": 124.1411516734868,
        "DblMuTrigSFUp": 126.32495113668865,
        "DblMuTrigSFDown": 125.42730445140558,
        "JetResUp": 125.87327747123787,
        "JetResDown": 125.88914000148594,
        "JetEnUp": 125.87810991014713,
        "JetEnDown": 125.87897138298773,
        "ElectronResUp": 125.87910660194002,
        "ElectronResDown": 125.87910660194002,
        "ElectronEnUp": 125.87910660194002,
        "ElectronEnDown": 125.87910660194002,
        "MuonEnUp": 126.13189693548746,
        "MuonEnDown": 125.62326536509266
    },
    "ttWToLNu": {
        "Central": 0.052067306638585664,
        "Stat": 0.02001776185669121,
        "L1PrefireUp": 0.05158484186919524,
        "L1PrefireDown": 0.0525585638728156,
        "PileupReweightUp": 0.04897100017998942,
        "PileupReweightDown": 0.05467676152618383,
        "MuonIDSFUp": 0.052543082189285197,
        "MuonIDSFDown": 0.05159413687685603,
        "DblMuTrigSFUp": 0.05217806837583683,
        "DblMuTrigSFDown": 0.051954899774972224,
        "JetResUp": 0.05210518756512688,
        "JetResDown": 0.051916796321386294,
        "JetEnUp": 0.051973377475784496,
        "JetEnDown": 0.050836207719123144,
        "ElectronResUp": 0.052067306638585664,
        "ElectronResDown": 0.052067306638585664,
        "ElectronEnUp": 0.052067306638585664,
        "ElectronEnDown": 0.052067306638585664,
        "MuonEnUp": 0.052066035536587604,
        "MuonEnDown": 0.0543870532019646
    },
    "ttZToLLNuNu": {
        "Central": 0.2558633342486666,
        "Stat": 0.02927307159283707,
        "L1PrefireUp": 0.252811262592274,
        "L1PrefireDown": 0.2587507455286088,
        "PileupReweightUp": 0.2502289889702813,
        "PileupReweightDown": 0.2615622787803819,
        "MuonIDSFUp": 0.2592520462551409,
        "MuonIDSFDown": 0.25250572761202195,
        "DblMuTrigSFUp": 0.2566724978621147,
        "DblMuTrigSFDown": 0.25503874552519545,
        "JetResUp": 0.2557784107252043,
        "JetResDown": 0.255836945963249,
        "JetEnUp": 0.2572800450096055,
        "JetEnDown": 0.25601265561876,
        "ElectronResUp": 0.2558633342486666,
        "ElectronResDown": 0.2558633342486666,
        "ElectronEnUp": 0.2558633342486666,
        "ElectronEnDown": 0.2558633342486666,
        "MuonEnUp": 0.2526241664232446,
        "MuonEnDown": 0.25538252685943125
    },
    "ttHToNonbb": {
        "Central": 0.12019213361927669,
        "Stat": 0.016370808374431077,
        "L1PrefireUp": 0.11903376914528997,
        "L1PrefireDown": 0.12129053897084541,
        "PileupReweightUp": 0.11453209378208966,
        "PileupReweightDown": 0.1255800910850936,
        "MuonIDSFUp": 0.12132251839286995,
        "MuonIDSFDown": 0.11906824745414687,
        "DblMuTrigSFUp": 0.1205329681102651,
        "DblMuTrigSFDown": 0.1198474126893611,
        "JetResUp": 0.12015716513710425,
        "JetResDown": 0.12015425428189727,
        "JetEnUp": 0.12000656708853433,
        "JetEnDown": 0.12029109966279747,
        "ElectronResUp": 0.12019213361927669,
        "ElectronResDown": 0.12019213361927669,
        "ElectronEnUp": 0.12019213361927669,
        "ElectronEnDown": 0.12019213361927669,
        "MuonEnUp": 0.1180503020058204,
        "MuonEnDown": 0.12019213361927669
    },