{
    "MuonEG": {
        "Central": 754.0,
        "Stat": 27.459060435491963
    },
    "nonprompt": {
        "Central": 268.2167264391623,
        "Stat": 13.568346903989733
    },
    "DYJets": {
        "Central": 200.57721819206705,
        "Stat": 23.825610244085723,
        "L1PrefireUp": 198.8619856753394,
        "L1PrefireDown": 202.21490174789972,
        "PileupReweightUp": 194.56916863069088,
        "PileupReweightDown": 206.97504807705485,
        "MuonIDSFUp": 203.12092947893672,
        "MuonIDSFDown": 198.04528255406024,
        "ElectronIDSFUp": 204.08376217907875,
        "ElectronIDSFDown": 197.14904073525162,
        "EMuTrigSFUp": 200.57721819206705,
        "EMuTrigSFDown": 200.57721819206705,
        "JetResUp": 200.5532386807338,
        "JetResDown": 200.61656916034354,
        "JetEnUp": 200.68875552739078,
        "JetEnDown": 200.58964172559004,
        "ElectronResUp": 200.57721819206705,
        "ElectronResDown": 200.57721819206705,
        "ElectronEnUp": 200.57721819206705,
        "ElectronEnDown": 200.5084906549119,
        "MuonEnUp": 200.57721819206705,
        "MuonEnDown": 200.57894356574366
    },
    "DYJets10to50_MG": {
        "Central": null,
        "Stat": null,
        "L1PrefireUp": null,
        "L1PrefireDown": null,
        "PileupReweightUp": null,
        "PileupReweightDown": null,
        "MuonIDSFUp": null,
        "MuonIDSFDown": null,
        "ElectronIDSFUp": null,
        "ElectronIDSFDown": null,
        "EMuTrigSFUp": null,
        "EMuTrigSFDown": null,
        "JetResUp": null,
        "JetResDown": null,
        "JetEnUp": null,
        "JetEnDown": null,
        "ElectronResUp": null,
        "ElectronResDown": null,
        "ElectronEnUp": null,
        "ElectronEnDown": null,
        "MuonEnUp": null,
        "MuonEnDown": null
    },
    "ZGToLLG": {
        "Central": 539.8019465744827,
        "Stat": 6.9793887051458485,
        "L1PrefireUp": 535.5310404336394,
        "L1PrefireDown": 544.0322454447288,
        "PileupReweightUp": 528.7057479961447,
        "PileupReweightDown": 550.3280403026936,
        "MuonIDSFUp": 543.1850037559029,
        "MuonIDSFDown": 536.4310881443758,
        "ElectronIDSFUp": 559.9321398609884,
        "ElectronIDSFDown": 520.2674179805674,
        "EMuTrigSFUp": 539.8019465744827,
        "EMuTrigSFDown": 539.8019465744827,
        "JetResUp": 539.9489062711565,
        "JetResDown": 539.982386856128,
        "JetEnUp": 539.9060044537787,
        "JetEnDown": 539.8082029662543,
        "ElectronResUp": 539.8662408311206,
        "ElectronResDown": 539.8019465744827,
        "ElectronEnUp": 540.5616726131245,
        "ElectronEnDown": 539.2283920219734,
        "MuonEnUp": 540.3429010175834,
        "MuonEnDown": 539.5821516875836
    },
    "TTG": {
        "Central": null,
        "Stat": null,
        "L1PrefireUp": null,
        "L1PrefireDown": null,
        "PileupReweightUp": null,
        "PileupReweightDown": null,
        "MuonIDSFUp": null,
        "MuonIDSFDown": null,
        "ElectronIDSFUp": null,
        "ElectronIDSFDown": null,
        "EMuTrigSFUp": null,
        "EMuTrigSFDown": null,
        "JetResUp": null,
        "JetResDown": null,
        "JetEnUp": null,
        "JetEnDown": null,
        "ElectronResUp": null,
        "ElectronResDown": null,
        "ElectronEnUp": null,
        "ElectronEnDown": null,
        "MuonEnUp": null,
        "MuonEnDown": null
    },
    "WZTo3LNu_amcatnlo": {
        "Central": 9.802736961437192,
        "Stat": 0.462513596962105,
        "L1PrefireUp": 9.737660555604363,
        "L1PrefireDown": 9.863878739375055,
        "PileupReweightUp": 9.598422588868418,
        "PileupReweightDown": 9.972133344972029,
        "MuonIDSFUp": 9.90467715314349,
        "MuonIDSFDown": 9.701386347869978,
        "ElectronIDSFUp": 9.962695321047299,
        "ElectronIDSFDown": 9.646478625989838,
        "EMuTrigSFUp": 9.802736961437192,
        "EMuTrigSFDown": 9.802736961437192,
        "JetResUp": 9.793864073602347,
        "JetResDown": 9.793831716863146,
        "JetEnUp": 9.799127736797818,
        "JetEnDown": 9.806156420652682,
        "ElectronResUp": 9.802736961437192,
        "ElectronResDown": 9.802736961437192,
        "ElectronEnUp": 9.78717139416864,
        "ElectronEnDown": 9.787313499085823,
        "MuonEnUp": 9.825784387209875,
        "MuonEnDown": 9.774305216454566
    },
    "ZZTo4L_powheg": {
        "Central": 45.437900171354755,
        "Stat": 0.15616795957700902,
        "L1PrefireUp": 45.15514706857191,
        "L1PrefireDown": 45.71257416115141,
        "PileupReweightUp": 44.44404614119811,
        "PileupReweightDown": 46.3996924517613,
        "MuonIDSFUp": 45.79235625935907,
        "MuonIDSFDown": 45.0848654174481,
        "ElectronIDSFUp": 47.33786628303529,
        "ElectronIDSFDown": 43.60268902691502,
        "EMuTrigSFUp": 45.437900171354755,
        "EMuTrigSFDown": 45.437900171354755,
        "JetResUp": 45.43746225533638,
        "JetResDown": 45.437827910616335,
        "JetEnUp": 45.443257517284955,
        "JetEnDown": 45.431981555791275,
        "ElectronResUp": 45.438904673611276,
        "ElectronResDown": 45.437900171354755,
        "ElectronEnUp": 45.515854238767126,
        "ElectronEnDown": 45.37071001727145,
        "MuonEnUp": 45.52106028138157,
        "MuonEnDown": 45.354223306885906
    },
    "ttWToLNu": {
        "Central": 0.08764668233213649,
        "Stat": 0.021786321881721908,
        "L1PrefireUp": 0.08709425406131048,
        "L1PrefireDown": 0.08819268525062061,
        "PileupReweightUp": 0.08493486704549787,
        "PileupReweightDown": 0.08980920862473354,
        "MuonIDSFUp": 0.08812451311195425,
        "MuonIDSFDown": 0.08716990847356246,
        "ElectronIDSFUp": 0.08971884457585184,
        "ElectronIDSFDown": 0.08563409487469383,
        "EMuTrigSFUp": 0.08764668233213649,
        "EMuTrigSFDown": 0.08764668233213649,
        "JetResUp": 0.08644514871122981,
        "JetResDown": 0.08665925794680371,
        "JetEnUp": 0.08760008950160801,
        "JetEnDown": 0.08783779643428959,
        "ElectronResUp": 0.08764668233213649,
        "ElectronResDown": 0.08764668233213649,
        "ElectronEnUp": 0.0877272153817183,
        "ElectronEnDown": 0.08764840647637694,
        "MuonEnUp": 0.08894087259666532,
        "MuonEnDown": 0.08764273448546973
    },
    "ttZToLLNuNu": {
        "Central": 0.2066025079566996,
        "Stat": 0.02697203599100418,
        "L1PrefireUp": 0.20482236547047541,
        "L1PrefireDown": 0.20827964678997526,
        "PileupReweightUp": 0.20291799320909285,
        "PileupReweightDown": 0.2108807593623886,
        "MuonIDSFUp": 0.2082470777191808,
        "MuonIDSFDown": 0.2049643769001076,
        "ElectronIDSFUp": 0.21048806280386245,
        "ElectronIDSFDown": 0.20282515333597656,
        "EMuTrigSFUp": 0.2066025079566996,
        "EMuTrigSFDown": 0.2066025079566996,
        "JetResUp": 0.20632595083043978,
        "JetResDown": 0.20748305806824058,
        "JetEnUp": 0.20723910218661715,
        "JetEnDown": 0.20657878713323144,
        "ElectronResUp": 0.2066025079566996,
        "ElectronResDown": 0.2066025079566996,
        "ElectronEnUp": 0.20821889811518288,
        "ElectronEnDown": 0.2088333777388566,
        "MuonEnUp": 0.20666621941973215,
        "MuonEnDown": 0.20829398968773613
    },
    "ttHToNonbb": {
        "Central": 0.1619097923215905,
        "Stat": 0.01777631797557336,
        "L1PrefireUp": 0.16062131948374603,
        "L1PrefireDown": 0.1631363038785854,
        "PileupReweightUp": 0.1585545548589964,
        "PileupReweightDown": 0.16634685538747546,
        "MuonIDSFUp": 0.16299605721612376,
        "MuonIDSFDown": 0.16082738935833882,
        "ElectronIDSFUp": 0.16456464672007895,
        "ElectronIDSFDown": 0.15931278104914262,
        "EMuTrigSFUp": 0.1619097923215905,
        "EMuTrigSFDown": 0.1619097923215905,
        "JetResUp": 0.16287392929611016,