,loss/train,loss/valid,acc/train,acc/valid
0,0.0006790487659986403,0.000677347466998788,0.5561909321417806,0.5564391722963987
1,0.000649009399499289,0.0006490617188324769,0.6215534514247212,0.6191885206659928
2,0.0005799291005871774,0.0005784006102192027,0.6961673493270919,0.6959346241821374
3,0.0006059257538096225,0.0006021199169973913,0.6682314662127418,0.6713721474546518
4,0.0007310145091132868,0.0007297367815058487,0.5247841197226802,0.5241036757274323
5,0.0006194006363178801,0.0006177316909394649,0.6510098054861074,0.6509654768870684
6,0.0005957841247498258,0.0005948808728060105,0.6812374771707715,0.6795308261077717
7,0.0006017144270386448,0.0005986751809488732,0.6731696721456815,0.6749893611362306
8,0.0006432968163415469,0.0006427389244442513,0.6304014397928968,0.6295348156816852
9,0.0005989909422537755,0.0005980874348101486,0.6779704594216004,0.6777222192669823
