,loss/train,loss/valid,acc/train,acc/valid
0,0.0006629240515828878,0.000663872167468071,0.6033383345836459,0.594
1,0.0006517380826262779,0.0006581053435802459,0.6338459614903726,0.62275
