,loss/train,loss/valid,acc/train,acc/valid
0,0.0005690777915761417,0.0005745674940633738,0.7101077072250321,0.7081946591891821
1,0.0005617281609215843,0.0005665628924403926,0.718052534570263,0.7163906286852381
2,0.0005509041522647775,0.0005569837185136833,0.7315050184753269,0.7278951230378155
3,0.0005492397265200714,0.0005559317021566247,0.7340732199481118,0.7297361041956026
4,0.0005430787239680182,0.0005486794816750695,0.7410746263441564,0.7386134332660709
5,0.0005439491123040446,0.000549035555736746,0.738200686600802,0.7354817998375219
6,0.0005335459433566874,0.0005400470674479981,0.7507228526254182,0.7457283995911843
7,0.0005302710972357776,0.0005374335203784582,0.7559684478104772,0.7504192981996384
8,0.0005275311426253874,0.0005343943354378,0.7586545769019104,0.7543371157525093
9,0.0005330537258914852,0.0005395409336673404,0.752950374310997,0.747543174611494
10,0.0005412219820356895,0.0005485379442690916,0.7444770565266385,0.7387575670221966
11,0.0005363163578946293,0.0005420903907875248,0.7483905063899299,0.7448570455200608
12,0.000538333395381187,0.0005448204491691346,0.7454030067175066,0.7406837181267852
13,0.0005429933558316205,0.0005486546609851498,0.740585445111245,0.7375127754920202
14,0.0005319356554907879,0.000538509376094215,0.7526009591446317,0.7487683115385624
15,0.0005307494508429436,0.0005371926279699544,0.7542475781161281,0.7496986294190099
