{
  "expected": 0.8942140692783036,
  "up": 0.8951429054144235,
  "down": 0.8932857483475638,
  "observed": 0.8937938616339594,
  "difference": -0.0004699183996102732
}