{
  "expected": 0.8965213358731742,
  "up": 0.8981129674956798,
  "down": 0.8949310575255565,
  "observed": 0.9050964019543579,
  "difference": 0.009564820978668613
}