,loss/train,loss/valid,acc/train,acc/valid
0,0.000591753575531552,0.0005944776805978159,0.6827808003254182,0.679952458432908
1,0.000594378629712072,0.0005964259038120849,0.6818528499516957,0.680588040880663
2,0.0005830829474294034,0.0005849899664743215,0.6916323452144879,0.6897722072507245
3,0.0005926449893056368,0.0005941549310839618,0.6817723428416468,0.6801558448161895
4,0.0005826248056078254,0.0005859486887892255,0.6943695869561533,0.6915581939289165
5,0.0005743955010000026,0.0005771852766436457,0.7038609515092965,0.7001449127980882
6,0.0006263932132274021,0.0006266265051362596,0.649166963271809,0.649431789291707
7,0.0006061144275052356,0.0006118162609525027,0.6708996457687157,0.6632874866527686
8,0.0006031854202968747,0.000605196293371273,0.6696835646853443,0.6690839985762953
9,0.0005884712187832217,0.0005922899519220671,0.6884925679225776,0.6833019779325774
10,0.0005868349305589458,0.000591358194064129,0.6846917848850019,0.677162251487263
11,0.0006068638924455177,0.0006122821129840688,0.66914967542923,0.6624103828748665
12,0.0005860396748738673,0.0005883985462941302,0.6904205013474348,0.688151472008949
