,loss/train,loss/valid,acc/train,acc/valid
0,0.0004926321400102278,0.0004918710633768922,0.8028950565904155,0.8049137510404408
1,0.0004701425111199245,0.00047180843094604333,0.8255599246098945,0.8250839528142131
2,0.00047133590405168196,0.0004722680195642973,0.8247467064665194,0.825736919146982
3,0.0004751260336402769,0.000475025711657721,0.8204414339427686,0.8218406475129876
4,0.0005295036644803902,0.0005340296791675618,0.7596988222687829,0.7549510634023133
5,0.00047785596335195296,0.0004772799958992092,0.8182983649531682,0.8202118194081686
6,0.0006049176598920942,0.0006109649060305634,0.6778316734115937,0.673036078183749
7,0.0004656547638886458,0.00046781990340846724,0.8301474316657578,0.8289299962687638
8,0.00046172469328865923,0.00046193068145915255,0.8350219568898711,0.8364642231853276
9,0.0004810174696002241,0.0004807204627825805,0.8146580178525301,0.8163155477741741
10,0.0004669472776344734,0.0004690117544450544,0.8288654171809076,0.8280904681266325
11,0.00046574865461938917,0.000466386675244443,0.8312620188857954,0.8320226170316581
12,0.0004664072583438702,0.0004691047302747525,0.8292672426164576,0.8268060618237134
13,0.0005127744453173206,0.0005186046930375081,0.777063421447911,0.7713756780804225
14,0.0005002791712104641,0.0004993552781883342,0.7936674224811764,0.7967552596079331
15,0.0004774147250041161,0.00048144381149146156,0.8170976722826555,0.8142705433253925
