{
  "expected": 0.9880479806031461,
  "up": 0.9883538786763438,
  "down": 0.9877360198918624,
  "observed": 0.9918146384481383,
  "difference": 0.003812221591397684
}