{
  "expected": 0.9880814501475447,
  "up": 0.9883666866158863,
  "down": 0.9877909149917756,
  "observed": 0.9853287362683667,
  "difference": -0.0027859179815256352
}