{
  "expected": 0.9881483234042983,
  "up": 0.9884021942133554,
  "down": 0.9878902193949113,
  "observed": 0.9899512884987218,
  "difference": 0.0018245895395664112
}