{
  "expected": 0.9881610017673071,
  "up": 0.9883988323251952,
  "down": 0.9879192658274492,
  "observed": 0.9907762820949053,
  "difference": 0.0026466135811075214
}