{
  "expected": 0.988075023004129,
  "up": 0.9883722998347909,
  "down": 0.9877716691814132,
  "observed": 0.992247033747488,
  "difference": 0.004222362316855782
}