{
  "expected": 0.9878503219879736,
  "up": 0.9881301589006785,
  "down": 0.9875651331696543,
  "observed": 0.9892010442134622,
  "difference": 0.0013673349043105772
}