,loss/train,loss/valid,acc/train,acc/valid
0,0.00047315836448107043,0.00047257115414708797,0.8215600333940498,0.8248093123861566
1,0.0004740641104610457,0.000472742412324133,0.8221482240437158,0.8265596539162113
2,0.000471691325313678,0.00047318939414750684,0.8258481329690346,0.8264173497267759
3,0.00047348617419428585,0.0004754386789662482,0.8314928658166363,0.8320383652094717
4,0.000534878596980136,0.0005340119179182148,0.7532919702489375,0.7568306010928961
5,0.0006778139471736328,0.000679899963850532,0.583617941712204,0.58404485428051
6,0.0005395154428567101,0.0005390063031680054,0.7491746357012751,0.7522484061930783
7,0.0004652738774734768,0.0004633598938034695,0.8330392380085003,0.8368909380692168
8,0.00045030047346876836,0.00044980923473862135,0.8492334547662417,0.8526724726775956
9,0.00045856879232423044,0.0004584629865590558,0.8422890103217973,0.8456853369763205
10,0.00045801613154144234,0.00045963976564452404,0.8398224043715847,0.8402350865209471
11,0.0005663930883480696,0.0005661197649637315,0.7189587128111719,0.7213257058287796
12,0.0004553502037076242,0.00045554089497347347,0.8440251214329083,0.8459984061930783
13,0.0004675731342229325,0.0004672742052638194,0.8317585003035822,0.8347279143897997
14,0.0005970490874714683,0.000597796188277245,0.689340467516697,0.6915556693989071
15,0.000465485563079878,0.0004639285065247279,0.8339499848208864,0.8384278233151184
