,loss/train,loss/valid,acc/train,acc/valid
0,0.0005807186497379923,0.0005796894881974514,0.6983920809562619,0.6976492461287693
1,0.000615648389939412,0.0006132542680168696,0.6617002852485737,0.6627317644661777
2,0.0006435433520559253,0.0006411813598766789,0.5922049035588155,0.5920181336593318
3,0.0006015870271817849,0.0005984600259942938,0.6739846509100788,0.675351466992665
4,0.0006020793777806252,0.0006001580767667478,0.6616833061668025,0.6617002852485737
5,0.0007228627052037685,0.0007177364679255326,0.5473886172235806,0.5475753871230644
6,0.0008006320714229995,0.0007974143635660725,0.5,0.5
7,0.0006359704177855992,0.0006328732710401509,0.6237520374898126,0.6266427261613692
