,loss/train,loss/valid,acc/train,acc/valid
0,0.0005880357377297915,0.0005868609612101739,0.6921098207008965,0.6906708435207825
1,0.0005926546605020008,0.0005930532468293096,0.6917872181472426,0.6866977383863081
2,0.000591878521923331,0.0005916704051044771,0.685165376256452,0.682877444987775
3,0.0005806405633623203,0.0005810933586850629,0.7028830480847595,0.7009092298288508
4,0.0005901724634465883,0.0005909821220477033,0.6899280086932899,0.6844437652811736
5,0.0005738441325082496,0.0005717843106075721,0.7109396223852215,0.7092629380603097
6,0.0005767724490164092,0.0005769755071926234,0.704886579733768,0.7043092909535452
7,0.0006978975523428177,0.0006972980338658078,0.5729251562075522,0.5713376120619397
8,0.0005626598070963865,0.0005622990983488993,0.7244125237707145,0.7207110839445803
9,0.0005904730850629786,0.0005888292131780024,0.693357783211084,0.6918806030969845
10,0.0006687529714000319,0.000665521074599528,0.6097697636511817,0.6111196006519968
11,0.0005996180189729417,0.0005983434710120319,0.680521597392013,0.678853402607987
12,0.000604699956568419,0.0006018561229850571,0.678051140994295,0.6784459046454768
13,0.000680119470692918,0.000676284987439979,0.5957959793534365,0.5972901385493072
14,0.0007485732379506315,0.0007443561658153907,0.5298831839174137,0.5299128973105135
15,0.0006254539541400214,0.0006224287578193949,0.6532616816082586,0.6534739201303994
