{
  "expected": 0.9404893992657958,
  "up": 0.9509866351813856,
  "down": 0.9298152411083409,
  "observed": 0.9413970974286331,
  "difference": 0.0009651338585484503
}