{
  "expected": 0.9393724445241356,
  "up": 0.9505902117943652,
  "down": 0.9280766407076463,
  "observed": 0.940726863092395,
  "difference": 0.0014418334028793761
}