{
  "expected": 0.9492667876363113,
  "up": 0.9615159147908202,
  "down": 0.9364485939401715,
  "observed": 0.9479193621166395,
  "difference": -0.0014194381782037574
}