{
  "expected": 0.9378706460033324,
  "up": 0.9487909075907583,
  "down": 0.9268436114552159,
  "observed": 0.9379966972199621,
  "difference": 0.00013440149466980726
}