{
  "expected": 0.9489696767225725,
  "up": 0.9618013909860431,
  "down": 0.9356807950081786,
  "observed": 0.9485530491570232,
  "difference": -0.00043903148411250686
}