{
  "expected": 0.9481272798376801,
  "up": 0.9607913601806942,
  "down": 0.9349237453219243,
  "observed": 0.956569117749497,
  "difference": 0.008903696888947453
}