{
  "expected": 0.9436814665161046,
  "up": 0.9556532481508953,
  "down": 0.9315711371907941,
  "observed": 0.9518964614616376,
  "difference": 0.008705262566892661
}