{
  "expected": 0.946594372991545,
  "up": 0.9583979311955078,
  "down": 0.9346852653492634,
  "observed": 0.95409721088664,
  "difference": 0.007926138279676842
}