{
  "expected": 0.9467964870134117,
  "up": 0.9588025010354401,
  "down": 0.9345564834239224,
  "observed": 0.9551725362441138,
  "difference": 0.008846726139768061
}