{
  "expected": 0.9569284999810862,
  "up": 0.9701763014414035,
  "down": 0.9429462613629918,
  "observed": 0.9646104234403955,
  "difference": 0.008027688024195252
}