{
  "expected": 0.9564444755143242,
  "up": 0.9708661995768112,
  "down": 0.9414315227555191,
  "observed": 0.96346494937789,
  "difference": 0.00734017921928036
}