{
  "expected": 0.9576682892998553,
  "up": 0.9728290708248996,
  "down": 0.9420369064709335,
  "observed": 0.9691202024127716,
  "difference": 0.011958120824162189
}