{
  "expected": 0.9965670556537486,
  "up": 0.9973220334407317,
  "down": 0.9957122479744043,
  "observed": 0.9957534038369655,
  "difference": -0.0008164546601927356
}