{
  "expected": 0.9965287473556126,
  "up": 0.9974579159837095,
  "down": 0.9954336573958783,
  "observed": 0.9920610816786702,
  "difference": -0.004483228094320146
}