{
  "expected": 0.9964597012646471,
  "up": 0.9969378027906525,
  "down": 0.9959458497076976,
  "observed": 0.997348960689851,
  "difference": 0.0008924188545460577
}