{
  "expected": 0.9965666697403955,
  "up": 0.9971993006522142,
  "down": 0.995866837305757,
  "observed": 0.9966234333834736,
  "difference": 5.695920283269894e-05
}