{
  "expected": 0.9964550412497077,
  "up": 0.9970186484864018,
  "down": 0.9958380159811242,
  "observed": 0.9976274479794573,
  "difference": 0.001176577648981765
}