{
  "expected": 0.9965207640527644,
  "up": 0.9970726956870514,
  "down": 0.9959159072344578,
  "observed": 0.995273523711691,
  "difference": -0.0012515949351631723
}