{
    "DoubleMuon": {
        "Central": 870.0,
        "Stat": 29.49576240750525
    },
    "nonprompt": {
        "Central": 226.90386510366565,
        "Stat": 10.888148436332836
    },
    "DYJets": {
        "Central": 248.48206643593514,
        "Stat": 24.39517401910365,
        "L1PrefireUp": 247.80179023889224,
        "L1PrefireDown": 249.10519278082361,
        "PileupReweightUp": 249.94424880750935,
        "PileupReweightDown": 245.1187814099269,
        "MuonIDSFUp": 252.20255165650397,
        "MuonIDSFDown": 244.79630150062425,
        "DblMuTrigSFUp": 248.71128245155188,
        "DblMuTrigSFDown": 248.25228543306787,
        "JetResUp": 247.89863804745653,
        "JetResDown": 248.5195656736854,
        "JetEnUp": 248.37689910078927,
        "JetEnDown": 248.6452119087,
        "ElectronResUp": 248.48206643593514,
        "ElectronResDown": 248.48206643593514,
        "ElectronEnUp": 248.48206643593514,
        "ElectronEnDown": 248.48206643593514,
        "MuonEnUp": 248.4489179154193,
        "MuonEnDown": 250.01629934782974
    },
    "DYJets10to50_MG": {
        "Central": null,
        "Stat": null,
        "L1PrefireUp": null,
        "L1PrefireDown": null,
        "PileupReweightUp": null,
        "PileupReweightDown": null,
        "MuonIDSFUp": null,
        "MuonIDSFDown": null,
        "DblMuTrigSFUp": null,
        "DblMuTrigSFDown": null,
        "JetResUp": null,
        "JetResDown": null,
        "JetEnUp": null,
        "JetEnDown": null,
        "ElectronResUp": null,
        "ElectronResDown": null,
        "ElectronEnUp": null,
        "ElectronEnDown": null,
        "MuonEnUp": null,
        "MuonEnDown": null
    },
    "ZGToLLG": {
        "Central": 184.47524442730136,
        "Stat": 5.281358893108499,
        "L1PrefireUp": 184.01894303245535,
        "L1PrefireDown": 184.91296284264553,
        "PileupReweightUp": 180.9247415923057,
        "PileupReweightDown": 187.64638250944313,
        "MuonIDSFUp": 186.5543829114098,
        "MuonIDSFDown": 182.41281147149058,
        "DblMuTrigSFUp": 184.68576004189603,
        "DblMuTrigSFDown": 184.26072481464956,
        "JetResUp": 184.39256635425133,
        "JetResDown": 184.45590184477945,
        "JetEnUp": 184.40135947600342,
        "JetEnDown": 184.49371764688652,
        "ElectronResUp": 184.47524442730136,
        "ElectronResDown": 184.47524442730136,
        "ElectronEnUp": 184.47524442730136,
        "ElectronEnDown": 184.47524442730136,
        "MuonEnUp": 185.12613258324697,
        "MuonEnDown": 184.23569295630236
    },
    "TTG": {
        "Central": 0.519742985148995,
        "Stat": 0.2731366475521382,
        "L1PrefireUp": 0.5299325308147345,
        "L1PrefireDown": 0.5094188452847309,
        "PileupReweightUp": 0.515914111145885,
        "PileupReweightDown": 0.5222946502598658,
        "MuonIDSFUp": 0.5253986197611403,
        "MuonIDSFDown": 0.5141434710548589,
        "DblMuTrigSFUp": 0.5202777555090939,
        "DblMuTrigSFDown": 0.5191978517367062,
        "JetResUp": 0.5199245065339335,
        "JetResDown": 0.5192367267768011,
        "JetEnUp": 0.5196402917166713,
        "JetEnDown": 0.5198502365471988,
        "ElectronResUp": 0.519742985148995,
        "ElectronResDown": 0.519742985148995,
        "ElectronEnUp": 0.519742985148995,
        "ElectronEnDown": 0.519742985148995,
        "MuonEnUp": 0.519742985148995,
        "MuonEnDown": 0.519742985148995
    },
    "WZTo3LNu_amcatnlo": {
        "Central": 30.77150971321864,
        "Stat": 1.2030549660375152,
        "L1PrefireUp": 30.669446175073443,
        "L1PrefireDown": 30.871429357619423,
        "PileupReweightUp": 30.316473504673088,
        "PileupReweightDown": 31.131414792381353,
        "MuonIDSFUp": 31.186463800629866,
        "MuonIDSFDown": 30.360458271260388,
        "DblMuTrigSFUp": 30.80291201315976,
        "DblMuTrigSFDown": 30.7397520640227,
        "JetResUp": 30.785518463744015,
        "JetResDown": 30.782374635729894,
        "JetEnUp": 30.765272011701857,
        "JetEnDown": 30.788448675634598,
        "ElectronResUp": 30.77150971321864,
        "ElectronResDown": 30.77150971321864,
        "ElectronEnUp": 30.77150971321864,
        "ElectronEnDown": 30.77150971321864,
        "MuonEnUp": 30.590956019705306,
        "MuonEnDown": 30.682366981888883
    },
    "ZZTo4L_powheg": {
        "Central": 247.44111708900314,
        "Stat": 0.38333922928263536,
        "L1PrefireUp": 246.87180762693,
        "L1PrefireDown": 247.9655319773285,
        "PileupReweightUp": 243.53656192089184,
        "PileupReweightDown": 251.11676552173273,
        "MuonIDSFUp": 250.84937142505186,
        "MuonIDSFDown": 244.0642092558114,
        "DblMuTrigSFUp": 247.70186905565552,
        "DblMuTrigSFDown": 247.17719999221782,
        "JetResUp": 247.38977443034975,
        "JetResDown": 247.47364194260038,
        "JetEnUp": 247.4009964151925,
        "JetEnDown": 247.4713607537279,
        "ElectronResUp": 247.44111708900314,
        "ElectronResDown": 247.44111708900314,
        "ElectronEnUp": 247.44111708900314,
        "ElectronEnDown": 247.44167144976444,
        "MuonEnUp": 248.0097646245307,
        "MuonEnDown": 246.86542422347782
    },
    "ttWToLNu": {
        "Central": 0.1536023922455246,
        "Stat": 0.024035067889604227,
        "L1PrefireUp": 0.15277471760643216,
        "L1PrefireDown": 0.15440555690373578,
        "PileupReweightUp": 0.15099648398968105,
        "PileupReweightDown": 0.1585591178893291,
        "MuonIDSFUp": 0.15518972527854105,
        "MuonIDSFDown": 0.15202669393117338,
        "DblMuTrigSFUp": 0.15373756633856292,
        "DblMuTrigSFDown": 0.15346578179862447,
        "JetResUp": 0.15358330330175932,
        "JetResDown": 0.1536868857365103,
        "JetEnUp": 0.15344182380028454,
        "JetEnDown": 0.1537322504953188,
        "ElectronResUp": 0.1536023922455246,
        "ElectronResDown": 0.1536023922455246,
        "ElectronEnUp": 0.1536023922455246,
        "ElectronEnDown": 0.1536023922455246,
        "MuonEnUp": 0.15181602069895725,
        "MuonEnDown": 0.15140658655104536
    },
    "ttZToLLNuNu": {
        "Central": 0.5385965283554646,
        "Stat": 0.03922339297988455,
        "L1PrefireUp": 0.5333413017911613,
        "L1PrefireDown": 0.5438160738626835,
        "PileupReweightUp": 0.5335895814430109,
        "PileupReweightDown": 0.5382434677730984,
        "MuonIDSFUp": 0.5448263928334084,
        "MuonIDSFDown": 0.53241977541089,
        "DblMuTrigSFUp": 0.5391305830489669,
        "DblMuTrigSFDown": 0.5380557953097135,
        "JetResUp": 0.5375979399283084,
        "JetResDown": 0.5385498594775594,
        "JetEnUp": 0.5383671862064365,
        "JetEnDown": 0.5384205935802275,
        "ElectronResUp": 0.5385965283554646,
        "ElectronResDown": 0.5385965283554646,
        "ElectronEnUp": 0.5385965283554646,
        "ElectronEnDown": 0.5385965283554646,
        "MuonEnUp": 0.5354932451100795,
        "MuonEnDown": 0.5412879883150179
    },
    "ttHToNonbb": {
        "Central": 0.24570066202311264,
        "Stat": 0.02073236339780237,
        "L1PrefireUp": 0.24370010752629134,
        "L1PrefireDown": 0.24765987055500985,
        "PileupReweightUp": 0.2427463885009672,
        "PileupReweightDown": 0.25061468124674396,
        "MuonIDSFUp": 0.24819727593224383,
        "MuonIDSFDown": 0.243222425790192,
        "DblMuTrigSFUp": 0.24591591657482129,
        "DblMuTrigSFDown": 0.24548389602508167,
        "JetResUp": 0.24520335229751283,
        "JetResDown": 0.2454310704202306,
        "JetEnUp": 0.24560857586091625,
        "JetEnDown": 0.2454086708121478,
        "ElectronResUp": 0.24570066202311264,
        "ElectronResDown": 0.24570066202311264,
        "ElectronEnUp": 0.24570066202311264,
        "ElectronEnDown": 0.24570066202311264,
        "MuonEnUp": 0.24570066202311264,
        "MuonEnDown": 0.24558015690065865
    },
    "WWW": {
        "Central": 0.07617753439319472,