{
    "MuonEG": {
        "Central": 1426.0,
        "Stat": 37.76241517699841
    },
    "nonprompt": {
        "Central": 488.36856683941244,
        "Stat": 17.16765058851911
    },
    "DYJets": {
        "Central": 316.7585296136035,
        "Stat": 28.1704711812825,
        "L1PrefireUp": 314.3137214001402,
        "L1PrefireDown": 319.16940498443404,
        "PileupReweightUp": 315.99682070002126,
        "PileupReweightDown": 319.23187326645717,
        "MuonIDSFUp": 320.2690809126597,
        "MuonIDSFDown": 313.26434020098037,
        "ElectronIDSFUp": 322.72946655162247,
        "ElectronIDSFDown": 310.85399796064655,
        "EMuTrigSFUp": 316.7585296136035,
        "EMuTrigSFDown": 316.7585296136035,
        "JetResUp": 317.4134939583912,
        "JetResDown": 316.8408537209947,
        "JetEnUp": 317.1068187904661,
        "JetEnDown": 316.98932272043555,
        "ElectronResUp": 316.75852961360346,
        "ElectronResDown": 316.7585296136035,
        "ElectronEnUp": 316.7585296136035,
        "ElectronEnDown": 316.7830376226294,
        "MuonEnUp": 316.75852961360346,
        "MuonEnDown": 316.75852961360346
    },
    "DYJets10to50_MG": {
        "Central": null,
        "Stat": null,
        "L1PrefireUp": null,
        "L1PrefireDown": null,
        "PileupReweightUp": null,
        "PileupReweightDown": null,
        "MuonIDSFUp": null,
        "MuonIDSFDown": null,
        "ElectronIDSFUp": null,
        "ElectronIDSFDown": null,
        "EMuTrigSFUp": null,
        "EMuTrigSFDown": null,
        "JetResUp": null,
        "JetResDown": null,
        "JetEnUp": null,
        "JetEnDown": null,
        "ElectronResUp": null,
        "ElectronResDown": null,
        "ElectronEnUp": null,
        "ElectronEnDown": null,
        "MuonEnUp": null,
        "MuonEnDown": null
    },
    "ZGToLLG": {
        "Central": 852.7738497988947,
        "Stat": 11.024386581832221,
        "L1PrefireUp": 849.4979529188355,
        "L1PrefireDown": 856.0398400706016,
        "PileupReweightUp": 831.8636139877663,
        "PileupReweightDown": 873.1987783437444,
        "MuonIDSFUp": 858.2233513519169,
        "MuonIDSFDown": 847.3459904788584,
        "ElectronIDSFUp": 882.854948402101,
        "ElectronIDSFDown": 823.2439195985146,
        "EMuTrigSFUp": 852.7738497988947,
        "EMuTrigSFDown": 852.7738497988947,
        "JetResUp": 852.5801121283087,
        "JetResDown": 852.8676804747915,
        "JetEnUp": 852.6439729666848,
        "JetEnDown": 852.7956334513736,
        "ElectronResUp": 852.7707598907084,
        "ElectronResDown": 852.7738497988947,
        "ElectronEnUp": 853.7244577856451,
        "ElectronEnDown": 852.3171022445207,
        "MuonEnUp": 853.4625198432402,
        "MuonEnDown": 853.1437789456187
    },
    "TTG": {
        "Central": 0.14371403626381163,
        "Stat": 0.2137544981726952,
        "L1PrefireUp": 0.14328178997052265,
        "L1PrefireDown": 0.1441522199361679,
        "PileupReweightUp": 0.17237650880646158,
        "PileupReweightDown": 0.09157574198986644,
        "MuonIDSFUp": 0.1433843317740523,
        "MuonIDSFDown": 0.1440441665657089,
        "ElectronIDSFUp": 0.1461400652409519,
        "ElectronIDSFDown": 0.14130631620781636,
        "EMuTrigSFUp": 0.14371403626381163,
        "EMuTrigSFDown": 0.14371403626381163,
        "JetResUp": 0.1437010081085821,
        "JetResDown": 0.14372312797109055,
        "JetEnUp": 0.14370976997943702,
        "JetEnDown": 0.14371685713769475,
        "ElectronResUp": 0.14371403626381163,
        "ElectronResDown": 0.14371403626381163,
        "ElectronEnUp": 0.14371403626381163,
        "ElectronEnDown": 0.14371403626381163,
        "MuonEnUp": 0.14371403626381163,
        "MuonEnDown": 0.14371403626381163
    },
    "WZTo3LNu_amcatnlo": {
        "Central": 17.90158843958621,
        "Stat": 0.891272319679287,
        "L1PrefireUp": 17.808390636398478,
        "L1PrefireDown": 17.99344510582283,
        "PileupReweightUp": 17.57253266347494,
        "PileupReweightDown": 18.30903767878901,
        "MuonIDSFUp": 18.074046379231508,
        "MuonIDSFDown": 17.730131555182147,
        "ElectronIDSFUp": 18.200438622295565,
        "ElectronIDSFDown": 17.60684845376931,
        "EMuTrigSFUp": 17.90158843958621,
        "EMuTrigSFDown": 17.90158843958621,
        "JetResUp": 17.90459701327864,
        "JetResDown": 17.916365516644415,
        "JetEnUp": 17.89822602703588,
        "JetEnDown": 17.906991340714924,
        "ElectronResUp": 17.925498592041684,
        "ElectronResDown": 17.90158843958621,
        "ElectronEnUp": 17.953398199208074,
        "ElectronEnDown": 17.8965293296829,
        "MuonEnUp": 17.898699719773607,
        "MuonEnDown": 17.925403068155244
    },
    "ZZTo4L_powheg": {
        "Central": 91.1322471928913,
        "Stat": 0.2255120132442233,
        "L1PrefireUp": 90.86626905895929,
        "L1PrefireDown": 91.39443099929022,
        "PileupReweightUp": 89.29292811664067,
        "PileupReweightDown": 92.90928643164465,
        "MuonIDSFUp": 91.84435694222636,
        "MuonIDSFDown": 90.42329926245517,
        "ElectronIDSFUp": 94.43058858578472,
        "ElectronIDSFDown": 87.89679746700536,
        "EMuTrigSFUp": 91.1322471928913,
        "EMuTrigSFDown": 91.1322471928913,
        "JetResUp": 91.13096240921413,
        "JetResDown": 91.15146797644049,
        "JetEnUp": 91.12340491030673,
        "JetEnDown": 91.14027438814631,
        "ElectronResUp": 91.13156470411352,
        "ElectronResDown": 91.1322471928913,
        "ElectronEnUp": 91.24567401145167,
        "ElectronEnDown": 91.01887601573355,
        "MuonEnUp": 91.26860258960092,
        "MuonEnDown": 90.98160552341491
    },
    "ttWToLNu": {
        "Central": 0.29704365598019505,
        "Stat": 0.027710443714900744,
        "L1PrefireUp": 0.2947897654890815,
        "L1PrefireDown": 0.2992871614063968,
        "PileupReweightUp": 0.29574307792882304,
        "PileupReweightDown": 0.2973324835220909,
        "MuonIDSFUp": 0.2993567158488934,
        "MuonIDSFDown": 0.29474187550316033,
        "ElectronIDSFUp": 0.3036360488858922,
        "ElectronIDSFDown": 0.29055537644913765,
        "EMuTrigSFUp": 0.29704365598019505,
        "EMuTrigSFDown": 0.29704365598019505,
        "JetResUp": 0.2974492283581843,
        "JetResDown": 0.29759433067904567,
        "JetEnUp": 0.29770651844565366,
        "JetEnDown": 0.29728081976199405,
        "ElectronResUp": 0.29704365598019494,
        "ElectronResDown": 0.29704365598019505,
        "ElectronEnUp": 0.29865885920853286,
        "ElectronEnDown": 0.29704365598019505,
        "MuonEnUp": 0.2986534433333297,
        "MuonEnDown": 0.29704365598019505
    },
    "ttZToLLNuNu": {
        "Central": 0.4244417503308128,
        "Stat": 0.03492542188986543,
        "L1PrefireUp": 0.42259371114708083,
        "L1PrefireDown": 0.4262071132437091,
        "PileupReweightUp": 0.4255474049511464,
        "PileupReweightDown": 0.4260114092957966,
        "MuonIDSFUp": 0.42788169954000715,
        "MuonIDSFDown": 0.42101954844230915,
        "ElectronIDSFUp": 0.4318418380166509,
        "ElectronIDSFDown": 0.41714291316180396,
        "EMuTrigSFUp": 0.4244417503308128,
        "EMuTrigSFDown": 0.4244417503308128,
        "JetResUp": 0.42441204237245955,
        "JetResDown": 0.42418607133049235,
        "JetEnUp": 0.4251303106844887,
        "JetEnDown": 0.4240158815075302,
        "ElectronResUp": 0.42444175033081283,
        "ElectronResDown": 0.4244417503308128,
        "ElectronEnUp": 0.42449891452150257,
        "ElectronEnDown": 0.42571014045662836,
        "MuonEnUp": 0.42715378706862944,
        "MuonEnDown": 0.4269912052748808
    },
    "ttHToNonbb": {
        "Central": 0.2952525142294841,
        "Stat": 0.022283538640391395,
        "L1PrefireUp": 0.29369396400020137,
        "L1PrefireDown": 0.296787070306796,
        "PileupReweightUp": 0.28760655969293974,
        "PileupReweightDown": 0.30392103271247295,