,loss/train,loss/valid,acc/train,acc/valid
0,0.0005782280218423934,0.0005782246921322798,0.7008288988948015,0.70064341997544
1,0.0006474794197036163,0.0006498099334089668,0.62774594078319,0.6236952517396643
2,0.0007294726436420196,0.0007263481349356829,0.5472097148314914,0.549164705280393
3,0.000656401575870201,0.0006599919535021434,0.6157132623823168,0.6106605607859189
4,0.0007743948816679757,0.0007721028251423242,0.5099561672806658,0.5103740278346296
5,0.000613728800181364,0.0006126339291536901,0.6651913630781826,0.6662019033974621
6,0.0007117070607878628,0.0007126100961388841,0.554731204802838,0.5525033258288989
7,0.0006239825537153018,0.0006222824584746088,0.6536191840633101,0.6547981477691364
