{
  "expected": 0.9271840401675557,
  "up": 0.9313219246670184,
  "down": 0.9230477330843139,
  "observed": 0.9265318843685924,
  "difference": -0.0007033725460217467
}