{
  "expected": 0.9255729557126163,
  "up": 0.9306848950388622,
  "down": 0.9204642224715677,
  "observed": 0.9282121221203719,
  "difference": 0.0028513866913101164
}