,loss/train,loss/valid,acc/train,acc/valid
0,0.0005622469160183315,0.0005612335615674329,0.7189207650273224,0.7235598816029144
1,0.0005108531005793654,0.0005113594111000851,0.7784608378870674,0.7808942395264117
2,0.00047786769603617134,0.00048212760564055165,0.8151753187613844,0.8131972905282332
3,0.00044282724397764757,0.000443399435533499,0.8543469186399514,0.8561020036429873
4,0.00044831429038741914,0.00044849129794046746,0.8488350030358227,0.8500825364298725
5,0.0004668728124438522,0.00046542253581050426,0.8290547207043109,0.8332906420765027
6,0.0004480343951567166,0.00044753097671207945,0.8489678202792957,0.8521886384335154
7,0.00044592425654657554,0.00044522397703608205,0.8513016089860352,0.8539959016393442
8,0.0004470803456535901,0.00044853163913625185,0.8488350030358227,0.8493852459016393
9,0.0005196745325904509,0.0005189762370175731,0.7728540528233151,0.7765397313296903
10,0.0004408579140462764,0.0004403153188418061,0.8561020036429873,0.8593607695810564
11,0.0004535572211476949,0.00045389354013530825,0.8436266697024893,0.8451303506375227
12,0.0004541402791231491,0.0004523189382997421,0.84177671523983,0.8463683970856102
13,0.0004844388935282944,0.00048375147935986954,0.8109820886460231,0.8142503415300546
14,0.0004434357196517836,0.0004446580789759348,0.8535500151791136,0.8539816712204007
15,0.000580594967089426,0.0005808083191242592,0.7089594717668488,0.7121186247723132
16,0.0005109577663649953,0.000510438506954599,0.7838019884638737,0.78692793715847
17,0.00046245634677957313,0.00046145336453095486,0.8329538554948391,0.8372324681238615
