,loss/train,loss/valid,acc/train,acc/valid
0,0.00057045244605738,0.0005795173178238038,0.7097717608261738,0.7059880239520958
1,0.0005680466974856466,0.0005777846778379508,0.7131042263299487,0.7080317625618329
2,0.0005667274749124876,0.0005775477396762176,0.7175214787815672,0.712015100234314
3,0.0005619321599412603,0.0005732291953944191,0.7226937429488849,0.716844571726113
4,0.0005608943971941623,0.000572015510751257,0.7237351384188145,0.7163759437646446
5,0.0006080539806077622,0.0006196378241662897,0.6671439729237177,0.6600494662848216
6,0.0005733696084815802,0.00058570859628368,0.7122103618849258,0.7065217391304348
7,0.0005717263219257843,0.0005833167748598965,0.7105094159507073,0.7033194480604009
8,0.0005485426885101165,0.0005603899692874562,0.7366397639503601,0.7288336370736788
9,0.0005524558216335975,0.0005627028382218651,0.7334461511759091,0.7262692007289768
10,0.0005533001405915732,0.0005646752018507679,0.7329254534409442,0.724355636552981
11,0.0005566891687234781,0.0005689193280033071,0.7260522433394081,0.7179120020827909
12,0.0006085287223184605,0.0006203339050847148,0.6814197691573375,0.6756183285602707
13,0.0005674961777514679,0.0005771808972181178,0.7129393387138766,0.7079666753449623
14,0.0005512184384154082,0.0005631687289816239,0.7346003644884145,0.7277662067170008
15,0.0005739607388263753,0.0005843588598877525,0.7093118111602881,0.7028378026555584
16,0.000563200851762542,0.0005751117447086127,0.7194654169921028,0.7134340015620932
17,0.0006757314038816699,0.0006893035560745462,0.6057103184934479,0.5960426972142672
18,0.000711756119615945,0.0007240322783911362,0.5677340970233447,0.5622494142150481
19,0.0005734660399308751,0.0005850779765038961,0.7120281176776881,0.7061051809424629
20,0.000601786999386714,0.0006132668658675889,0.6803436605050768,0.6739911481385056
21,0.0005705488759548748,0.0005797690337786169,0.7132604356504383,0.7079276230148399
