,loss/train,loss/valid,acc/train,acc/valid
0,0.0006938697628378657,0.0006938817531788894,0.5629117959617428,0.5632571732199787
1,0.0007156990545040068,0.0007154521222575692,0.5262752391073326,0.5271386822529224
2,0.0006690881584199912,0.0006678843298703273,0.529631597591215,0.5307784272051009
3,0.0007966974621498115,0.00079663584165188,0.5000088558271343,0.5
4,0.0007992265840350335,0.0007994090213849112,0.5,0.5
5,0.0007981077111067183,0.0007986371847825654,0.5,0.5
6,0.0006468630538018848,0.0006453941988894334,0.621484236627701,0.6251328374070139
7,0.0006928435547572267,0.0006933995620540553,0.59637796670209,0.5953639744952178
8,0.0007985045723656666,0.0007986557748125159,0.5,0.5
9,0.0007319628960098985,0.0007313745791106371,0.5052072263549415,0.5052470775770457
10,0.0007936233858499719,0.0007935510685035957,0.5027718738930216,0.5029755579171095
11,0.0006074386483551212,0.0006070397548797154,0.6672245837761247,0.6661663124335813
12,0.0007788606576576665,0.0007789213823968115,0.5000265674814027,0.5000265674814027
13,0.0006014187998734507,0.0006011823095246659,0.6702444208289055,0.6703639744952179
14,0.0006790180531242322,0.0006799191125647802,0.520926319518243,0.519673219978746
15,0.0006180855596990311,0.0006179349328708952,0.6505756287637265,0.6502789585547291
16,0.0006110616558796541,0.0006126014739433333,0.661211477151966,0.6586742826780021
17,0.0007252653096738201,0.0007256037140944053,0.5020368402408785,0.5023645058448459
18,0.0007517739692310302,0.000752181395904164,0.526354941551541,0.5263947927736451
19,0.0006739627616100601,0.0006722740884415021,0.5977948990435706,0.6007970244420829
20,0.0007685545020351754,0.0007672861424313341,0.5155951115834219,0.5168703506907545
