,loss/train,loss/valid,acc/train,acc/valid
0,0.0007833011251259767,0.0007814379597775794,0.5169628900596306,0.5184681294505876
1,0.0007755329354758679,0.0007756218009642967,0.5040332696501283,0.5039078330342153
2,0.0005298864181449503,0.0005275398520419037,0.7683475173199019,0.7715365020552307
3,0.000559457731269033,0.0005628340214133739,0.7396611281576256,0.7369015226075378
4,0.0005398700581151987,0.000537933650507066,0.7545205426580984,0.7565130550570254
5,0.00047791231958553115,0.000476789452575101,0.8218607074625137,0.8237277832455278
6,0.0007349899513400916,0.000738229278421344,0.5386151797603196,0.5370954669136803
7,0.0005926438086159717,0.0005905252142620026,0.6982573959358537,0.6997481618711283
8,0.0005278856050489897,0.0005283792619802374,0.7763175669156102,0.7755601227349042
9,0.0007281336078525277,0.0007273600360345518,0.5582218877245798,0.5585740751461818
10,0.0005908512080400586,0.0005870289168443152,0.7000521044404562,0.7049730793724309
11,0.0007975754828447451,0.0007975515292403474,0.5,0.5000144734556823
12,0.0007787702099415044,0.0007778184001753438,0.5151392346436635,0.5158629074277774
