,loss/train,loss/valid,acc/train,acc/valid
0,0.0005127758773877249,0.000513065835369415,0.8036676533090468,0.8074055100182149
1,0.0007801642714935718,0.0007838656386201065,0.5,0.5
2,0.000670285504729768,0.000671981765171055,0.5059767759562842,0.5062186930783242
3,0.0006353109944939758,0.000637630662305759,0.6086634790528234,0.6089053961748634
4,0.0007946752424566183,0.0007985622684839427,0.5,0.5
5,0.0007854168561728853,0.0007893553882403017,0.5,0.5
6,0.0005163217029004438,0.0005163008852680307,0.7783469945355191,0.7812642304189436
7,0.00079140173577781,0.0007951849501559643,0.5,0.5
