,loss/train,loss/valid,acc/train,acc/valid
0,0.0006309056854747467,0.0006309325267341945,0.623320810564663,0.6272768670309654
1,0.0004835986669679157,0.00048264731417235345,0.8118643746205222,0.8149191712204007
2,0.00047453443345042094,0.00047190891382011343,0.8202698087431693,0.824980077413479
3,0.0005390888513147867,0.0005423012444026808,0.7375910746812386,0.7363957194899818
4,0.00061894527285314,0.0006224223283647079,0.6578722677595629,0.6589110883424408
5,0.0005255833015967733,0.0005242957144921378,0.7612040831815422,0.764984631147541
6,0.0005815677394560054,0.0005860453368061119,0.6954974954462659,0.6937471539162113
7,0.0005233083881605157,0.0005267178487093722,0.7670100941105039,0.7647427140255009
8,0.0006349431565704314,0.0006395622753692564,0.6555100182149363,0.6541296675774135
9,0.0007564483694483384,0.000760927519002736,0.5259183363691561,0.5256005236794171
