,loss/train,loss/valid,acc/train,acc/valid
0,0.00045619935586677584,0.0004551129730313148,0.8401354735883424,0.844390368852459
1,0.0004945931640641936,0.0004933841025222683,0.7983170157862781,0.8026240892531876
2,0.0005345866836168655,0.0005334972765276341,0.7524191712204007,0.7565175318761385
3,0.000461969325577916,0.00046426780184286433,0.8339974195506983,0.8324937386156649
4,0.0004462073559906169,0.00044648323881563704,0.8502106102003643,0.8527436247723132
5,0.0004450796937098377,0.0004454775283347225,0.8527056769884639,0.8546078096539163
6,0.0004546480339855119,0.0004542031790212964,0.8425451578627808,0.8457422586520947
7,0.00044084647608186957,0.0004420491276420856,0.8559596994535519,0.8578950364298725
8,0.0004381794190123614,0.00043900179522339327,0.85953627808136,0.8611253415300546
9,0.00044683381150582374,0.00044704432970757695,0.8498975409836066,0.8519182604735883
10,0.0005558731427962446,0.0005611004307866096,0.7324301760777171,0.7296931921675774
11,0.00047600636418182777,0.0004796257839692529,0.8158963266545234,0.8144068761384335
12,0.00045710513407831564,0.00045648472085052283,0.8398603521554341,0.8423696493624773
13,0.0005259083229969253,0.0005297062516497459,0.7622191863995142,0.7611139571948998
14,0.0004442167622741237,0.0004457570862649297,0.8520321038251366,0.8531420765027322
15,0.0004475879560393786,0.000449025399138123,0.8488444899817851,0.8502675318761385
