{
  "expected": 0.8706918131452102,
  "up": 0.8860196282342647,
  "down": 0.8555029770323211,
  "observed": 0.8789386691470976,
  "difference": 0.009471613121176878
}