{
  "expected": 0.9009048254289942,
  "up": 0.9238385282180935,
  "down": 0.8782716305711271,
  "observed": 0.9108711627440327,
  "difference": 0.011062586228564934
}