,loss/train,loss/valid,acc/train,acc/valid
0,0.0005720328945340997,0.0005817731061164242,0.7088431831988198,0.704608174954439
1,0.00058028276084788,0.0005893239236939422,0.7071595938557668,0.7030590991929185
2,0.0005949725446152334,0.0006016241521830362,0.6826868003124187,0.6794584743556366
3,0.0006609913490303355,0.0006707615605309368,0.5993925193092077,0.5935693829731841
4,0.0006158133228857836,0.0006217540932086506,0.6513581532587,0.6496355115855246
5,0.0005843277799165529,0.0005923978815597658,0.7034886748242645,0.7008331163759438
6,0.0005779932840079636,0.0005874109924599952,0.7062744077063264,0.7030721166362927
7,0.0005787124259701767,0.0005885858471832435,0.7039052330122364,0.6994923197084093
