,loss/train,loss/valid,acc/train,acc/valid
0,0.0006590825669719003,0.000657184359167493,0.5924308588064047,0.5964426456491639
1,0.0006220246963651306,0.0006217092072472352,0.6557318848297653,0.6561401640217276
2,0.0005884357379996011,0.0005877266425410453,0.6894237938012567,0.692805410586857
3,0.0005973644495628282,0.0005964558265666026,0.6754002911208151,0.6766695068697411
4,0.0005828012056733641,0.0005833009325958997,0.6988408421202116,0.6981973586111407
5,0.000577374927747972,0.0005782774692907769,0.7045833777115064,0.7039487698370434
6,0.0005749007557029858,0.0005758246030971537,0.7068910427095537,0.7072505059111727
7,0.0005714849278235049,0.000573257203966249,0.7118613980899634,0.7095004792842688
8,0.0005617550731860661,0.0005638852123508744,0.7238346291759861,0.7216024070721057
9,0.000571389324339103,0.000572067717861375,0.7134678879539887,0.7122563638300139
10,0.0005681142435797733,0.0005704454172214947,0.7151276316256613,0.7119102140803067
11,0.0005779072510598122,0.0005776041920084277,0.7043881137501331,0.70318990307807
12,0.0005833636661829793,0.0005850631936897369,0.7000656796960982,0.6967861327084887
13,0.0005756592071910853,0.0005762659037871182,0.7081957609969113,0.7068910427095537
14,0.0005634893753592332,0.0005653645291357886,0.7206305250825434,0.7188332090744488
15,0.0005563728890382779,0.0005591299953406351,0.7290623779600242,0.7278996698263925
16,0.0005530944317510496,0.0005548864798254321,0.7348226648205347,0.7329987219086165
17,0.0005593485925238824,0.0005606557018892213,0.7281215606915894,0.7261556076259452
18,0.0005750519955852743,0.000575250599702741,0.7100951468029965,0.7096069868995634
19,0.0005715106105966962,0.0005731094239339342,0.7125714488585934,0.7098865693897114
20,0.000575928623169194,0.0005769815888314953,0.70644726097916,0.7059457876238151
21,0.0005846337506568533,0.0005850512167366057,0.6975538751020698,0.6981307913515816
22,0.0005668019394136979,0.000567383929295133,0.721296197678134,0.720723719245926
23,0.0005587246268326369,0.0005621857118245982,0.7272872510384493,0.7241719032910853
