,loss/train,loss/valid,acc/train,acc/valid
0,0.000780769969305046,0.0007802450711804084,0.5,0.5
1,0.000729332993420506,0.0007331136402604882,0.5294937338019668,0.5258813505165619
2,0.0007722316092312618,0.0007720406662479531,0.5006567969609828,0.5005059111726489
3,0.0007901336718287826,0.0007903048825576316,0.5,0.5
4,0.0007355184904551461,0.0007373968892958817,0.5050147335534491,0.5033549898817765
5,0.0006244778765374938,0.0006263679888748947,0.6564685625022189,0.6550884013206945
6,0.0006067444615230844,0.0006054827203663257,0.6590957503461498,0.6604004686335073
7,0.000695528098623326,0.0006917179573558621,0.5158075052366244,0.523258600489935
8,0.0006576749952548684,0.0006569746652786083,0.5638513153690489,0.5660214080306742
9,0.0007709542738852564,0.0007709439874444479,0.5000177512692158,0.5000532538076472
10,0.0006906077719117335,0.0006885074665465412,0.556626548798239,0.5574475449994675
11,0.0007101482390578691,0.0007107755117096933,0.518736464657223,0.5201565661944829
12,0.0007728902366412149,0.0007724224908472009,0.5,0.5
13,0.0006051778589129749,0.0006037192094413626,0.6761103418894451,0.6792390030887209
14,0.0007444288664006,0.0007423648378797989,0.5058401675719814,0.5062573223985515
15,0.0005967434906081769,0.0005954304325757081,0.6778765931764121,0.6796384066460752
16,0.0006645877183670814,0.0006587525893354685,0.60618809244861,0.6123522206837789
17,0.0006277192470368585,0.0006283962418063277,0.6492082933929776,0.6486580040472893
18,0.0007475400253933036,0.0007466605868135376,0.5009585685376504,0.5009452550857386
19,0.000671703727239321,0.000673274349412137,0.5909841303653212,0.5892400681648738
20,0.0007300631312739588,0.000728141075633613,0.5218251855007633,0.5239242730855256
21,0.0007731747230698126,0.0007740548536195734,0.49931657613519365,0.4992011928852913
22,0.0006213366528239947,0.0006226014795426756,0.6497142045656265,0.6494967515177336
