,loss/train,loss/valid,acc/train,acc/valid
0,0.0005805430106200007,0.0005789174321731536,0.6953472702448712,0.6953627852545348
1,0.0007132222148326512,0.0007092699945952716,0.550312959909215,0.5536730677163679
2,0.0006007286981967548,0.0006011009309049477,0.6779527279819848,0.6757407308899409
3,0.0005651279069312991,0.0005649901370468518,0.7133712786141106,0.7113011330389915
4,0.0005930658939605651,0.000592458551884636,0.6792249587744029,0.6781810202670355
5,0.0005539278782248753,0.0005536629475109805,0.7296310087415997,0.7270200542582053
6,0.0005942797825488942,0.0005931511689382725,0.6897795982055783,0.6897906803553381
7,0.000597350322741753,0.0005971822390068565,0.6810202670354806,0.6805747646151391
8,0.0005740428317224548,0.0005727851671914838,0.6995850843129954,0.6998776530666525
9,0.0005850135632194729,0.0005842508331335151,0.6890703406209551,0.6879820735145487
10,0.0005917989721192022,0.0005912892026998646,0.6868406120892955,0.686053779456354
11,0.0006130847953821279,0.0006128930839916969,0.6705321205028636,0.6694172562370339
12,0.0005719436233402206,0.0005716045289840132,0.7070145575119244,0.7057755731687856
