,loss/train,loss/valid,acc/train,acc/valid
0,0.0005842461856568528,0.0005880117021721979,0.7013559143188772,0.7000501213464176
1,0.0008008580933034468,0.0008022133133211908,0.5,0.5
2,0.0007998110365948957,0.0008014426330316541,0.5,0.5
3,0.0006180193281371612,0.0006187284483026072,0.6607927965952657,0.6618128099609581
4,0.0006486620695171428,0.0006521710534569733,0.6220586683549647,0.6200274348422496
5,0.0005947691450175707,0.0005984191019298332,0.6928792515212269,0.6922681228236783
6,0.0007933769708555065,0.0007995715223498846,0.5001406914987162,0.500039569484014
7,0.0007066826900919786,0.0007047950427429301,0.5606380359466779,0.5645773979107312
