,loss/train,loss/valid,acc/train,acc/valid
0,0.0005740321794676417,0.000569163250082306,0.7043016472507403,0.7092332038938242
1,0.000548648807436705,0.0005449502102630786,0.7338643899498201,0.7365418373317729
2,0.0005504054722152754,0.0005466391909749618,0.7325832934375942,0.7362625671578276
3,0.0005445121693112722,0.0005409517350479151,0.7367413160274483,0.7400127666365233
4,0.0005475159215363175,0.000543067600458973,0.7346490061528096,0.7390552688972818
5,0.0005456331265146649,0.0005415769972517881,0.7384391013706403,0.742100643651258
6,0.000560632151270267,0.000557932416342238,0.7198210897742787,0.7215609872865578
7,0.0005449701203567215,0.0005413944629812705,0.7376810823270742,0.7402188946220544
8,0.0005619901198221546,0.0005572590366805689,0.7194221323829282,0.724267248257886
9,0.000552188426524098,0.0005489778160237208,0.7326143234569215,0.7338688228097239
10,0.0005367447301077733,0.0005332735600011882,0.7474466726953561,0.7503856588116389
11,0.0005730741000914021,0.0005696193735246564,0.7097363334929163,0.7121921378796745
12,0.0005570827761590443,0.0005524666349052958,0.7263728567122365,0.7301518697803074
13,0.0005457438128906452,0.0005415136060839518,0.737898292462365,0.7410633544337465
14,0.0005811280536658375,0.0005768898707468768,0.6986497508732734,0.7022780467046119
15,0.0005443486581510806,0.0005408085538254208,0.7390375374576662,0.7426192882600138
16,0.0005488580229422014,0.0005449799888057527,0.7361340142206145,0.7400260652162349
17,0.0005655770589542813,0.000561249081987264,0.7189123534939802,0.7227445608808979
