,loss/train,loss/valid,acc/train,acc/valid
0,0.000498612579705574,0.0004961925027601377,0.7995040429186205,0.8027267990505413
1,0.0004904428857307616,0.00048795483408132703,0.8104749223257879,0.8137121519133909
2,0.0005213554019959634,0.0005192623178180267,0.7826858874158127,0.78531523186476
3,0.0006067812927033491,0.0006126039058396214,0.6712981724849959,0.6651855497018468
4,0.0004939092916819256,0.0004982126677539403,0.8021382118527953,0.7972124124355932
5,0.00048105558523366815,0.00048297554848059267,0.8170362222350875,0.8140739883054479
6,0.000498357766657224,0.0005016954831275626,0.7963102336980644,0.7922914375036184
7,0.0004760883560897314,0.00047747741554122005,0.8228449024489087,0.8221067562091124
8,0.0005240598544856561,0.0005212116050284042,0.7713869430131804,0.7744746135587333
9,0.00047494814048023865,0.0004747279175132701,0.8253053899148961,0.8265935274706189
10,0.000685081938650633,0.0006809439101409934,0.5967116308689863,0.6011405083077636
11,0.0004990804066921472,0.0005014482720610595,0.7977672282367472,0.7934782608695652
12,0.0004921759682179795,0.0004891184579343999,0.8059785020938266,0.809254327563249
13,0.0007981287372317248,0.0007982988121651308,0.5,0.5
14,0.0004880773713227583,0.0004843160918113264,0.8112468399621761,0.8153187054941238
15,0.0005024749564311057,0.000506770595798604,0.7935120322661572,0.7870665200023158
16,0.00047485146395258657,0.0004742471883508566,0.8233177020011965,0.8247698720546518
17,0.0007561243586419768,0.0007587093160057609,0.5230610393870974,0.5216522897006889
18,0.00047189501076824573,0.000471842668638697,0.8271193963604083,0.8274185144445088
19,0.0004832723393586834,0.0004850336164106666,0.8129643567031398,0.8120477045099288
20,0.0005088891150989619,0.0005115103974040337,0.7851849707636195,0.7813929253748625
21,0.0005641892184584343,0.000559937572297049,0.727927980084525,0.7323134371562554
22,0.0004746299680936281,0.00047546446043884773,0.8235975221443872,0.8230764777398252
23,0.0004843775483536314,0.0004819577408535344,0.8147494162372875,0.8171568343657731
24,0.0004767218689550531,0.00047430976580877817,0.8221984214284336,0.8252909164592138
25,0.0004972970264954873,0.0004941358828471461,0.8003338543777379,0.8031610027210097
