{
  "expected": 0.9937383316499092,
  "up": 0.9943502325277422,
  "down": 0.9930573681294971,
  "observed": 0.9970499481077856,
  "difference": 0.0033324833634806763
}