{
  "expected": 0.9937575350239423,
  "up": 0.9944954615366298,
  "down": 0.9929135406089228,
  "observed": 0.99637231324206,
  "difference": 0.0026312034132699516
}