{
  "expected": 0.9937524738109822,
  "up": 0.9946598594610837,
  "down": 0.9926672496966805,
  "observed": 0.9934617979136853,
  "difference": -0.00029250331944553204
}