{
  "expected": 0.9936153377239038,
  "up": 0.9940738203134409,
  "down": 0.9931209824226583,
  "observed": 0.997384443134772,
  "difference": 0.003793324506747501
}