{
  "expected": 0.993641668608092,
  "up": 0.9941793368315751,
  "down": 0.9930497369180953,
  "observed": 0.9976117206412423,
  "difference": 0.003995456469444936
}