{
  "expected": 0.9936678538605535,
  "up": 0.9942178797520097,
  "down": 0.9930596333992224,
  "observed": 0.9938766555213442,
  "difference": 0.00021013224889937756
}