,loss/train,loss/valid,acc/train,acc/valid
0,0.0006071922249545706,0.0006055241967299033,0.6730694296847326,0.6728214665249734
1,0.0006488535496473228,0.0006480327384758199,0.5797378675168261,0.5833953241232731
2,0.0007502259133008199,0.0007481861673493441,0.5182341480694297,0.5201115834218916
3,0.0006103522450080207,0.0006096586355430793,0.6632217499114418,0.6650637619553667
4,0.0006670747180589749,0.0006662236413780865,0.5852816153028693,0.5853214665249734
5,0.0006279869468930846,0.0006261520784478892,0.6359458023379384,0.6400504782146652
6,0.0006860763283220116,0.0006851648739623213,0.589762663832802,0.5903427205100956
7,0.0006158121223150734,0.0006155471920207,0.655012398157988,0.6547821466524973
