,loss/train,loss/valid,acc/train,acc/valid
0,0.0006075705534551231,0.000606573473634426,0.6688806234502302,0.6707093517534538
1,0.000653317862058674,0.0006518274149783233,0.6011778250088559,0.6026700318809777
2,0.0006987302402760853,0.0006974807050668978,0.5290028338646829,0.5294633368756642
3,0.0007272544315297933,0.0007260295603024466,0.5030818278427205,0.5029888416578109
4,0.000684727016299319,0.0006831802934503201,0.5359280906836699,0.537951647183847
5,0.0006458207605960223,0.000643788545722029,0.6086255756287637,0.615077045696068
6,0.0007424619892071715,0.0007408730772805898,0.5052072263549415,0.5055658873538789
7,0.0006589175109908888,0.0006569842151767009,0.5947307828551187,0.5955366631243358
