,loss/train,loss/valid,acc/train,acc/valid
0,0.0006075438178047851,0.000610518363425028,0.6452606200372127,0.6461123195052281
1,0.0005602291486487309,0.0005658666014268328,0.7210269311739476,0.7176812809559999
2,0.0005639791944232986,0.0005703499113233489,0.71848493583864,0.7139075971592547
3,0.0005588075679520901,0.0005646404134217834,0.723127789861719,0.7198105296260384
4,0.0005702183639967695,0.0005764170093679332,0.7107191837661714,0.7070677952776541
5,0.0005893316682394701,0.000593000302312509,0.6671907894162146,0.6675620430304777
6,0.0005652189267256803,0.0005704460036826773,0.7216427754046665,0.7188605571424828
7,0.0006239040418879447,0.0006301498550698799,0.6581103627802964,0.6533714195864672
8,0.0005982838175948807,0.0006043482560613358,0.6905841348043712,0.6868759663513195
9,0.0006511597744805846,0.0006521309277912541,0.6172549944530342,0.6200175581121099
10,0.000607090945226216,0.0006098282579612287,0.6805209780130507,0.6800754736759349
