,loss/train,loss/valid,acc/train,acc/valid
0,0.0004888591729783078,0.0004912572709304062,0.8037150880388585,0.8043886612021858
1,0.0004808671668434259,0.0004823027816490832,0.8132969034608379,0.814606102003643
2,0.0004822035528194673,0.00048392180112514556,0.809113160291439,0.809113160291439
3,0.00046591767837685316,0.0004682553400249918,0.8296334244080146,0.8292492030965392
4,0.0004673096982951083,0.00046952792361907946,0.8271857923497268,0.8282957650273224
5,0.00046236664972832943,0.0004649897066126484,0.8325554037644202,0.8319529826958105
6,0.00046939926694696357,0.00047391067549097736,0.8232107619914997,0.8198571265938069
7,0.0004579420026185915,0.00046124104037202336,0.8361604432301154,0.8354394353369763
8,0.00045584446033004856,0.0004589827298670193,0.8387503794778385,0.8371043943533698
9,0.00046414438562731203,0.0004664035997470546,0.8310374924104432,0.8314122267759563
10,0.0004615231864403144,0.0004645892281512745,0.8332005160898603,0.8308572404371585
11,0.0004661760256757465,0.00046843886612922986,0.8277455221615058,0.8276553961748634
12,0.0004777713295956706,0.00047947113437812183,0.8155832574377656,0.816712204007286
13,0.0004626171907684842,0.00046477531454439374,0.8317015786278081,0.8319956739526412
14,0.0004626648329790969,0.00046493492822055935,0.8318438828172434,0.831298383424408
15,0.0004640406011205119,0.00046612168297524445,0.8302216150576807,0.8309283925318761
