,loss/train,loss/valid,acc/train,acc/valid
0,0.0005987279023733764,0.0005955078229125613,0.6819061312883872,0.6868143572265417
1,0.0005732512267315506,0.0005726596751791027,0.708852557957894,0.7099531366492704
2,0.0005756759858763704,0.0005738639442071783,0.7116661341285901,0.714373202683992
3,0.0005908065584007491,0.0005890413966406419,0.6915983242801861,0.6957343700074555
4,0.0005969859467369724,0.0005942829066742874,0.6839120247097668,0.6867344765150708
5,0.0005836280193530989,0.000582692660022333,0.6996041466964888,0.6997683459367344
6,0.0005672460661768368,0.0005650624556655206,0.7183317357191039,0.721016615187986
7,0.0005554764104328771,0.0005543072604691212,0.732257606418859,0.7342102460325913
8,0.0005544715514980228,0.0005533579181070741,0.7321244718997408,0.7339040366386197
9,0.000556397683307183,0.0005540456624822833,0.7321599744381724,0.7334646927255298
10,0.0005869364691486576,0.0005841889070593545,0.6984325629282494,0.7018319309830653
11,0.0006115647239773428,0.000609492300030065,0.6639418468420492,0.6647140270529343
12,0.0005777094053054857,0.0005763263472074491,0.7044591188269961,0.7060789221429332
13,0.0005683523785993052,0.000566802303914712,0.7162459615862534,0.7176749387581212
14,0.0005581300439437443,0.000556578905117221,0.7286185962296304,0.731614122909788
15,0.0005555695179582307,0.00055426429881368,0.7303582206127738,0.7336510810522953
16,0.0005590779264501334,0.0005579412265991502,0.7286718500372776,0.7313744807753755
17,0.0006054621030462686,0.0006054380422761385,0.6721961870273725,0.6717834700181063
18,0.0006217258102948764,0.0006214774464987022,0.6591312528845813,0.6595350942592395
19,0.0005963113262498705,0.00059445053402488,0.6868321084957575,0.6882655234849292
20,0.0006461808588971437,0.0006468612357493165,0.6328061206376255,0.6325221003301736
21,0.0005882658366176459,0.000586320834871374,0.6929740476444066,0.694922249440835
22,0.0006241704715124803,0.0006227349956292849,0.6542230269464266,0.6571120460112898
