,loss/train,loss/valid,acc/train,acc/valid
0,0.0006043605444788252,0.0005999993834839371,0.6754180423900309,0.6822345297688784
1,0.000574336302869976,0.0005726848424134868,0.7096602407072106,0.7122031100223666
2,0.0005740719481127692,0.0005712428951824621,0.7103791671104484,0.7131084247523698
3,0.0005802880605874438,0.0005773078995030812,0.704467994461604,0.7077830439876451
4,0.0006086664965312973,0.0006076657190555479,0.665015798629602,0.6651001171583768
5,0.0006421104713120594,0.0006368936984121818,0.6284925622181986,0.6344259239535627
6,0.000564470137020953,0.0005616322024864744,0.7202577484290127,0.7242251570987326
7,0.0005595585318822451,0.0005575859357163172,0.726523946462172,0.7296037916711045
8,0.0005490516330308163,0.0005476595039362089,0.7388699542017254,0.7406805836617318
9,0.0005888382418153046,0.0005864511617063676,0.6942077608549011,0.6962802215358398
10,0.0005812040013779753,0.0005783140191141568,0.70135264671424,0.7044280541058686
11,0.0005804719627231532,0.0005789150418736503,0.7025952355593424,0.7041617850676324
12,0.0005794104442482335,0.0005778469346064528,0.7027993751553236,0.7056395782298435
13,0.0005817243273690659,0.0005799353659146637,0.6996307736003125,0.7011795718393865
14,0.0006371920422276619,0.0006361172517365015,0.6386817907480384,0.6406033656406434
15,0.0005889941985205846,0.0005873824612682195,0.6919622252991089,0.693298008307594
