,loss/train,loss/valid,acc/train,acc/valid
0,0.0005807421062720495,0.0005778841096877139,0.6972844300228735,0.699046491834672
1,0.0005592573657049271,0.0005583667226900248,0.7215676365764137,0.7219133996489175
2,0.0006507739393263439,0.0006507479870716963,0.6289164317250917,0.6265958295654024
3,0.000602115105436565,0.0006016286090908104,0.6859673386882281,0.6853622533113464
4,0.0005882932306686687,0.0005857403182978325,0.6900810326790432,0.6920713867758923
5,0.0005656031022323883,0.0005649675427519823,0.7120103906236147,0.712212085749242
6,0.0007808077209483715,0.0007793615398314907,0.5042954412468749,0.5042355976381723
7,0.0005885969713283503,0.0005883160972412586,0.6887777718672979,0.6883677323261875
8,0.0005675375132361446,0.0005670219768399323,0.7079631895313581,0.7062410234586947
