,loss/train,loss/valid,acc/train,acc/valid
0,0.000611724587562142,0.0006075460479236383,0.6653974509177406,0.6702391095963361
1,0.0006127951259823295,0.0006105444634198152,0.6619714559591011,0.6675764192139738
2,0.0006614612863057633,0.000656027162350561,0.6069602726594951,0.6139764618170199
3,0.0006713719165172381,0.0006675272402335234,0.5945432598430788,0.5992251570987326
4,0.0006891776037769762,0.0006846692684880333,0.5759665566087975,0.5835019703908829
5,0.0006522905100952362,0.0006488203345326294,0.6164216991514894,0.6213254872723399
6,0.0006199774422973821,0.0006159146346404969,0.6559626513295701,0.6611060815848333
7,0.0005985257751869648,0.0005954110486868764,0.6823765399226045,0.687426776014485
8,0.0006150638035710138,0.000609837304207575,0.6606667376717436,0.6651400575141122
9,0.0006452892460364116,0.0006408769824225779,0.6321759505804665,0.638433272979018
10,0.0006225501116156625,0.0006204787687392443,0.6510366741221998,0.6531579507934817
11,0.0006426437431729826,0.0006387651828432606,0.6335694252139028,0.6386063478538716
12,0.0007022387241747541,0.0006986324111866054,0.5666382646359215,0.5702284588348067
13,0.0007284591363617104,0.0007238770160688761,0.5412273227535769,0.5458515283842795
14,0.0005945790253935918,0.0005917297230829305,0.6868764866687969,0.6912743636169986
15,0.000595205885138244,0.0005933754634128387,0.6847552099975148,0.6879593140909575
16,0.0006160044769985665,0.0006117148743243069,0.6599566869031136,0.6667243582916178
17,0.0006283587516338151,0.0006234137872459154,0.6481432172400327,0.6552481627436362
18,0.0006686012591358174,0.0006621055632737615,0.6013686228565343,0.6079854084567047
19,0.0006391976527158422,0.0006349236280954434,0.628812085064082,0.6353179252316541
20,0.0006902774266001134,0.0006850485442253281,0.5782830972414528,0.5828229843433805
21,0.0006133733256351504,0.0006095815601916673,0.6618826996130224,0.6683485994248589
22,0.0006046512173731097,0.0006020354599614458,0.6729683672382575,0.6767760144850357
