,loss/train,loss/valid,acc/train,acc/valid
0,0.0006084331073865403,0.0006107399045508813,0.6621243707733767,0.6584824833477398
1,0.0006173522730475432,0.0006187043312381836,0.6457348180539313,0.6447539024762292
2,0.0007766726831204144,0.0007787206507440733,0.5032965542956899,0.5027520719987797
3,0.000621966527309687,0.0006241429902671125,0.6527813087913764,0.6481606243961967
4,0.0006258403261250026,0.0006289349247317373,0.6362519279334249,0.6329765597193268
5,0.0006456778439155536,0.0006503018741839938,0.6252351655056694,0.6200106777851223
6,0.0006742683726386198,0.000679897874170953,0.6019940339994237,0.5956996491584888
7,0.0006349680714218422,0.0006408201161304717,0.6356417687835799,0.6279236792596735
