,loss/train,loss/valid,acc/train,acc/valid
0,0.0006504163442804277,0.0006468529781349069,0.6068182625057692,0.6120859516455427
1,0.0006197411848019415,0.0006160506559441627,0.6522171335250471,0.6559804025987858
2,0.0006110244937973518,0.0006075367372769088,0.6645986438030319,0.6669640004260304
3,0.0005940798896610172,0.0005929407832568948,0.6854120069584976,0.6886116732346362
4,0.0006374909489300489,0.0006317254514952719,0.6402172755352008,0.6455825966556609
5,0.0006015812216015988,0.0005990144157767714,0.6751872758902262,0.6797715411651933
6,0.0006450942972451517,0.0006402074236854068,0.627755884545745,0.6330146980509106
7,0.0006522879289625112,0.0006469512339064407,0.6242056307025953,0.6307913515816381
8,0.0006321538906955371,0.0006285579612250272,0.6444687045123726,0.6498961550750879
9,0.0006284418012589088,0.0006274889945501412,0.6343238541555721,0.6379140483544573
10,0.0006250845591142569,0.0006213570889516028,0.6482852273937586,0.6524922781978911
