,loss/train,loss/valid,acc/train,acc/valid
0,0.0005800478847640191,0.0005828936103314749,0.6947899533991229,0.6920101768092105
1,0.0005775571595509781,0.0005804889017446456,0.6977796052631579,0.6938219572368421
2,0.0005823445252118338,0.0005875191632903329,0.6937705592105263,0.6878597861842105
3,0.0005740716812413251,0.000577402779814101,0.7006921600877193,0.6953638980263158
4,0.0005742144043835109,0.0005776017113882853,0.7021398711622807,0.698010896381579
5,0.0006390223662540512,0.0006401814615329433,0.630456757127193,0.628430818256579
6,0.000637932727521841,0.0006392253256451927,0.6356736567982456,0.6347913240131579
7,0.0006356194698080225,0.0006368195532367712,0.6470326206140351,0.6455078125
8,0.0007217744255046311,0.000721313132855453,0.5420607182017544,0.5437268708881579
9,0.0006686234233998938,0.0006681710993258381,0.5938784950657895,0.594970703125
10,0.0006111754939826042,0.0006148335899189604,0.6623064007675439,0.6574193050986842
11,0.0005818826780580965,0.0005847234248281701,0.6881339089912281,0.686536287006579
