,loss/train,loss/valid,acc/train,acc/valid
0,0.0005710287199582958,0.0005772586588483552,0.7083300575661486,0.7045323514767159
1,0.0005625665218555175,0.0005672786171704538,0.7160739711907196,0.71445792604628
2,0.0005511421006796169,0.000557557717615861,0.7321121273268866,0.726722398385702
3,0.0005525990337716817,0.0005588692435584961,0.7322518933934328,0.7282882150999764
4,0.0005450227480166203,0.0005523135421435979,0.7375193270263896,0.731544327681543
5,0.0005424460679691252,0.0005487033229862769,0.7425683761803681,0.7387379124190886
6,0.0005417061299097332,0.0005476191183403511,0.7449487670012317,0.740585445111245
7,0.0005342771203762607,0.0005408161066185707,0.751238239995807,0.7469928457244687
8,0.0005311056210982495,0.0005378287086703249,0.7547760685552556,0.7500917214811709
9,0.0005354398613282144,0.0005417110018111733,0.7517099504704001,0.7469666395869913
10,0.000538661924091168,0.0005460000362419733,0.7466390628685238,0.7405002751644435
11,0.0005423582058273947,0.0005490364027353211,0.7441582151873302,0.7390261799313399
12,0.0005441344044042058,0.0005507262625182311,0.7399783362596853,0.736064886396394
13,0.0005393807474536376,0.0005462408173574417,0.7458790848816793,0.7402709714615163
14,0.000575413826181992,0.0005828282098580952,0.702184718327699,0.6965525826148484
15,0.0005371450830645353,0.0005441606079914456,0.7481153419464172,0.7431995073246154
