,loss/train,loss/valid,acc/train,acc/valid
0,0.0005609281030152716,0.0005669431323203379,0.7206469421805254,0.7161678765166802
1,0.0005789469062490075,0.0005858574653122297,0.6952182534482909,0.6908920569197305
2,0.0006508804435403084,0.0006588082221191713,0.6396263004795724,0.6332188998663487
3,0.0005774103107736636,0.0005838431398612204,0.705115438035588,0.701741397835373
4,0.0005666695834112141,0.0005731028183603903,0.7174061165124872,0.7115424932519196
5,0.0006169652030691604,0.0006234053420915541,0.662927924386558,0.6586191986163159
6,0.0005873882650888555,0.0005908804753594012,0.6815080758580326,0.6810385492282293
7,0.0005852760537033883,0.0005926774486361654,0.6929383194877574,0.6880552425378024
