,loss/train,loss/valid,acc/train,acc/valid
0,0.0005694098757422228,0.0005683409127304835,0.7133457314913213,0.7147183846971307
1,0.0005794063242158271,0.0005781478768137386,0.7109546581650726,0.7149309245483528
2,0.0006444041473705887,0.0006441498149530794,0.6132217499114417,0.6146121147715197
3,0.0006991924824251843,0.0006994893079609724,0.5736804817569962,0.5729543039319872
4,0.0005912898239665449,0.00058910766186927,0.6859280906836699,0.6895324123273113
5,0.000582395120795382,0.0005798761866487934,0.6978126106978392,0.6993889479277364
6,0.0005950753739696845,0.0005927982313536686,0.6873450230251505,0.690077045696068
7,0.0006073963143831443,0.0006051962064949283,0.6697927736450584,0.671865037194474
