,loss/train,loss/valid,acc/train,acc/valid
0,0.000641793974358859,0.0006380807770679404,0.6269217144881332,0.6313894792773646
1,0.000600078940560452,0.0005975848493363222,0.6804729011689692,0.6833289054197662
2,0.0005763020539300644,0.0005739949113124235,0.7068898335104499,0.7083421891604675
3,0.0006057031212484756,0.0006054073010000235,0.6812079348211123,0.6824920297555792
4,0.000774074523975948,0.0007727886559035902,0.51490435706695,0.5155685441020191
5,0.0006052731660043269,0.0006020912019719986,0.6723166843783209,0.6754117959617428
6,0.0006075833759491975,0.0006062943801109647,0.6713071200850159,0.6740568544102019
7,0.0006427432854801384,0.000638155626503238,0.6284626284094934,0.6337938363443145
8,0.0007403411865867793,0.0007381533453682404,0.5195802337938363,0.5204835281615303
9,0.0006187144103431972,0.0006174280004344256,0.6692260007084662,0.6706695005313497
