,loss/train,loss/valid,acc/train,acc/valid
0,0.0007034844455471528,0.000702174733592115,0.5498127150387282,0.5520097116998017
1,0.0006903387806043429,0.0006894258302186813,0.5528804596532262,0.5572024202979611
2,0.0006543641737870379,0.0006545097588213845,0.5941636582430806,0.5964178573244522
3,0.0007951310728204887,0.0007951134036260974,0.5,0.5
4,0.0007065471828542513,0.0007102365660038248,0.5595456009220182,0.5559503228758834
5,0.0006723656266186714,0.0006738811043371126,0.5457704106710056,0.5427937662073524
6,0.0006571648715441535,0.0006575516596070544,0.5796681412179454,0.5769308994762801
7,0.0006658720417254331,0.0006654763796663238,0.5846638192573007,0.5850854222809783
8,0.0006388231728800705,0.0006409055040195064,0.6217225131777427,0.6190255249911019
9,0.0007778959648804863,0.0007774308861808226,0.500080507110049,0.5000508465958204
10,0.0006413601311208297,0.0006469363351336649,0.6287986644294165,0.6222733512991305
11,0.0007946088676992019,0.0007946472382966131,0.5,0.5
12,0.0006571617474044954,0.0006589925765882106,0.5818460704055863,0.5740199318655616
13,0.0007960545505718228,0.0007959786021558514,0.5,0.5
14,0.0007127811878576628,0.0007157722970020634,0.540817104794834,0.5370544567041237
15,0.0007155044711009319,0.0007181986105662076,0.541855222792834,0.5383637565464993
