,loss/train,loss/valid,acc/train,acc/valid
0,0.0006494192626016075,0.0006462108712440635,0.6079632193701849,0.6142826712109916
1,0.0006459109847798796,0.0006427329689476967,0.6124276635779459,0.6187826179571839
2,0.0006800111671917294,0.0006730583817677727,0.5729665921113359,0.5786691873468953
3,0.0006106210906322668,0.0006058627134670095,0.667003940781766,0.6727686654595804
4,0.0006354419051570312,0.0006295510024444937,0.6378474810948983,0.6450234316753648
5,0.0006411746665388351,0.0006342864356199409,0.6267795647388789,0.6345058046650336
6,0.0006616544729012644,0.0006539060965629542,0.6041910746618383,0.6151613590371712
7,0.000680551657124983,0.0006755209458573886,0.5700820108637767,0.5778570667802748
8,0.0006271909263587952,0.0006211621121218035,0.653424219831718,0.6612525295558632
9,0.0006114536622641596,0.0006066522298053197,0.6668708062626478,0.6723293215464906
10,0.0006217103885690994,0.0006160329115163507,0.6527319203323038,0.6606933645755672
11,0.0006222932452646296,0.0006170475664820861,0.6495455675080768,0.6578309724145276
12,0.0006179468648123124,0.0006122318322519637,0.6598768061916427,0.6662717009266163
13,0.0007145164409003565,0.0007100026058254309,0.5236091880569461,0.5260411119395036
14,0.000607216538477914,0.000602856342696524,0.6707849611247204,0.6753781020342955
15,0.000651928482821021,0.000646238658759322,0.6108744275215678,0.6191154542549793
16,0.0006172965505648189,0.0006123661648949084,0.6596282884226222,0.6666178506763234
17,0.0006553741828547239,0.0006497721178347036,0.6008804629531012,0.6097028437533284
18,0.0006185418590212899,0.0006144197556725933,0.6584300777505592,0.664727340504846
19,0.0006128521383847698,0.0006097497581000882,0.6633028011502823,0.6665645968686761
20,0.0006315845559824727,0.0006269559911714599,0.6374835800759754,0.6457423580786026
21,0.0006196404989354759,0.0006145368033494542,0.655474491426137,0.6622909788049846
