,loss/train,loss/valid,acc/train,acc/valid
0,0.0005607345833008583,0.0005666178555798364,0.7196030643710091,0.7166592415943814
1,0.0005851354990604721,0.0005918257421703565,0.6873607798946513,0.6826109174768731
2,0.0006999330074645497,0.0007085422426716,0.5801208976475624,0.5729513352027045
3,0.000577246537409702,0.0005817374451711069,0.7031150362081466,0.7012172750858251
4,0.0007826365772016287,0.0007870872337215399,0.5051014614289333,0.5042847034775545
5,0.0005679386504750672,0.0005745737842676378,0.7138289787468225,0.7087711942136848
6,0.0005941321906221883,0.0006004570157414397,0.6653869336198538,0.6608205141644173
7,0.0006738841795036813,0.0006811077327216433,0.5964080120897648,0.5888453575827459
