,loss/train,loss/valid,acc/train,acc/valid
0,0.000565792152243636,0.0005710309020827947,0.711920298400552,0.7104614900809769
1,0.0005534041687230883,0.0005600352177358392,0.7257178297824017,0.7200005241227495
2,0.0005507055292114771,0.0005574123083837546,0.7329288852782655,0.7275020309756545
3,0.0005566736584598936,0.0005643124059016432,0.7283166050822436,0.7230076783982808
4,0.0005447985754667272,0.000551617083995234,0.7383229819090298,0.7335032364579784
5,0.0005530770359271567,0.0005603206136909626,0.7339596600190431,0.7295592127676301
6,0.0005525819709222541,0.0005594081060826215,0.734675961110092,0.7294347336146125
7,0.0005642647020619594,0.0005712147726259497,0.7164102832883461,0.7117521423517388
8,0.0005349214419679472,0.0005414913679344504,0.7500851699468015,0.7462721769438403
9,0.0005400040001672889,0.0005460267235308737,0.7434724879233383,0.740264419927147
10,0.0005421662502031732,0.0005483304288371741,0.7453374913738131,0.7409195733640819
11,0.0006011020217527524,0.0006088528873604352,0.6908461961791451,0.6847991299562357
12,0.0005659460711625183,0.0005700531142753713,0.7180263284327856,0.715807542126366
13,0.0005606267279836014,0.0005678003550156872,0.7138158756780838,0.7093870384444037
14,0.0006046532192846031,0.0006120547481595247,0.6735239393065856,0.6677847951990357
15,0.0005931139843082997,0.000596577890742334,0.689256357172183,0.687485259047669
