,loss/train,loss/valid,acc/train,acc/valid
0,0.0005614211681298854,0.0005670192212209239,0.719935008779056,0.7163316648759139
1,0.0005691799338509115,0.0005763653330828034,0.7118897245734951,0.7064191933750884
2,0.0005604145896602752,0.0005649913504312441,0.7231714667575146,0.7208325689876569
3,0.0005550700109482761,0.0005619154686622767,0.7321776426705802,0.7270368720354307
4,0.0007376942780307407,0.0007456006354988738,0.532128724547289,0.5277981603291491
5,0.0005493301651931983,0.0005553753888845387,0.7330904897927094,0.7296378311800624
6,0.0006044235620056547,0.000607005063319513,0.6694008403434751,0.669593018684976
7,0.0005430736451005824,0.0005496308336768024,0.7413017462022939,0.7369558950706255
8,0.0005485428243710711,0.0005557703725534208,0.7371087642059103,0.7319046620718572
9,0.0005507004055664924,0.0005562817691278993,0.731120661792325,0.7276658193348883
10,0.0005490559662286135,0.0005546513741900922,0.7351127300680486,0.7324222332870358
11,0.0005509974947098753,0.0005574678682100692,0.7347676825912629,0.7306664220760503
12,0.00059538365021666,0.0005991257678919167,0.6568000559064266,0.6554286013784428
13,0.0005553573620161395,0.0005614081208112777,0.7324047625287176,0.7277771954191672
14,0.0006274883222182998,0.0006350468001765161,0.6500738139538946,0.6441009984538378
