,loss/train,loss/valid,acc/train,acc/valid
0,0.0005722051978190932,0.000576207987194488,0.7112570785410292,0.7094017094017094
1,0.0006046990469679337,0.0006045568622377486,0.6789947592416729,0.682309802680173
2,0.0005699966435259517,0.000573287308499118,0.7170166367697232,0.7149678168196687
3,0.0005817891576061951,0.0005846435255839299,0.6983222538778094,0.6996544265062784
4,0.000682410307021277,0.0006892916864265529,0.5898403151489571,0.5824759945130316
5,0.0005728048056396555,0.0005759904926633538,0.7147831592276037,0.7146380711195526
6,0.00056449900918847,0.0005668606155089994,0.7222222222222222,0.7220639442861665
7,0.000580207501364779,0.0005844026156162127,0.701180049945482,0.6985860504379023
8,0.0005817837644456069,0.0005826156783345456,0.7002303823291478,0.703505856283634
9,0.0006829923826149357,0.0006821850801968331,0.5673824346663853,0.5711855017410573
10,0.0005865671687421175,0.0005882704276518818,0.6968010270479407,0.6969768914213359
11,0.0006410023170998294,0.0006408393705357879,0.6278709858956772,0.6315421546903028
12,0.00057473061208942,0.0005781904469880296,0.7102898244873553,0.708715838345468
13,0.0005807601064019053,0.0005850010944894563,0.702287995497872,0.7006436636066266
