,loss/train,loss/valid,acc/train,acc/valid
0,0.0006003296771019541,0.0005994057836000615,0.6890728476821192,0.6864111054508405
1,0.0007137206656800443,0.0007125455440153471,0.5396501952793343,0.5389327559857361
2,0.0006179191671864734,0.0006152631674138369,0.6555272542027509,0.6573357106469689
3,0.0007978775390321197,0.0007948826153971866,0.5001358464934624,0.5002929190015283
4,0.0007475204966958541,0.0007432602061280412,0.5310324333503141,0.5311258278145695
5,0.000745108047534096,0.0007450695464153163,0.5378162676175922,0.5337366276107998
6,0.0006817261114815213,0.0006753730222818138,0.6035489896417049,0.6050178298522669
7,0.0006872631329837487,0.0006826833216924176,0.5942095432161657,0.5964467651553744
