,loss/train,loss/valid,acc/train,acc/valid
0,0.0006319394670736811,0.0006348415943535383,0.637366276107998,0.6326795720835456
1,0.0005934917262827607,0.0005918960864605857,0.6838937001188656,0.6851120733571064
2,0.0005853928006915978,0.0005837699124173005,0.6944727457972492,0.6936576668364748
3,0.0005823284498923378,0.0005808916161148996,0.7006028188147393,0.698076923076923
4,0.0005770719148526068,0.0005772049367518918,0.7120054338597385,0.7098828323993887
5,0.0005845108700640681,0.0005827364610945517,0.693725590083206,0.6945491594498217
6,0.000562585777693075,0.0005621584524199845,0.7232042791645441,0.7216250636780438
7,0.000567100155958803,0.0005652412149715473,0.7181270164713873,0.71571574121243
8,0.0005527556003263515,0.0005529748166755214,0.7333927661742231,0.7308583800305655
9,0.0005650169503447924,0.000565204874508489,0.7194769910001698,0.7165690269994905
10,0.0005703311821543557,0.0005712475785174299,0.712761079979623,0.7083927661742231
11,0.0006029354977393154,0.0006010557110675184,0.6723552385804041,0.6741849210392257
12,0.000584229282904489,0.0005832063479200044,0.6965104431991849,0.6975547631176771
13,0.0005816247355332701,0.0005788469369230498,0.7020801494311428,0.7015537442689761
14,0.00059259127914693,0.000590108435978649,0.6874681609780947,0.6886016301579215
15,0.0005606401860359712,0.0005607518382176901,0.7250042452029207,0.7227967396841569
