,loss/train,loss/valid,acc/train,acc/valid
0,0.0004874658031556011,0.0004870917930390738,0.8100889635075937,0.8101951021825972
1,0.0004834206493200051,0.0004809285621730577,0.8125012061213068,0.8146384530770566
2,0.00046904925763435637,0.0004674751398456136,0.8282772728149906,0.8306316216059746
3,0.00046850949104267634,0.0004677830304626322,0.8282386769331712,0.829763214265038
4,0.0004714095568228569,0.00047023907102804473,0.8254211775603543,0.8272593064320037
5,0.00046701674229566987,0.0004658735867988488,0.8304579401377873,0.8318618653389683
6,0.0004652262371820702,0.00046478010399605355,0.8314710820355468,0.8331210559833265
7,0.000464152679818984,0.00046368901385061785,0.8319438815878346,0.8323973831992126
8,0.0004623725942170441,0.0004609603496698764,0.8348771686061097,0.8364210038788861
9,0.000482651363609588,0.00047920166830179255,0.810465273355333,0.8140450413940833
10,0.00047009690050962025,0.00046796870101880564,0.8274860572376928,0.8290540149366062
11,0.0005398155875975186,0.0005452277063667785,0.7477180184874274,0.7406646210849303
12,0.00047111885750863563,0.0004734021381767859,0.8277755263513383,0.8264487929137961
13,0.0004720811192809313,0.0004700097097806964,0.8241764603716784,0.8260001157876454
14,0.0004989743079169088,0.0004954050847011677,0.7955093691503117,0.7993544838765704
15,0.00047817774222384324,0.00047535815476294584,0.8198826685192689,0.8229027962716379
