,loss/train,loss/valid,acc/train,acc/valid
0,0.0004929040857287015,0.0004914167452988983,0.8038557285937591,0.8056649105540439
1,0.0004983949253837426,0.0004962542037299116,0.7982593257299446,0.7996873733572628
2,0.00047615786321017923,0.0004744817274346829,0.821252822323858,0.8229317431830023
3,0.00046885433190396064,0.0004676177089245934,0.8289334028059206,0.830544780871881
4,0.00047092410575308544,0.00046983733406590305,0.826617649896756,0.8282435014183986
5,0.0004730688713875002,0.00047164477900956867,0.8244273336035045,0.8251317084467087
6,0.000491031662042903,0.0004939280330862188,0.8033732800710164,0.8018728651652869
7,0.00046312609882737907,0.00046218454135573333,0.8351473397788456,0.8355381230822672
8,0.00046011774247646764,0.0004586814231176337,0.8378104556243848,0.8396051641289874
9,0.00046226943777340863,0.0004621351103573401,0.8349640093402034,0.8357841718288659
10,0.0004883041640687503,0.0004918313246240407,0.8093652907234798,0.8052307068835756
11,0.00046869674290079324,0.0004671935701849202,0.8277851753217932,0.8296040062525328
12,0.0005168377227027169,0.0005124919877816716,0.7768193133792625,0.7819139697794245
13,0.0004666737539070387,0.0004668328439824273,0.8307763561627974,0.8310802987321253
14,0.0005062489191401218,0.0005026063868065435,0.7935023832957023,0.7971110982458172
15,0.00046358578062800096,0.0004622983105525099,0.8349736583106583,0.8358854860186418
