,loss/train,loss/valid,acc/train,acc/valid
0,0.0006026702173162404,0.0005999725006083506,0.6765718748890546,0.6812227074235808
1,0.000572947735992463,0.0005709345106601664,0.7099975148223098,0.7131883054638407
2,0.0006057825581598372,0.0006041224597170529,0.6546046792345652,0.6556342528490787
3,0.0005920372730619031,0.0005892111776684887,0.6897521922817481,0.6942432633933326
4,0.0005885643841093093,0.0005875408073331947,0.6890066389746867,0.6916338268186175
5,0.0005863738742656642,0.0005822071859358928,0.6913231796073419,0.6978645223133454
6,0.0005690601438143199,0.000568170205595039,0.7159796925480172,0.7163968473745873
7,0.0005834464877965533,0.0005826424469657314,0.6981574182554052,0.6997017786771754
8,0.0005528695010320402,0.0005526555566592699,0.7334913196293535,0.7358344871658323
9,0.0005824356190917142,0.0005807732312757248,0.7025952355593424,0.7036825007988071
10,0.0006479909725199705,0.0006451208923289361,0.6233979479532786,0.6268638832676536
11,0.0005971093083755206,0.0005940709186509364,0.6768558951965066,0.6814623495579935
12,0.0005741027751644228,0.0005728520237925919,0.7112046011289808,0.7139338587709021
13,0.000578659880583239,0.0005760949379987185,0.7049472787304292,0.7067845350942592
14,0.0005676039659664198,0.0005642556932447615,0.7182429793730252,0.7237192459260837
15,0.0005622671008275104,0.000560530155360705,0.7250062129442255,0.7266615187985941
