,loss/train,loss/valid,acc/train,acc/valid
0,0.0006802660311678158,0.000678573280258648,0.5703926580750524,0.5726914474384919
1,0.0007136027902765735,0.0007113405742486809,0.5558987467603934,0.5583928000852061
2,0.0006068561056972494,0.0006048111730089634,0.6737316718145347,0.6751251464479711
3,0.0007513450028082304,0.0007512369089480063,0.518168424042319,0.5194775801469805
4,0.0007387895706968151,0.0007367380719645004,0.5308162033585402,0.5320188518479071
5,0.0006071766221781874,0.0006042473904557573,0.6719742961621756,0.675271594419001
6,0.0006287096925753012,0.0006259739246595933,0.649252671566017,0.6528650548514219
7,0.0006363684794314267,0.0006338763069085692,0.6306848439663436,0.6316300990520822
8,0.0006166731956376094,0.0006138431851647256,0.661128270671353,0.6639817871977847
9,0.0006043017434291736,0.0006005970757410592,0.6777168317534704,0.6826605602300565
10,0.0006058539146558839,0.000602848350919211,0.6666045372244116,0.6717701565661944
11,0.0005884774688689621,0.0005865959738857233,0.6955124791422587,0.6966130578336351
12,0.000769382356649331,0.0007679926703463526,0.5157720026981929,0.5160959633613803
13,0.0005836090727067753,0.0005813082637453196,0.6955923598537296,0.6967195654489295
14,0.000615809499110709,0.0006119472818108511,0.6590957503461498,0.665512834167643
15,0.0006433666232769264,0.0006412505803556155,0.6245872829907338,0.6295665140057514
16,0.0006828297128116005,0.000680358985010231,0.5764192139737991,0.5804665033549898
17,0.0006772185022019137,0.0006776348054758186,0.539665211062591,0.5390084141016083
18,0.0005989321615468514,0.0005965396041356663,0.6841161643057478,0.6877862392161039
19,0.0007455040518119447,0.0007459880641911253,0.5056804061490396,0.5052854404089893
20,0.0005975876141183609,0.0005961910147282983,0.680920935846913,0.681062946000639
