,loss/train,loss/valid,acc/train,acc/valid
0,0.0005786127445340457,0.0005888536428914844,0.7054326130348,0.7010413954699297
1,0.0005703177637682704,0.000579912394510213,0.7112470710752409,0.7061572507159594
2,0.0005764232905262989,0.0005846121276427421,0.6969365616592901,0.6947800052069774
3,0.0005812268026233247,0.0005890508720385038,0.6933697821747808,0.6901978651392866
4,0.0005573997235407817,0.00056743024693464,0.7279875032543608,0.7223900026034886
5,0.0005545992802841159,0.0005660048959715172,0.7315889959212011,0.7243165842228586
6,0.0005493579055248506,0.0005612072946813634,0.736648442245943,0.7286774277531892
7,0.0005526474684381158,0.0005638135601474233,0.7324915386618068,0.7264644623795886
8,0.0005420724152587597,0.0005542823289775873,0.7445630478174087,0.7363967716740433
9,0.0005485436459708253,0.0005599435706897131,0.7372212097544042,0.7297708929966155
10,0.0005847432314806449,0.000593752824245285,0.6919725765859586,0.6858500390523301
11,0.0005529980775145704,0.0005649392926360878,0.7326737828690445,0.7250325436084353
12,0.0005556856552408065,0.0005659672655931397,0.7267031155081142,0.7196433220515491
13,0.0005555364470675124,0.0005684236248344594,0.7309554803436605,0.7226633689143452
14,0.0005662413021244233,0.0005765511192899295,0.7156990367091903,0.7092423847956262
15,0.0005445431542564139,0.0005570900631087486,0.7413434001562094,0.733910439989586
