{
  "expected": 0.9403220172000993,
  "up": 0.9517285214151874,
  "down": 0.9288111709829482,
  "observed": 0.9413248374821152,
  "difference": 0.0010664647468340796
}