{
  "expected": 0.944035133988703,
  "up": 0.9552801677662189,
  "down": 0.932605653410992,
  "observed": 0.9431808391252334,
  "difference": -0.000904939692085416
}