{
  "expected": 0.9439821734777277,
  "up": 0.9556783818314937,
  "down": 0.932229938140098,
  "observed": 0.9452571727686456,
  "difference": 0.0013506603479816477
}