{
  "expected": 0.9560334623673237,
  "up": 0.9695782332534016,
  "down": 0.9418975138228539,
  "observed": 0.9567659490582996,
  "difference": 0.000766172649608039
}