{
  "expected": 0.9555413201006852,
  "up": 0.9699567323329227,
  "down": 0.9406326599061158,
  "observed": 0.953338195192829,
  "difference": -0.002305630182087763
}