{
  "expected": 0.955306184661759,
  "up": 0.9706813802437676,
  "down": 0.9396390741150202,
  "observed": 0.9499547970530964,
  "difference": -0.0056017512443482685
}