,loss/train,loss/valid,acc/train,acc/valid
0,0.000551125428325964,0.000548131433958006,0.7391883286053378,0.7424448561338505
1,0.0007998816479627876,0.0007999446619394126,0.5,0.5
2,0.0005189397181310488,0.0005179794894201716,0.7792122580520658,0.7798297921611764
3,0.0007986325315765768,0.0007990592950359242,0.5,0.5
4,0.0006945980015254498,0.0006944946834721231,0.5805496053571084,0.5809789845423493
5,0.0006032757708805443,0.0006112325271209914,0.6843049846581369,0.6748393446419267
6,0.0008000213247459051,0.0007997664984697156,0.5,0.5
7,0.0007974257264479305,0.0007978029691896255,0.5004245547000135,0.5004342036704683
8,0.0007752879484117706,0.0007744613884568235,0.5029718829000945,0.5026052220228102
9,0.0006281452219995888,0.0006250972005341358,0.6657693124143654,0.6679499797371621
