,loss/train,loss/valid,acc/train,acc/valid
0,0.0004928491545371329,0.0004910088185705571,0.8010768251027616,0.8036531002142071
1,0.0004855634210013964,0.00048621539374807935,0.8152222157895752,0.8150581832918428
2,0.0005314156265559142,0.0005295739420686137,0.7806981995021132,0.784953395472703
3,0.000516985413256076,0.0005145491089147554,0.7778517532179317,0.7811179297168992
4,0.0005313594772528649,0.0005276483985425726,0.7615546421196858,0.7650379204538875
5,0.0004963656428140046,0.0004943702489625929,0.7985005499913159,0.8016557633300527
6,0.0004929510488723434,0.0004939149966190514,0.8031899496323742,0.8026978521391768
7,0.0006323789772204922,0.0006297400540098611,0.6445898222659642,0.6470213628205871
8,0.0005141805286825609,0.0005102949710309951,0.7804859221521063,0.7847652405488335
