,loss/train,loss/valid,acc/train,acc/valid
0,0.0006546590404723885,0.0006537913447429769,0.5924993146929824,0.5940326891447368
1,0.0006456807400753492,0.0006459571067305086,0.6043636924342105,0.6054430509868421
2,0.000613064252416064,0.0006154955519473573,0.6635399533991229,0.6607601768092105
3,0.0006047696811596357,0.0006080880925047064,0.6754642955043859,0.6726588199013158
4,0.000600829174672662,0.0006032537532614936,0.6717208059210527,0.6682514391447368
5,0.0007071863321726324,0.000706314982380718,0.5559724506578947,0.557630037006579
6,0.000584286541102062,0.0005876952001065211,0.6889305783991229,0.6850071957236842
7,0.0005906303530648808,0.0005932451068043807,0.6867204632675439,0.6835680509868421
8,0.0005830501802592424,0.0005864486761550468,0.6924770422149122,0.6891447368421053
9,0.000644273517281634,0.0006442924978297302,0.6167420504385965,0.6168405633223685
10,0.0007665015996041659,0.0007653525895684174,0.5205249451754386,0.5215100740131579
11,0.0006199199236569959,0.0006246205869645468,0.6520096628289473,0.6462145353618421
12,0.0006902978266385107,0.0006939191026551845,0.5768229166666666,0.573473478618421
13,0.0007524109923427826,0.0007538172051825217,0.5133206551535088,0.5119885896381579
14,0.0006462191282608138,0.0006492692168409887,0.6232610334429824,0.6199758429276315
15,0.0005915707427591674,0.000595689758100841,0.6858209978070176,0.6806126644736842
