,loss/train,loss/valid,acc/train,acc/valid
0,0.0004939556613216164,0.0004969908731170202,0.7972924256223437,0.7963200136612022
1,0.00047457960994634835,0.0004774519015028937,0.82039313904068,0.8195440573770492
2,0.00048579501737933774,0.0004878694658932736,0.80871470856102,0.8105646630236795
3,0.00047916361613116557,0.00048292607182674177,0.8170157862780814,0.8153033925318761
4,0.0005521135552858105,0.0005526159913745625,0.7309407255616271,0.7340334699453552
5,0.0005216016261665909,0.0005280174516847116,0.7639173497267759,0.7576132741347905
6,0.00046301853114147584,0.0004658705740658149,0.8324889951426837,0.8318818306010929
7,0.0004714341304345824,0.0004729375935317389,0.8240551001821493,0.8254923724954463
8,0.00046980495462290215,0.0004716576526589515,0.8256109593199757,0.8274561703096539
9,0.000488883632494778,0.0004930370287945959,0.8023015330904675,0.8002903005464481
10,0.0004791130937192573,0.0004813023058287053,0.8139704766241651,0.8145349499089253
11,0.0005429456356526072,0.0005484247802398787,0.7411391924711597,0.7384591302367942
12,0.0005828961040134783,0.0005903893170745972,0.6960951730418944,0.690431466302368
13,0.0004964558106270898,0.0004977779348426666,0.7963532179720705,0.7977003642987249
