{
  "expected": 0.9343808614022031,
  "up": 0.9384693067045585,
  "down": 0.9302948916002297,
  "observed": 0.9339873425722433,
  "difference": -0.0004211546342776284
}