{
  "expected": 0.9329309755744042,
  "up": 0.9389153557067039,
  "down": 0.9269515587599724,
  "observed": 0.9433336800641631,
  "difference": 0.01115056179086985
}