,loss/train,loss/valid,acc/train,acc/valid
0,0.0006354201276519643,0.0006345416321234288,0.6315407968344932,0.6309737003683995
1,0.0007564001738911258,0.000754806686557198,0.5019187474416701,0.5018419975440033
2,0.0006033248611293689,0.000607047764095697,0.6729900054577705,0.6679415677445764
3,0.0007952492463526093,0.0007928956312981728,0.5,0.5
4,0.0005994202966359225,0.0006009825610914437,0.6781876790830945,0.672923915268113
5,0.0006004178293963248,0.0006001283190885236,0.6748831696002183,0.6740367887842816
6,0.0007730270845838159,0.0007703978075778148,0.5034537453950061,0.5038183074089234
7,0.0007150711021277439,0.0007117828152192405,0.5501219470596261,0.5515375562832583
8,0.0006579184483572574,0.0006562300701940153,0.6143616114067404,0.6146515554645927
9,0.0007740816576433045,0.0007728485125976657,0.5,0.5000063958248055
10,0.0007258860287870939,0.000723277501124512,0.5229183722199482,0.5240930720425706
11,0.000712377693352115,0.0007139605874477036,0.5428776094965206,0.5402617171510438
12,0.0007210843806898533,0.0007231658990973339,0.5525139855369082,0.5482437065083913
