,loss/train,loss/valid,acc/train,acc/valid
0,0.000628526731053239,0.0006266235654531088,0.6314481485426208,0.6346522526360635
1,0.0005829074368223103,0.0005822765852889766,0.6983083040437391,0.6993023751198211
2,0.0006040796490994049,0.0006053498851401012,0.6740511946604182,0.671171051230163
3,0.0006119108116063429,0.0006091063997910317,0.6607643696524301,0.6632096069868996
4,0.0005727712392053669,0.0005719546252056768,0.7128288422622218,0.7136809031845777
5,0.0005702063312722492,0.0005727683589067153,0.7109383320907445,0.7086617318138246
6,0.0005777670705297713,0.0005781884210053083,0.7038644513082686,0.7024044094152732
7,0.000567842789781772,0.0005676832999559952,0.7177104412965527,0.7173154755565023
8,0.0005805753894891163,0.0005820454863557827,0.6979355273902084,0.6960938332090745
9,0.0005720963240490853,0.0005714752407726077,0.7114886214364327,0.7112844818404516
10,0.0005957027465749414,0.0005958870335792833,0.6811250754428941,0.6805437213760784
11,0.0006016698879280948,0.00060253962755381,0.6811605779813257,0.6785866439450421
12,0.000616069223805688,0.0006164834871435841,0.6626548798239074,0.6609463201618916
13,0.0005700506988617755,0.0005705334283455148,0.7119856569744737,0.7126158270316327
14,0.0005759556311601504,0.0005757932446358214,0.7068289132672986,0.7073037597188199
