,loss/train,loss/valid,acc/train,acc/valid
0,0.0006284246273889249,0.0006290578539981694,0.6416462527070685,0.6420678453509426
1,0.0006915427281223649,0.0006909040982749392,0.5571413356054958,0.5580732772393227
2,0.0006508154316265396,0.0006530211827970564,0.6188181204956155,0.61383001384599
3,0.0007341010761526771,0.0007347028088691529,0.5,0.5
4,0.0007245204198744307,0.000724757319346621,0.5075709163205169,0.5078149962722335
5,0.0007421088888651351,0.0007418639619061711,0.5,0.5
6,0.0007594353340006181,0.0007601247802622745,0.5001597614229417,0.4999866865480882
7,0.0007904324129450777,0.0007904671717406158,0.5,0.5
