,loss/train,loss/valid,acc/train,acc/valid
0,0.0005690151236041513,0.0005651421793832874,0.7140849690586378,0.7165740198946753
1,0.0006029955221177467,0.0005972418079820616,0.6721545472276894,0.6782209160061705
2,0.0005864040809148871,0.0005824765339798925,0.6886270546305655,0.6917123251236768
3,0.0006829731371528847,0.0006784383050811641,0.5698086777665479,0.572729932443215
4,0.0006523091851146217,0.0006487744856536424,0.6141683068248311,0.6158838236076387
5,0.0005763763799344716,0.0005720908570222395,0.7043770058691066,0.7097784456620033
6,0.0005762796445880175,0.0005726032179019204,0.7032776566129404,0.7072251183573595
7,0.0005887362644355627,0.0005850438255472091,0.6884541730943136,0.6901563912974095
