,loss/train,loss/valid,acc/train,acc/valid
0,0.0005610031792717474,0.0005565471160480954,0.7198787169530294,0.7238017979679771
1,0.0005508454339073924,0.0005469472690544024,0.7312623011862334,0.7354580030852705
2,0.0005549903027201375,0.0005506993927780102,0.7267540826639715,0.7306439172296398
3,0.0005620875437234267,0.0005573170948513037,0.715139989715765,0.7192071386775892
4,0.0005796812927202737,0.0005751796523727847,0.7042041243328546,0.707876748763232
5,0.0005585530547129126,0.0005534664541522558,0.723841693707112,0.7291611255917868
6,0.000563757800420937,0.0005595943912260519,0.7145858822277781,0.7180169157933932
7,0.0005520415421396498,0.0005476257887011646,0.7288508253985141,0.7318075429544124
8,0.0005538356129361384,0.0005497298173634535,0.725331134634821,0.7284629501569232
9,0.0005468761431383918,0.0005432731495289621,0.7367900774863911,0.7393810841002181
10,0.0005777597304242091,0.0005733645389077385,0.6938046349983155,0.6968389276025321
11,0.000564368160142521,0.0005589700952712079,0.7156231714452896,0.7209359540401085
12,0.0005558477796400549,0.0005507694042181105,0.724737131407699,0.7294337464758763
13,0.0005712239437835306,0.000566187298191983,0.7069613631930777,0.7128038725464121
14,0.0005736146306840232,0.0005697582585455617,0.7094216004397397,0.7128969626043938
15,0.0005536764862266951,0.0005490547473604764,0.7290813341135167,0.7316080642587371
16,0.0005508538223334715,0.0005468958010349612,0.7337845984715499,0.7364088515346561
