,loss/train,loss/valid,acc/train,acc/valid
0,0.0004896751094318558,0.0004892820441811899,0.8070495378143152,0.8078938227291148
1,0.00046922204369973593,0.00046810424309561417,0.8309114417491653,0.8319631795287443
2,0.0004554525957777632,0.0004555419038236918,0.8445840328836913,0.8443958779598217
3,0.0004511465863592224,0.00045062337800319503,0.8485594087110905,0.8497076361952179
4,0.00045574319502050305,0.0004550307162668077,0.8444296493564136,0.8456695420598622
5,0.00044692463065871245,0.0004471458073241526,0.8527374129180416,0.8530799513691889
6,0.00045060644363680187,0.00044922782210092365,0.8495436036974855,0.8517918138134661
7,0.00044070951244202085,0.00044024405970885647,0.8599162469364519,0.8606206217796561
8,0.00043999926976832394,0.0004392655818993648,0.8614600822092283,0.8616482371330979
9,0.00044274865895415976,0.0004416271122834047,0.8583917096045852,0.8600272100966827
10,0.00044648288465820216,0.00044769980692735097,0.8537987996680754,0.8519076014589243
11,0.0004426126689999596,0.0004421736651880894,0.8578610162295683,0.8588838070977827
12,0.00044270009064095115,0.0004427003608051948,0.8579768038750265,0.8576535633647889
13,0.00043987700858615173,0.00043986353876346003,0.8607460583955692,0.8614311352978637
14,0.00044559162734027316,0.00044460943480837653,0.8548601864181092,0.8558588548601864
15,0.0004372297688027792,0.00043720810318327195,0.8635442598274764,0.8636021536502055
16,0.00043492489397421117,0.00043445967445360835,0.8668056118412165,0.8663521102298385
17,0.0004396791724435048,0.0004388544317478312,0.8610548254501245,0.8623719099172118
18,0.0004550419165085595,0.00045738665515682343,0.8440050946564002,0.8408933016847102
19,0.0004438007521347293,0.00044436354106215024,0.8566066500704375,0.8559312221385978
20,0.000441540798473971,0.0004406074529025976,0.8592408190046122,0.8600851039194118
21,0.0004666256117603113,0.00046494534918645354,0.8325614156969451,0.8351473397788456
22,0.0004404776229519582,0.00043903711655058074,0.8600320345819101,0.8617206044115093
23,0.0004423567157693573,0.00044122131725015453,0.8581215384318494,0.8591153823886991
