,loss/train,loss/valid,acc/train,acc/valid
0,0.000463066651751269,0.0004631087893063013,0.8340795805707835,0.8353950805085962
1,0.000516370881052352,0.0005196490569645843,0.779680070415124,0.777044286903361
2,0.00047198656784646774,0.0004728932011374164,0.8252968246223319,0.8256651646049195
3,0.0006111542119231959,0.0006131426182937644,0.6699195392401672,0.6705461955741798
4,0.0005944273769915376,0.0005954885696804362,0.6896903073964582,0.690199764645102
5,0.0004726073660206868,0.0004745893329420435,0.8234790428900816,0.8227447547429753
6,0.0006317277373582179,0.0006341988743181252,0.6506223510614889,0.6496799747424012
7,0.000470847303411616,0.00047324556285418504,0.8250098064540818,0.8237277919692316
