,loss/train,loss/valid,acc/train,acc/valid
0,0.0007804156769612535,0.0007748307012015469,0.5085659467535996,0.5098436226568868
1,0.0006663349027730499,0.0006677181677803239,0.6145069274653626,0.6096806234718827
2,0.0007994314172416237,0.0007957271220558721,0.5,0.5
3,0.000790830558893053,0.0007887890702075558,0.5011036403151318,0.50114608801956
4,0.0007929011123825175,0.0007889007613633644,0.5002716653083401,0.5003310920945395
5,0.0008008793513554978,0.0007974494069498928,0.5,0.5
6,0.0007682373583786386,0.0007672834960772628,0.512190980711763,0.512263141809291
7,0.0007031935180368647,0.0007024294307368892,0.5174290274381962,0.5157523431132844
8,0.0006357654321941789,0.0006325502076111097,0.6481255093724532,0.6479726976365118
9,0.0007555633044556994,0.0007518385874734434,0.515646223852214,0.5166182762836186
10,0.000644452403851321,0.0006385782996181948,0.6444495381689759,0.6468648125509372
11,0.0007902307643842775,0.0007875675582968324,0.5006706737299647,0.5008149959250203
12,0.0007916094835961976,0.0007880704345359196,0.5054927329530019,0.5053229421352893
13,0.0008001676969345546,0.0007967344844241694,0.5,0.5
14,0.000800632046122196,0.0007974143468675423,0.5,0.5
15,0.0007962093806702363,0.0007930116230028377,0.5000084895408856,0.5
