,loss/train,loss/valid,acc/train,acc/valid
0,0.0005153343092783625,0.0005170180350338501,0.7747799028536734,0.7758139799635702
1,0.00047205887004307857,0.0004753162859615027,0.8215505464480874,0.8200848132969034
2,0.0006253687002140244,0.0006285870323917796,0.6480248178506375,0.648039048269581
3,0.0004975000050305669,0.0005029069055346789,0.7934976472374013,0.7902436247723132
4,0.0006096414819079308,0.0006116042812719588,0.6787056010928961,0.6792463570127505
5,0.0005060325593828395,0.0005087077766928299,0.7877200971463266,0.7867002504553734
6,0.0005059408161927153,0.0005081686490675085,0.7880900880388585,0.7885502049180327
7,0.00063845822242675,0.0006399388782992172,0.6484137826350941,0.6504155282331512
8,0.0004554722940466696,0.0004589990606677391,0.8387314055859137,0.8371613160291439
9,0.0005487556861624185,0.0005514699472063552,0.7353711293260473,0.7357411202185792
10,0.0004909274942435564,0.0004949536389130115,0.8048345476624165,0.8036913706739527
11,0.0004925274900282305,0.0004953702005009779,0.7999582574377656,0.7984403460837887
12,0.0005525799793868117,0.0005547068478753332,0.7346216605950212,0.7341046220400729
13,0.0005019030654740717,0.0005064722433014483,0.7876252276867031,0.7847649134790529
14,0.0004398059232797164,0.0004424476442190196,0.8569463418336369,0.856841985428051
15,0.0005502503763366339,0.0005520320164959178,0.7322214632665452,0.7353995901639344
16,0.0004532261192911708,0.0004571650100054257,0.8440535822707954,0.8411173724954463
17,0.00044163917098024723,0.0004451638456596866,0.8543184578020644,0.8525159380692168
18,0.0004440986321765181,0.00044709215074682605,0.8512921220400729,0.8506659836065574
19,0.00047579318574507017,0.0004786361209905701,0.8125948694596236,0.812101548269581
20,0.00043857082951888576,0.00044192070860707476,0.8582270795385549,0.8566427595628415
21,0.0005571556774617762,0.0005602033576420857,0.7249449757134183,0.7242287112932605
22,0.00046033051224571325,0.0004625304318788056,0.8314644049787493,0.8320952868852459
23,0.0004746116809185049,0.0004780956400636387,0.8208674863387978,0.8189179189435337
24,0.000493994798922926,0.0004970627808892499,0.7936304644808743,0.7935450819672131
25,0.0004417054150445793,0.0004449467949114591,0.8548781876138434,0.854493966302368
26,0.0005358738669787455,0.0005381641526094117,0.7549521857923497,0.7552652550091075
27,0.0004502676860511339,0.00045371543359900326,0.8422605494839102,0.8411600637522769
