{
  "expected": 0.9360275764170118,
  "up": 0.9399434571045394,
  "down": 0.9321140585442742,
  "observed": 0.9369305310496399,
  "difference": 0.0009646666993342293
}