{
  "expected": 0.9345204388117698,
  "up": 0.9406053904690763,
  "down": 0.9284411860512055,
  "observed": 0.9458956624162883,
  "difference": 0.012172257697201278
}