,loss/train,loss/valid,acc/train,acc/valid
0,0.000569138849794394,0.0005784796639613514,0.7117417339234574,0.7086045300702942
1,0.0005849476366689468,0.0005922454032262331,0.6967196042697215,0.6959645925540224
2,0.0006003089148913635,0.0006064157705076099,0.6727241169834245,0.6706977349648529
3,0.0005609793592883535,0.0005723753049329556,0.7238392779658075,0.7169356938297319
4,0.0005735567674799883,0.0005842745451528682,0.7081489195521999,0.7012106222337933
5,0.0006226424240645958,0.0006354356868848674,0.648468280829645,0.6407966675344963
6,0.0005586442631441179,0.0005699373888367323,0.7252191269634644,0.718341577714137
7,0.0005529020216009181,0.0005638570206390636,0.7324134340015621,0.7247331424108305
8,0.0005467392085875776,0.0005587881825237776,0.7394081402412566,0.7316193699557407
9,0.0005577885048325087,0.0005695409799298716,0.7297925887355723,0.72274147357459
10,0.0005603190765895643,0.0005708796015570357,0.721999479302265,0.7161546472272846
11,0.0007972921890009507,0.0008029071956027209,0.5,0.5
12,0.0006369174954420078,0.0006435160004077743,0.627397379154734,0.6260999739651133
13,0.0005884948382410316,0.0005965934511088854,0.6884231536926148,0.6860062483728195
14,0.0005633492054112057,0.0005747812244613417,0.7172871648008331,0.7102317104920594
15,0.0005481080691102457,0.0005598072884946216,0.7387225548902195,0.7310856547774017
16,0.0005441140075384986,0.0005560695744839475,0.7432005554109173,0.734444155167925
17,0.000584354661233742,0.0005963919995135859,0.6992883797622147,0.692059359541786
18,0.0005608756173084275,0.0005707510969844283,0.7221904018050855,0.7176126008851862
19,0.0005590213293790465,0.0005703979794229886,0.7264861581185456,0.7195391825045561
20,0.000552733679731449,0.0005638845969040982,0.7331684457172611,0.7252278052590472
21,0.0005526890597864436,0.0005639509286026383,0.7337151783389743,0.7272845613121582
22,0.0005558204171889918,0.0005663780604635356,0.7290896467933697,0.723717781827649
23,0.0005470350122199356,0.0005598821170750276,0.7397986635424803,0.7314110908617547
