,loss/train,loss/valid,acc/train,acc/valid
0,0.0006428129451854888,0.0006390855759200083,0.6047269763651182,0.6065861858190709
1,0.000596319137283299,0.0005940119739691708,0.6843758489540885,0.6836669722901385
2,0.0006144648391011616,0.0006120222610798714,0.6653847459929367,0.6665138549307253
3,0.0005954468161823049,0.0005931377702353927,0.6882301005161641,0.6883277302363489
4,0.0005829652441937261,0.0005820794752096877,0.6935190844879109,0.6922371638141809
5,0.000638372949695205,0.0006346551066882355,0.6378361858190709,0.6399246128769356
6,0.000603245682073203,0.0006028021645550817,0.6630840804129313,0.6591024857375714
7,0.000676825109750834,0.0006756956545604178,0.606424884542244,0.6059367359413202
8,0.0005914490493872152,0.0005885953586108333,0.685691727791361,0.6867232070089649
9,0.0007198111398797811,0.0007163246937199346,0.5683492936701983,0.5689308272208639
10,0.0007381429422633604,0.0007366687689392471,0.5540953545232273,0.5521979421352893
11,0.0006073039891367793,0.0006052739500768707,0.6672439554468894,0.66917532599837
