,loss/train,loss/valid,acc/train,acc/valid
0,0.0005978841920348788,0.0005979179472623129,0.6785600170412185,0.67901267440622
1,0.000587342662148427,0.0005896976960582694,0.6881634536869387,0.6870140590052188
2,0.0006036723215968421,0.0006051962566916612,0.6732701388149253,0.6731281286611993
3,0.000582090887893193,0.000582119150212022,0.6961160222955941,0.6959207583342208
4,0.0006046027085835862,0.0006057888091670679,0.6711133596052118,0.6723825753541378
5,0.0006029766007861623,0.0006036393249970628,0.6741665779103206,0.6737671743529663
6,0.0006070932598969263,0.0006068577028359452,0.6770689104270955,0.6785600170412185
7,0.0007002283048125279,0.0006999316943607235,0.5716885007278021,0.5728778357652572
8,0.0005750603447217091,0.0005753144537733442,0.7065005147868073,0.7069842368729364
9,0.0007045887770115955,0.0007066656908284031,0.5472272517485001,0.5449994674619235
10,0.0005806484314717097,0.0005806657410376444,0.7002698192920794,0.7005272126957077
11,0.0005909231124935081,0.0005917428300421082,0.6933201973941137,0.6923128128661199
12,0.0005904437672085887,0.0005910130230963249,0.6921486136258742,0.6913808712322931
13,0.0006434614871787193,0.0006442859107052153,0.6398800014201015,0.6394051549685803
14,0.0005997527279225589,0.0006010997244910268,0.6843203039017289,0.6830333368835871
15,0.0005848870772745264,0.0005859246280884283,0.6946604182199028,0.6930983065289168
