,loss/train,loss/valid,acc/train,acc/valid
0,0.0005156233135792918,0.0005128603578062427,0.7805824118566549,0.7848231343715626
1,0.00048078567174384665,0.0004791881892771255,0.8190625060306065,0.8205870433624732
2,0.0005469788946030894,0.0005505606225843623,0.7411567185781277,0.7364094251143403
3,0.0005085110180113726,0.0005143841781731052,0.7852525135568035,0.7778324552770219
4,0.000477502876544197,0.00047802306305780355,0.82079932071248,0.8201528396920048
5,0.0005168247433165527,0.0005135266423563575,0.779337694667979,0.7827823771203613
6,0.0004983282214150213,0.000494931910935601,0.8000733321754568,0.8036675736698894
7,0.0004707815697437044,0.000469048980856193,0.8286921785445494,0.8298066346320847
8,0.0005012275421227641,0.0004988059613732701,0.7946699087207395,0.7970676778787703
9,0.0004769783929956859,0.0004788188189690828,0.8211659815897644,0.818864702136282
10,0.0005255535458600076,0.000529125246563818,0.7643238966402285,0.7596972153071267
11,0.0004919235005230847,0.0004938144687771735,0.8046951890233313,0.8021044404562033
12,0.0005112908599842253,0.000507638087002382,0.7878480866091588,0.7924072251490766
13,0.0006255793012222119,0.0006294668795700418,0.6530712672957796,0.6496121113877149
14,0.0004782562669925259,0.0004762105023909932,0.8210791408556707,0.8232067388409656
