,loss/train,loss/valid,acc/train,acc/valid
0,0.0004850122939960819,0.0004847166783827744,0.8139389027190799,0.8143200370520466
1,0.0004992393587379063,0.0005000325254433847,0.8041644956483143,0.8040004631505818
2,0.0005219390729371822,0.0005185702476077438,0.7719755302109265,0.775704857291727
3,0.0005356974080361685,0.0005319719178823054,0.7559003454331423,0.7594801134718926
4,0.0005427952861217207,0.000540123020416266,0.7472259209942299,0.7513605048341342
5,0.0004910321046004027,0.000494346281842794,0.8078889982438874,0.8045649279221907
6,0.000558110804211714,0.0005550265134481676,0.7306200428414288,0.7342384067619985
7,0.0005141157401625111,0.0005104436047868227,0.7809297747930296,0.7855612806113588
