,loss/train,loss/valid,acc/train,acc/valid
0,0.0006310157296355546,0.0006301082569351053,0.631639937745297,0.6289458993097848
1,0.0006315220247700534,0.0006301251977040813,0.6312677628907836,0.6307475639464069
2,0.0006872846988593311,0.000684119069020873,0.5088391527946948,0.5099218432805521
3,0.000772553969601653,0.0007692665093091751,0.5,0.5
4,0.0007058643328956378,0.0007042512343005344,0.5044830152930031,0.5038570848558668
5,0.0007491485726318689,0.0007465193445151093,0.5,0.5
6,0.0006415165899280348,0.0006413713961210476,0.6142492218162133,0.6071990458790093
7,0.0006722007060239724,0.0006691684951711563,0.5578224387603193,0.5625507511165245
8,0.0006474117763690365,0.0006441193323853149,0.6083197997022601,0.6122614697523345
