,loss/train,loss/valid,acc/train,acc/valid
0,0.0006325475494446008,0.0006312342391622004,0.6322827852212749,0.6308236906211937
1,0.0006196523146492845,0.0006199470307894271,0.6480663824604141,0.6442981120584653
2,0.0006145829306369642,0.0006137552784193932,0.6541057653268372,0.6512383272431993
3,0.0006141374718273327,0.0006137578216900537,0.6516950872919204,0.6514286439301664
4,0.0006019064221601232,0.0006027297395494378,0.6705575856002165,0.6673771822980106
5,0.0006002037391310568,0.0006009185496888604,0.6729682636351333,0.6687601502233049
6,0.0005916492303381884,0.00059227698259101,0.6849539856543511,0.6817904993909866
7,0.0005870714167576388,0.0005882187280236731,0.6896484639328732,0.6846960008120179
8,0.000582310978244067,0.000583014498989223,0.6947997022601163,0.691192143727162
9,0.0005818389447894725,0.0005823966619375998,0.6950534578427392,0.6922959805115713
10,0.0005856313331675055,0.0005870247838267745,0.6914078359723914,0.6855714575720666
11,0.0005833475739227642,0.0005847062057975439,0.694638990391122,0.6890098457166057
12,0.0005790715249897356,0.000578662917514037,0.6971596291785086,0.6944275274056029
13,0.0005763821789861483,0.0005769785175987051,0.7041886588171606,0.6990839423467317
14,0.0006125026315325635,0.0006106955725646726,0.6593585058871295,0.6582800446609826
15,0.0005716759913674968,0.0005717163869957589,0.70851942076059,0.7057450263905806
16,0.0005745882669302168,0.000574898063967105,0.7051444715117066,0.7015961226146975
17,0.0005754504142570341,0.0005757067854683718,0.703613479496549,0.7009617336581405
18,0.0005797934468237146,0.0005793028030509732,0.6989782108539722,0.6975614088509947
19,0.0005930317955267802,0.0005936436876926876,0.6890732846122615,0.6846579374746244
20,0.0005972261840192984,0.0005959065043425299,0.6753874001894709,0.6763220665854649
21,0.0005816150033670796,0.0005811081591946683,0.6964321965083232,0.6944655907429963
22,0.000620719194634065,0.0006193743819779997,0.6505024360535931,0.649220970361348
