,loss/train,loss/valid,acc/train,acc/valid
0,0.0005463462311951127,0.0005448219449782505,0.7428645863486366,0.7455277021941759
1,0.0005033234009838161,0.0004976393073384863,0.7921418784615681,0.797313726625369
2,0.00047901376238452484,0.0004753501240265623,0.8179335764873888,0.821976495107972
3,0.0004654853305867445,0.00046297225143363826,0.8339508674424438,0.8365802118913912
4,0.00046659178558666086,0.0004646845620432001,0.8326386074605839,0.8342065651594974
5,0.00046112598450641807,0.0004583544878624796,0.8401841023562786,0.8420077577722457
6,0.0004553279055616728,0.00045283522129279687,0.8459348887473707,0.8480431887917559
7,0.0004528823371317163,0.0004515967551865327,0.8479611725428897,0.8489260695883749
8,0.00045187942362058954,0.00044969858121065854,0.849312028406569,0.8512562959532218
9,0.00046129314845244943,0.0004590410006548033,0.8394797275130743,0.8402130492676432
10,0.0005019738093795236,0.0004951307603019973,0.7960593604662383,0.8032912638221502
11,0.0004677435864830595,0.00046537055808709823,0.8304868870491519,0.833555259653795
12,0.0004948868632406308,0.000490022273791904,0.8019741793550628,0.8069530481097666
13,0.0004598784295803914,0.00045776946911944063,0.8386692139948667,0.8423695941643027
14,0.0004525736603209328,0.0004499837581894514,0.8491769428202011,0.8506484108145661
15,0.00046740047185482965,0.0004642268195588732,0.8323105424651189,0.8360157471197823
16,0.000452657676655939,0.0004506802729538055,0.8480576622474382,0.8504023620679674
17,0.00047687689434541353,0.0004729142612362753,0.821320365117042,0.8255948590285417
18,0.0004786609963220113,0.00047749965254588125,0.8185414616260445,0.8196607421988074
19,0.0005729836773832347,0.0005728892728807971,0.7122484030953897,0.7122677010362994
20,0.0004587530389282345,0.0004556454709054751,0.8404253266176499,0.843947200833671
21,0.0004571577125993514,0.000453904677881858,0.8421814392404331,0.8464221617553407
22,0.00047655211292760367,0.00047378113907088707,0.8209537042397577,0.8237712036125745
23,0.00045764203527690143,0.000454371339236966,0.8423358227677107,0.8460024315405547
