,loss/train,loss/valid,acc/train,acc/valid
0,0.00048812995814623874,0.0004891954970551156,0.8057547814207651,0.8071066712204007
1,0.0004714145316642273,0.000474035917596386,0.8223759107468124,0.8219205373406193
2,0.0004692217349241593,0.00047129929873189854,0.8250607164541591,0.8252504553734062
3,0.0004654653261810921,0.00046849811198580027,0.8278783394049788,0.8265738843351548
4,0.00046305931962090113,0.0004668429384486434,0.8294531724347298,0.8285946038251366
5,0.0004651537931252228,0.0004685085953021582,0.8289219034608379,0.827484631147541
6,0.00045987263120570614,0.0004627054267968365,0.8344338190649666,0.8335040983606558
7,0.00048023301024616453,0.0004810516345899939,0.8119118093503339,0.8137095856102003
8,0.00047557263702389393,0.00047750897130475995,0.8179075591985429,0.8188752276867031
9,0.00046029997707933243,0.00046380135639551993,0.8339215239829993,0.8326645036429873
10,0.0005225481365936847,0.0005238699728456785,0.7668298421372192,0.7683145491803278
11,0.000469571081542596,0.0004744767817839953,0.8242638129933212,0.8206255692167578
12,0.0004985250191085615,0.0004992868856464144,0.7972639647844566,0.79876764571949
13,0.0005591300078093752,0.0005593717374748979,0.7243947328476017,0.7273024817850637
14,0.0005230599048512953,0.0005237889889193417,0.7662795992714025,0.7679872495446266
15,0.0004710153932160114,0.00047648409110085126,0.825297890103218,0.8222478369763205
16,0.00048067144038518704,0.0004821192903210068,0.8145491803278688,0.8143641848816029
