,loss/train,loss/valid,acc/train,acc/valid
0,0.00047806272932259214,0.00047607092424154846,0.821648430112507,0.8237567301568922
1,0.0004572609374826782,0.0004575948974395098,0.841988459831336,0.8429485323915938
2,0.0004508425559708433,0.0004497347229751254,0.8489936123815589,0.8505615700804724
3,0.0004525516920427066,0.00045096520147926524,0.846176113008742,0.8485787066520002
4,0.00044618824833636,0.00044574305533341376,0.8535382774657944,0.8538759914317142
5,0.00044719264940430676,0.00044589584981988674,0.8530461799725969,0.8548312395067447
6,0.0004692748081136825,0.00047104412280353074,0.8306026746946101,0.8286487581775025
7,0.000460414322140469,0.0004587717479818332,0.8383025531175824,0.8408354078619811
8,0.0005007618192253561,0.0005025923906021083,0.7908103205387985,0.790091472239912
9,0.0004749073846440619,0.0004731071162346662,0.8246203130126015,0.8266224743819834
10,0.0005449647622230017,0.000547675877517937,0.7477952102510662,0.7449487639668847
11,0.00048636967363465945,0.0004851245990723194,0.8067311217893051,0.8079661900075262
12,0.0004570200395463561,0.0004560291367697121,0.8383122020880373,0.8392143808255659
