,loss/train,loss/valid,acc/train,acc/valid
0,0.000592303393718072,0.0005896085747667922,0.6895214257819434,0.6930716796250932
1,0.0005799462813710102,0.0005777029215254739,0.7006869741186494,0.7038023218660134
2,0.0005795073084088566,0.0005776241210616933,0.7036336848084638,0.7058525934604324
3,0.0005741057424883528,0.00057142755673937,0.7117016366670217,0.7158243689423793
4,0.0006388101003190921,0.0006368674186297099,0.6224216281464124,0.6239881776547023
5,0.0006329902438270647,0.0006323140116529681,0.6366581460574431,0.6368356587496006
6,0.0005633323754086706,0.0005625649185236022,0.7208612915823481,0.7233198423687294
7,0.0005775691999110796,0.0005779277903480847,0.7062519970177867,0.7057727127489616
8,0.0005522851638487193,0.0005509225670071706,0.7358167358966166,0.7371924592608371
9,0.0006145262386393665,0.0006132339341519345,0.6678293748002982,0.6676829268292683
10,0.0006135408098833856,0.0006110022420420511,0.6659033620903895,0.6686548088188305
11,0.0006120167475570804,0.0006100382984782804,0.6695512479142258,0.6703456172116307
12,0.0005759349323696199,0.0005745228686669419,0.7089768168424042,0.7102992863989775
13,0.0006345751164553454,0.0006319488601977102,0.6421699151489332,0.6461950154436042
14,0.0005819217763516064,0.0005783786278446969,0.7010686264067881,0.7040286505485143
15,0.000581436750881799,0.0005792878930821867,0.6999946746192353,0.7039487698370434
