,loss/train,loss/valid,acc/train,acc/valid
0,0.0005787308634253391,0.000589335728237884,0.7055714657641239,0.7010934652434262
1,0.0005673668905543048,0.0005765925127837349,0.7146923544215916,0.7095157511064827
2,0.0005688899953591062,0.0005792287753231045,0.7155688622754491,0.7103749023691747
3,0.0005793029997359752,0.0005903802821798208,0.7031936127744511,0.6962379588648789
4,0.0005631745202998822,0.0005731082123972668,0.7228412739737915,0.7167274147357459
5,0.0005691046476012394,0.0005791237114680617,0.7159333506899245,0.7100364488414476
6,0.0005661939013535018,0.0005774809571797262,0.7173305562787469,0.7108044780005207
7,0.0005564204290034631,0.0005669749999722911,0.7292111429315282,0.7218042176516533
8,0.0005523607568029914,0.0005628978537259329,0.7350776707454656,0.7279354334808643
9,0.0005580233527194044,0.000568353182417252,0.7298793716913998,0.7224030200468627
10,0.0006597073973233859,0.0006648497131770243,0.5902976655384883,0.5926581619369956
11,0.0005722594294274504,0.0005808211411079123,0.7099366484422459,0.7067690705545431
12,0.0006670854385037974,0.0006715228162808705,0.5962943677861668,0.596680551939599
13,0.0005607824855035743,0.0005716487652806682,0.7242471578581966,0.7172871648008331
14,0.0005626418483367989,0.0005719988219162599,0.7235008244380804,0.7173262171309555
15,0.0005925373811538897,0.0006039281122326324,0.6876073939078365,0.6811507419942723
