# Pairwise Filter, Data Eff, MC Eff, MC Eff - AltMC
DblMuM, (1.0, 0.001130868313209565), (1.0, 0.0012377039701962319), (1.0, 0.0004320913529640652)
