{
  "95": {
    "exp-2": 0.8963775634765625,
    "exp-1": 1.2392961978912354,
    "exp0": 1.8505859375,
    "exp+1": 2.8906744718551636,
    "exp+2": 4.451441168785095,
    "obs": 1.8485168014876932
  },
  "90": {
    "exp-2": 1.6774749755859375,
    "exp-1": 2.3129767179489136,
    "exp0": 3.408203125,
    "exp+1": 5.228625535964966,
    "exp+2": 7.896534204483032,
    "obs": 3.4032752702854268
  },
  "85": {
    "exp-2": 0.6651878356933594,
    "exp-1": 0.9211604297161102,
    "exp0": 1.3623046875,
    "exp+1": 2.1008124947547913,
    "exp+2": 3.2014471292495728,
    "obs": 1.3618656028139422
  }
}