{
  "95": {
    "exp-2": 3.4027099609375,
    "exp-1": 5.185942649841309,
    "exp0": 8.7109375,
    "exp+1": 15.58592677116394,
    "exp+2": 26.403510570526123,
    "obs": 8.732499071089094
  },
  "90": {
    "exp-2": 3.46923828125,
    "exp-1": 5.0025177001953125,
    "exp0": 7.9296875,
    "exp+1": 13.176628351211548,
    "exp+2": 21.80612564086914,
    "obs": 7.909301546410036
  },
  "85": {
    "exp-2": 2.298736572265625,
    "exp-1": 3.289598226547241,
    "exp0": 5.1171875,
    "exp+1": 8.421554565429688,
    "exp+2": 13.608531951904297,
    "obs": 5.128464712153759
  }
}