{
  "85": {
    "exp-2": 1.171875,
    "exp-1": 1.6021728515625,
    "exp0": 2.34375,
    "exp+1": 3.567589819431305,
    "exp+2": 5.3751033544540405,
    "obs": 2.348582578385039
  },
  "90": {
    "exp-2": 3.01513671875,
    "exp-1": 4.088191986083984,
    "exp0": 5.9375,
    "exp+1": 8.943225145339966,
    "exp+2": 13.321181535720825,
    "obs": 5.950276575287918
  },
  "95": {
    "exp-2": 1.6259765625,
    "exp-1": 2.2230148315429688,
    "exp0": 3.251953125,
    "exp+1": 4.950030744075775,
    "exp+2": 7.438664436340332,
    "obs": 3.2481849427593623
  }
}