{
  "85": {
    "exp-2": 1.0580062866210938,
    "exp-1": 1.4404699206352234,
    "exp0": 2.099609375,
    "exp+1": 3.1792274117469788,
    "exp+2": 4.769395291805267,
    "obs": 2.1043967778409898
  },
  "90": {
    "exp-2": 2.866363525390625,
    "exp-1": 3.88647198677063,
    "exp0": 5.64453125,
    "exp+1": 8.501948118209839,
    "exp+2": 12.663886547088623,
    "obs": 5.653219742229569
  },
  "95": {
    "exp-2": 1.4319992065429688,
    "exp-1": 1.949659287929535,
    "exp0": 2.841796875,
    "exp+1": 4.303047358989716,
    "exp+2": 6.438373923301697,
    "obs": 2.8428126766976143
  }
}