{
  "95": {
    "exp-2": 1.6570663452148438,
    "exp-1": 2.3214763402938843,
    "exp0": 3.505859375,
    "exp+1": 5.504213571548462,
    "exp+2": 8.525654673576355,
    "obs": 3.499202974217153
  },
  "90": {
    "exp-2": 2.58758544921875,
    "exp-1": 3.6311697959899902,
    "exp0": 5.4296875,
    "exp+1": 8.502988815307617,
    "exp+2": 13.069993257522583,
    "obs": 5.4379616606612835
  },
  "85": {
    "exp-2": 1.357574462890625,
    "exp-1": 1.8882191181182861,
    "exp0": 2.802734375,
    "exp+1": 4.344445466995239,
    "exp+2": 6.662074327468872,
    "obs": 2.8032405206353026
  }
}