{
  "15": {
    "exp-2": 0.3460884094238281,
    "exp-1": 0.538543164730072,
    "exp0": 0.9326171875,
    "exp+1": 1.6909773647785187,
    "exp+2": 2.827007472515106,
    "obs": 0.930767440436122
  },
  "40": {
    "exp-2": 1.15814208984375,
    "exp-1": 1.6298437118530273,
    "exp0": 2.470703125,
    "exp+1": 3.947952389717102,
    "exp+2": 6.203988790512085,
    "obs": 2.468304168440805
  },
  "55": {
    "exp-2": 0.8816146850585938,
    "exp-1": 1.2351030111312866,
    "exp0": 1.865234375,
    "exp+1": 2.9656001925468445,
    "exp+2": 4.6781837940216064,
    "obs": 1.8707585329368346
  },
  "60": {
    "exp-2": 1.2298583984375,
    "exp-1": 1.7003536224365234,
    "exp0": 2.5390625,
    "exp+1": 3.976217806339264,
    "exp+2": 6.17037832736969,
    "obs": 2.5381741579116786
  },
  "65": {
    "exp-2": 1.3698577880859375,
    "exp-1": 1.8777787685394287,
    "exp0": 2.783203125,
    "exp+1": 4.3030765652656555,
    "exp+2": 6.610708236694336,
    "obs": 2.782705580131026
  },
  "85": {
    "exp-2": 1.802215576171875,
    "exp-1": 2.4743878841400146,
    "exp0": 3.6328125,
    "exp+1": 5.558724999427795,
    "exp+2": 8.431416749954224,
    "obs": 3.6331048986877956
  }
}