{
  "15": {
    "exp-2": 0.35400390625,
    "exp-1": 0.5075454711914062,
    "exp0": 0.78125,
    "exp+1": 1.2732771039009094,
    "exp+2": 2.031170278787613,
    "obs": 0.781168815623497
  },
  "40": {
    "exp-2": 0.9669685363769531,
    "exp-1": 1.3165225088596344,
    "exp0": 1.9189453125,
    "exp+1": 2.9209640622138977,
    "exp+2": 4.389482140541077,
    "obs": 1.9234872923058768
  },
  "55": {
    "exp-2": 1.160430908203125,
    "exp-1": 1.573415994644165,
    "exp0": 2.28515625,
    "exp+1": 3.460182547569275,
    "exp+2": 5.16362190246582,
    "obs": 2.2834231033790546
  },
  "60": {
    "exp-2": 1.28936767578125,
    "exp-1": 1.7580032348632812,
    "exp0": 2.5390625,
    "exp+1": 3.8142848014831543,
    "exp+2": 5.676040053367615,
    "obs": 2.5381476269356607
  },
  "65": {
    "exp-2": 1.1072158813476562,
    "exp-1": 1.5074685215950012,
    "exp0": 2.197265625,
    "exp+1": 3.3270984888076782,
    "exp+2": 4.991227686405182,
    "obs": 2.1996240587670073
  },
  "85": {
    "exp-2": 1.2890625,
    "exp-1": 1.76239013671875,
    "exp0": 2.578125,
    "exp+1": 3.9140722155570984,
    "exp+2": 5.8922213315963745,
    "obs": 2.576418117713062
  }
}