{
  "85": {
    "exp-2": 1.802215576171875,
    "exp-1": 2.4743878841400146,
    "exp0": 3.6328125,
    "exp+1": 5.558724999427795,
    "exp+2": 8.431416749954224,
    "obs": 3.6331048986877956
  },
  "90": {
    "exp-2": 4.1796875,
    "exp-1": 5.71441650390625,
    "exp0": 8.359375,
    "exp+1": 12.691082954406738,
    "exp+2": 19.00563955307007,
    "obs": 8.348069483891157
  },
  "95": {
    "exp-2": 1.989898681640625,
    "exp-1": 2.743760347366333,
    "exp0": 4.04296875,
    "exp+1": 6.218553781509399,
    "exp+2": 9.493640661239624,
    "obs": 4.045192898706398
  }
}