{
  "85": {
    "exp-2": 1.566925048828125,
    "exp-1": 2.160545587539673,
    "exp0": 3.18359375,
    "exp+1": 4.896735846996307,
    "exp+2": 7.419605255126953,
    "obs": 3.1905387762318824
  },
  "90": {
    "exp-2": 4.192657470703125,
    "exp-1": 5.708280801773071,
    "exp0": 8.3203125,
    "exp+1": 12.56544828414917,
    "exp+2": 18.78390908241272,
    "obs": 8.30065362791874
  },
  "95": {
    "exp-2": 2.3545074462890625,
    "exp-1": 3.2326680421829224,
    "exp0": 4.74609375,
    "exp+1": 7.224369049072266,
    "exp+2": 10.912740230560303,
    "obs": 4.732902202248209
  }
}