{
  "95": {
    "exp-2": 1.3916015625,
    "exp-1": 2.0009994506835938,
    "exp0": 3.125,
    "exp+1": 5.142934322357178,
    "exp+2": 8.344613909721375,
    "obs": 3.128098917472707
  },
  "90": {
    "exp-2": 2.10479736328125,
    "exp-1": 2.948727607727051,
    "exp0": 4.453125,
    "exp+1": 7.062426209449768,
    "exp+2": 11.061108112335205,
    "obs": 4.456982264726208
  },
  "85": {
    "exp-2": 1.1394119262695312,
    "exp-1": 1.6108256578445435,
    "exp0": 2.451171875,
    "exp+1": 3.9167433977127075,
    "exp+2": 6.2102097272872925,
    "obs": 2.447711197320441
  }
}