{
  "15": {
    "exp-2": 0.493927001953125,
    "exp-1": 0.7364380359649658,
    "exp0": 1.2158203125,
    "exp+1": 2.117234319448471,
    "exp+2": 3.610731363296509,
    "obs": 1.2169338520873998
  },
  "40": {
    "exp-2": 1.4190673828125,
    "exp-1": 1.9619464874267578,
    "exp0": 2.9296875,
    "exp+1": 4.564587771892548,
    "exp+2": 7.0421189069747925,
    "obs": 2.9342762419062067
  },
  "55": {
    "exp-2": 1.2715530395507812,
    "exp-1": 1.7656689882278442,
    "exp0": 2.646484375,
    "exp+1": 4.14444237947464,
    "exp+2": 6.400939226150513,
    "obs": 2.6540978097401977
  },
  "60": {
    "exp-2": 1.1920166015625,
    "exp-1": 1.6480350494384766,
    "exp0": 2.4609375,
    "exp+1": 3.8440632820129395,
    "exp+2": 5.919594764709473,
    "obs": 2.4603798294077612
  },
  "65": {
    "exp-2": 1.15814208984375,
    "exp-1": 1.6298437118530273,
    "exp0": 2.470703125,
    "exp+1": 3.9184075593948364,
    "exp+2": 6.136974096298218,
    "obs": 2.4655488169727144
  },
  "85": {
    "exp-2": 1.4852142333984375,
    "exp-1": 2.035907506942749,
    "exp0": 3.017578125,
    "exp+1": 4.665440917015076,
    "exp+2": 7.167399525642395,
    "obs": 3.024878917053746
  }
}