{
  "15": {
    "exp-2": 0.5402374267578125,
    "exp-1": 0.8377248048782349,
    "exp0": 1.42578125,
    "exp+1": 2.5737926363945007,
    "exp+2": 4.321828484535217,
    "obs": 1.4283430530563437
  },
  "40": {
    "exp-2": 1.1293792724609375,
    "exp-1": 1.6318374872207642,
    "exp0": 2.55859375,
    "exp+1": 4.210777282714844,
    "exp+2": 6.860039830207825,
    "obs": 2.554587093478196
  },
  "55": {
    "exp-2": 0.94757080078125,
    "exp-1": 1.3560175895690918,
    "exp0": 2.109375,
    "exp+1": 3.4546643495559692,
    "exp+2": 5.581903457641602,
    "obs": 2.1103728092384326
  },
  "60": {
    "exp-2": 1.29547119140625,
    "exp-1": 1.823105812072754,
    "exp0": 2.763671875,
    "exp+1": 4.416089057922363,
    "exp+2": 6.939640045166016,
    "obs": 2.76534548445947
  },
  "65": {
    "exp-2": 1.6461181640625,
    "exp-1": 2.275857925415039,
    "exp0": 3.3984375,
    "exp+1": 5.2949219942092896,
    "exp+2": 8.16885769367218,
    "obs": 3.3984384278553295
  },
  "85": {
    "exp-2": 1.7173004150390625,
    "exp-1": 2.3846304416656494,
    "exp0": 3.57421875,
    "exp+1": 5.5830442905426025,
    "exp+2": 8.638800978660583,
    "obs": 3.56523882246555
  }
}