{
  "15": {
    "exp-2": 0.13589859008789062,
    "exp-1": 0.1954101026058197,
    "exp0": 0.30517578125,
    "exp+1": 0.49737390130758286,
    "exp+2": 0.8035185933113098,
    "obs": 0.3055029386617234
  },
  "40": {
    "exp-2": 0.4088878631591797,
    "exp-1": 0.5662330240011215,
    "exp0": 0.83740234375,
    "exp+1": 1.2913596630096436,
    "exp+2": 1.9679147005081177,
    "obs": 0.8371944847029772
  },
  "55": {
    "exp-2": 0.4025459289550781,
    "exp-1": 0.5550481379032135,
    "exp0": 0.81787109375,
    "exp+1": 1.254720389842987,
    "exp+2": 1.9045692682266235,
    "obs": 0.818229983344919
  },
  "60": {
    "exp-2": 0.4529762268066406,
    "exp-1": 0.6219227612018585,
    "exp0": 0.9130859375,
    "exp+1": 1.3898734748363495,
    "exp+2": 2.0994675159454346,
    "obs": 0.9118407612183808
  },
  "65": {
    "exp-2": 0.51025390625,
    "exp-1": 0.6976127624511719,
    "exp0": 1.0205078125,
    "exp+1": 1.545252501964569,
    "exp+2": 2.3181480169296265,
    "obs": 1.018229564197511
  },
  "85": {
    "exp-2": 0.62255859375,
    "exp-1": 0.8511543273925781,
    "exp0": 1.2451171875,
    "exp+1": 1.8803927302360535,
    "exp+2": 2.8109723329544067,
    "obs": 1.242047219219947
  }
}