{
  "95": {
    "exp-2": 1.0633468627929688,
    "exp-1": 1.4638298749923706,
    "exp0": 2.177734375,
    "exp+1": 3.384329676628113,
    "exp+2": 5.180320143699646,
    "obs": 2.18229468400957
  },
  "90": {
    "exp-2": 1.7452239990234375,
    "exp-1": 2.416808009147644,
    "exp0": 3.57421875,
    "exp+1": 5.497562289237976,
    "exp+2": 8.392928838729858,
    "obs": 3.5665258861882005
  },
  "85": {
    "exp-2": 0.791168212890625,
    "exp-1": 1.1034607887268066,
    "exp0": 1.66015625,
    "exp+1": 2.6064521074295044,
    "exp+2": 4.03721809387207,
    "obs": 1.6614244518866026
  }
}