{
  "95": {
    "exp-2": 0.91552734375,
    "exp-1": 1.2803077697753906,
    "exp0": 1.953125,
    "exp+1": 3.0975553393363953,
    "exp+2": 4.873563051223755,
    "obs": 1.9515312594127754
  },
  "90": {
    "exp-2": 1.3278579711914062,
    "exp-1": 1.8438535928726196,
    "exp0": 2.763671875,
    "exp+1": 4.338976144790649,
    "exp+2": 6.720780730247498,
    "obs": 2.7671890739212266
  },
  "85": {
    "exp-2": 0.7329940795898438,
    "exp-1": 1.0223239660263062,
    "exp0": 1.5380859375,
    "exp+1": 2.4209322035312653,
    "exp+2": 3.7781548500061035,
    "obs": 1.5402987353097308
  }
}