{
  "85": {
    "exp-2": 0.62255859375,
    "exp-1": 0.8511543273925781,
    "exp0": 1.2451171875,
    "exp+1": 1.8803927302360535,
    "exp+2": 2.8109723329544067,
    "obs": 1.242047219219947
  },
  "90": {
    "exp-2": 1.874542236328125,
    "exp-1": 2.5416719913482666,
    "exp0": 3.69140625,
    "exp+1": 5.560097098350525,
    "exp+2": 8.28191876411438,
    "obs": 3.688141784577085
  },
  "95": {
    "exp-2": 0.9128379821777344,
    "exp-1": 1.2428240478038788,
    "exp0": 1.8115234375,
    "exp+1": 2.7430078387260437,
    "exp+2": 4.093383848667145,
    "obs": 1.8114586693423849
  }
}