{
  "95": {
    "exp-2": 2.0503997802734375,
    "exp-1": 2.822631597518921,
    "exp0": 4.19921875,
    "exp+1": 6.492361426353455,
    "exp+2": 9.974051117897034,
    "obs": 4.189260533693696
  },
  "90": {
    "exp-2": 4.035186767578125,
    "exp-1": 5.493885278701782,
    "exp0": 8.0078125,
    "exp+1": 12.125425338745117,
    "exp+2": 18.190252780914307,
    "obs": 8.001706899924804
  },
  "85": {
    "exp-2": 1.7118453979492188,
    "exp-1": 2.3705849051475525,
    "exp0": 3.505859375,
    "exp+1": 5.420366525650024,
    "exp+2": 8.327172994613647,
    "obs": 3.508188771678963
  }
}