{
  "15": {
    "exp-2": 0.1947021484375,
    "exp-1": 0.2773141860961914,
    "exp0": 0.4296875,
    "exp+1": 0.7003024220466614,
    "exp+2": 1.112406775355339,
    "obs": 0.42952252008061326
  },
  "40": {
    "exp-2": 0.5547142028808594,
    "exp-1": 0.7616059482097626,
    "exp0": 1.1181640625,
    "exp+1": 1.7109516263008118,
    "exp+2": 2.581956684589386,
    "obs": 1.1175458620663528
  },
  "55": {
    "exp-2": 0.6200408935546875,
    "exp-1": 0.8441823720932007,
    "exp0": 1.23046875,
    "exp+1": 1.8631751835346222,
    "exp+2": 2.795087695121765,
    "obs": 1.2309094102580311
  },
  "60": {
    "exp-2": 0.5886268615722656,
    "exp-1": 0.8081670105457306,
    "exp0": 1.1865234375,
    "exp+1": 1.8060922622680664,
    "exp+2": 2.7141073346138,
    "obs": 1.1848404138426358
  },
  "65": {
    "exp-2": 0.63232421875,
    "exp-1": 0.8645057678222656,
    "exp0": 1.2646484375,
    "exp+1": 1.9250120222568512,
    "exp+2": 2.892813980579376,
    "obs": 1.266276408478253
  },
  "85": {
    "exp-2": 0.7824325561523438,
    "exp-1": 1.0652777552604675,
    "exp0": 1.552734375,
    "exp+1": 2.351149618625641,
    "exp+2": 3.5178744792938232,
    "obs": 1.5537011638772507
  }
}