{
  "85": {
    "exp-2": 0.7824325561523438,
    "exp-1": 1.0652777552604675,
    "exp0": 1.552734375,
    "exp+1": 2.351149618625641,
    "exp+2": 3.5178744792938232,
    "obs": 1.5537011638772507
  },
  "90": {
    "exp-2": 2.251434326171875,
    "exp-1": 3.0526959896087646,
    "exp0": 4.43359375,
    "exp+1": 6.660327911376953,
    "exp+2": 9.911238551139832,
    "obs": 4.4361120530288565
  },
  "95": {
    "exp-2": 1.24969482421875,
    "exp-1": 1.6944479942321777,
    "exp0": 2.4609375,
    "exp+1": 3.7067314982414246,
    "exp+2": 5.521279573440552,
    "obs": 2.4578834521449116
  }
}