{
  "15": {
    "exp-2": 0.5952644348144531,
    "exp-1": 0.9021516144275665,
    "exp0": 1.5087890625,
    "exp+1": 2.675524055957794,
    "exp+2": 4.573065936565399,
    "obs": 1.505814567432118
  },
  "40": {
    "exp-2": 1.778564453125,
    "exp-1": 2.458972930908203,
    "exp0": 3.671875,
    "exp+1": 5.706313848495483,
    "exp+2": 8.819833397865295,
    "obs": 3.671851588494617
  },
  "55": {
    "exp-2": 1.622467041015625,
    "exp-1": 2.2431588172912598,
    "exp0": 3.349609375,
    "exp+1": 5.2054935693740845,
    "exp+2": 8.045752048492432,
    "obs": 3.3420779379577272
  },
  "60": {
    "exp-2": 1.624603271484375,
    "exp-1": 2.240074872970581,
    "exp0": 3.30078125,
    "exp+1": 5.090140700340271,
    "exp+2": 7.756911516189575,
    "obs": 3.301424994832074
  },
  "65": {
    "exp-2": 1.4632034301757812,
    "exp-1": 2.049883008003235,
    "exp0": 3.095703125,
    "exp+1": 4.909625053405762,
    "exp+2": 7.689410448074341,
    "obs": 3.0911624845799492
  },
  "85": {
    "exp-2": 1.7452239990234375,
    "exp-1": 2.416808009147644,
    "exp0": 3.57421875,
    "exp+1": 5.554550290107727,
    "exp+2": 8.502230048179626,
    "obs": 3.582668848429985
  }
}