{
  "85": {
    "exp-2": 1.912994384765625,
    "exp-1": 2.637721300125122,
    "exp0": 3.88671875,
    "exp+1": 5.962730646133423,
    "exp+2": 9.050968289375305,
    "obs": 3.8890062756829757
  },
  "90": {
    "exp-2": 5.17730712890625,
    "exp-1": 7.019855976104736,
    "exp0": 10.1953125,
    "exp+1": 15.356459617614746,
    "exp+2": 22.93498992919922,
    "obs": 10.190404311077035
  },
  "95": {
    "exp-2": 2.998046875,
    "exp-1": 4.0988922119140625,
    "exp0": 5.99609375,
    "exp+1": 9.103183150291443,
    "exp+2": 13.703877925872803,
    "obs": 5.982683764244234
  }
}