{
  "15": {
    "exp-2": 0.22554397583007812,
    "exp-1": 0.33078715205192566,
    "exp0": 0.52490234375,
    "exp+1": 0.872221365571022,
    "exp+2": 1.4208245277404785,
    "obs": 0.5253203568981776
  },
  "40": {
    "exp-2": 0.7485008239746094,
    "exp-1": 1.0276691615581512,
    "exp0": 1.5087890625,
    "exp+1": 2.3026499152183533,
    "exp+2": 3.4721100330352783,
    "obs": 1.5041589888761286
  },
  "55": {
    "exp-2": 0.7089614868164062,
    "exp-1": 0.9775474667549133,
    "exp0": 1.4404296875,
    "exp+1": 2.2155477106571198,
    "exp+2": 3.382396101951599,
    "obs": 1.4394247388048809
  },
  "60": {
    "exp-2": 0.9033203125,
    "exp-1": 1.2350082397460938,
    "exp0": 1.806640625,
    "exp+1": 2.7500170469284058,
    "exp+2": 4.132591187953949,
    "obs": 1.802635913063415
  },
  "65": {
    "exp-2": 0.8759307861328125,
    "exp-1": 1.1925750970840454,
    "exp0": 1.73828125,
    "exp+1": 2.632104754447937,
    "exp+2": 3.948615789413452,
    "obs": 1.7401649264144354
  },
  "85": {
    "exp-2": 1.0580062866210938,
    "exp-1": 1.4404699206352234,
    "exp0": 2.099609375,
    "exp+1": 3.1792274117469788,
    "exp+2": 4.769395291805267,
    "obs": 2.1043967778409898
  }
}