{
  "85": {
    "exp-2": 1.7452239990234375,
    "exp-1": 2.416808009147644,
    "exp0": 3.57421875,
    "exp+1": 5.554550290107727,
    "exp+2": 8.502230048179626,
    "obs": 3.582668848429985
  },
  "90": {
    "exp-2": 5.69305419921875,
    "exp-1": 7.719151973724365,
    "exp0": 11.2109375,
    "exp+1": 16.886221170425415,
    "exp+2": 25.2197003364563,
    "obs": 11.231612647498398
  },
  "95": {
    "exp-2": 3.251953125,
    "exp-1": 4.471435546875,
    "exp0": 6.50390625,
    "exp+1": 9.874136447906494,
    "exp+2": 14.86446738243103,
    "obs": 6.510304103175038
  }
}