{
  "15": {
    "exp-2": 0.22199630737304688,
    "exp-1": 0.335351824760437,
    "exp0": 0.5517578125,
    "exp+1": 0.9564346075057983,
    "exp+2": 1.6270928084850311,
    "obs": 0.5514068696706921
  },
  "40": {
    "exp-2": 0.6099319458007812,
    "exp-1": 0.866277813911438,
    "exp0": 1.3232421875,
    "exp+1": 2.114417254924774,
    "exp+2": 3.3226898312568665,
    "obs": 1.3193008257774381
  },
  "55": {
    "exp-2": 0.5258941650390625,
    "exp-1": 0.7334768772125244,
    "exp0": 1.103515625,
    "exp+1": 1.7413213849067688,
    "exp+2": 2.712428867816925,
    "obs": 1.104893688431
  },
  "60": {
    "exp-2": 0.6977081298828125,
    "exp-1": 0.9704262018203735,
    "exp0": 1.4404296875,
    "exp+1": 2.2385141253471375,
    "exp+2": 3.4599080681800842,
    "obs": 1.4386849226011584
  },
  "65": {
    "exp-2": 0.8291244506835938,
    "exp-1": 1.1432334780693054,
    "exp0": 1.6845703125,
    "exp+1": 2.5977790355682373,
    "exp+2": 3.95877867937088,
    "obs": 1.6883071547814343
  },
  "85": {
    "exp-2": 1.01898193359375,
    "exp-1": 1.405017375946045,
    "exp0": 2.0703125,
    "exp+1": 3.1678757071495056,
    "exp+2": 4.8050010204315186,
    "obs": 2.0698859993298475
  }
}