{
  "95": {
    "exp-2": 0.8916473388671875,
    "exp-1": 1.2327563762664795,
    "exp0": 1.8408203125,
    "exp+1": 2.8754204511642456,
    "exp+2": 4.427950978279114,
    "obs": 1.8391198353141807
  },
  "90": {
    "exp-2": 1.663055419921875,
    "exp-1": 2.2930943965911865,
    "exp0": 3.37890625,
    "exp+1": 5.1836806535720825,
    "exp+2": 7.848542928695679,
    "obs": 3.3744111733672244
  },
  "85": {
    "exp-2": 0.6604194641113281,
    "exp-1": 0.9145571291446686,
    "exp0": 1.3525390625,
    "exp+1": 2.091144174337387,
    "exp+2": 3.180982768535614,
    "obs": 1.3536697938336117
  }
}