{
  "85": {
    "exp-2": 1.1669921875,
    "exp-1": 1.5954971313476562,
    "exp0": 2.333984375,
    "exp+1": 3.5527247190475464,
    "exp+2": 5.3527069091796875,
    "obs": 2.338271940441547
  },
  "90": {
    "exp-2": 3.005218505859375,
    "exp-1": 4.074743986129761,
    "exp0": 5.91796875,
    "exp+1": 8.913806676864624,
    "exp+2": 13.277362585067749,
    "obs": 5.9060349709351
  },
  "95": {
    "exp-2": 1.6162109375,
    "exp-1": 2.2096633911132812,
    "exp0": 3.232421875,
    "exp+1": 4.920300841331482,
    "exp+2": 7.393987774848938,
    "obs": 3.2321129525524745
  }
}