{
  "15": {
    "exp-2": 0.23077011108398438,
    "exp-1": 0.33675089478492737,
    "exp0": 0.5322265625,
    "exp+1": 0.8843918889760971,
    "exp+2": 1.440650075674057,
    "obs": 0.5331412245410664
  },
  "40": {
    "exp-2": 0.7533454895019531,
    "exp-1": 1.034320741891861,
    "exp0": 1.5185546875,
    "exp+1": 2.3175539076328278,
    "exp+2": 3.4945833683013916,
    "obs": 1.5154220034787615
  },
  "55": {
    "exp-2": 0.71136474609375,
    "exp-1": 0.9808611869812012,
    "exp0": 1.4453125,
    "exp+1": 2.223057895898819,
    "exp+2": 3.393861949443817,
    "obs": 1.446072259271351
  },
  "60": {
    "exp-2": 0.90576171875,
    "exp-1": 1.2383460998535156,
    "exp0": 1.8115234375,
    "exp+1": 2.757449448108673,
    "exp+2": 4.143760502338409,
    "obs": 1.8108699605875156
  },
  "65": {
    "exp-2": 0.8808517456054688,
    "exp-1": 1.1992749571800232,
    "exp0": 1.748046875,
    "exp+1": 2.64689177274704,
    "exp+2": 3.960374593734741,
    "obs": 1.7473579622625555
  },
  "85": {
    "exp-2": 1.06292724609375,
    "exp-1": 1.4471697807312012,
    "exp0": 2.109375,
    "exp+1": 3.1940147280693054,
    "exp+2": 4.791578650474548,
    "obs": 2.107541619912416
  }
}