{
  "95": {
    "exp-2": 2.935791015625,
    "exp-1": 4.377222061157227,
    "exp0": 7.2265625,
    "exp+1": 12.584364414215088,
    "exp+2": 21.461374759674072,
    "obs": 7.216688321917864
  },
  "90": {
    "exp-2": 4.75006103515625,
    "exp-1": 6.917276382446289,
    "exp0": 11.0546875,
    "exp+1": 18.721903562545776,
    "exp+2": 31.17217779159546,
    "obs": 11.063853652480372
  },
  "85": {
    "exp-2": 2.62847900390625,
    "exp-1": 3.743741512298584,
    "exp0": 5.80078125,
    "exp+1": 9.45408284664154,
    "exp+2": 15.145386457443237,
    "obs": 5.799097342343379
  }
}