{
  "85": {
    "exp-2": 1.2890625,
    "exp-1": 1.76239013671875,
    "exp0": 2.578125,
    "exp+1": 3.9140722155570984,
    "exp+2": 5.8922213315963745,
    "obs": 2.576418117713062
  },
  "90": {
    "exp-2": 3.5480499267578125,
    "exp-1": 4.791179299354553,
    "exp0": 6.93359375,
    "exp+1": 10.388294458389282,
    "exp+2": 15.401928424835205,
    "obs": 6.941861176423052
  },
  "95": {
    "exp-2": 1.993560791015625,
    "exp-1": 2.70304799079895,
    "exp0": 3.92578125,
    "exp+1": 5.913119316101074,
    "exp+2": 8.854822516441345,
    "obs": 3.9334865024741745
  }
}