{
  "15": {
    "exp-2": 0.29315948486328125,
    "exp-1": 0.4357635974884033,
    "exp0": 0.7080078125,
    "exp+1": 1.1990617960691452,
    "exp+2": 1.9964513182640076,
    "obs": 0.7071859764797714
  },
  "40": {
    "exp-2": 0.76324462890625,
    "exp-1": 1.0645151138305664,
    "exp0": 1.6015625,
    "exp+1": 2.514459788799286,
    "exp+2": 3.894728124141693,
    "obs": 1.60508201832962
  },
  "55": {
    "exp-2": 0.7061576843261719,
    "exp-1": 0.9865306317806244,
    "exp0": 1.4697265625,
    "exp+1": 2.2840431332588196,
    "exp+2": 3.4961354732513428,
    "obs": 1.4677422827975937
  },
  "60": {
    "exp-2": 0.8260154724121094,
    "exp-1": 1.1340944468975067,
    "exp0": 1.6650390625,
    "exp+1": 2.5543859601020813,
    "exp+2": 3.8675621151924133,
    "obs": 1.6679808811941768
  },
  "65": {
    "exp-2": 1.0693359375,
    "exp-1": 1.4703369140625,
    "exp0": 2.138671875,
    "exp+1": 3.2554256916046143,
    "exp+2": 4.892094731330872,
    "obs": 2.1413475068036263
  },
  "85": {
    "exp-2": 1.1669921875,
    "exp-1": 1.5954971313476562,
    "exp0": 2.333984375,
    "exp+1": 3.5527247190475464,
    "exp+2": 5.3527069091796875,
    "obs": 2.338271940441547
  }
}