{
  "15": {
    "exp-2": 0.434417724609375,
    "exp-1": 0.6526708602905273,
    "exp0": 1.0693359375,
    "exp+1": 1.8450962007045746,
    "exp+2": 3.1308147311210632,
    "obs": 1.0698617958593197
  },
  "40": {
    "exp-2": 0.8164215087890625,
    "exp-1": 1.1705267429351807,
    "exp0": 1.8017578125,
    "exp+1": 2.8934040665626526,
    "exp+2": 4.56992506980896,
    "obs": 1.7982425584985977
  },
  "55": {
    "exp-2": 0.92926025390625,
    "exp-1": 1.3077402114868164,
    "exp0": 1.982421875,
    "exp+1": 3.128214478492737,
    "exp+2": 4.872770309448242,
    "obs": 1.9828310878435809
  },
  "60": {
    "exp-2": 0.9098434448242188,
    "exp-1": 1.2689799070358276,
    "exp0": 1.9091796875,
    "exp+1": 3.0050301551818848,
    "exp+2": 4.689709842205048,
    "obs": 1.911403127209854
  },
  "65": {
    "exp-2": 1.125335693359375,
    "exp-1": 1.5491652488708496,
    "exp0": 2.3046875,
    "exp+1": 3.572435975074768,
    "exp+2": 5.47822117805481,
    "obs": 2.3007969266707273
  },
  "85": {
    "exp-2": 1.5621185302734375,
    "exp-1": 2.153918147087097,
    "exp0": 3.173828125,
    "exp+1": 4.869064092636108,
    "exp+2": 7.390866279602051,
    "obs": 3.1658733618983663
  }
}