{
  "95": {
    "exp-2": 1.1968612670898438,
    "exp-1": 1.6574284434318542,
    "exp0": 2.451171875,
    "exp+1": 3.8092681765556335,
    "exp+2": 5.830764174461365,
    "obs": 2.4535348790502893
  },
  "90": {
    "exp-2": 2.4993896484375,
    "exp-1": 3.4078216552734375,
    "exp0": 4.921875,
    "exp+1": 7.413462996482849,
    "exp+2": 11.01305365562439,
    "obs": 4.929734032774608
  },
  "85": {
    "exp-2": 0.820159912109375,
    "exp-1": 1.1357676982879639,
    "exp0": 1.6796875,
    "exp+1": 2.596944570541382,
    "exp+2": 3.9896205067634583,
    "obs": 1.6831284908651072
  }
}