{
  "15": {
    "exp-2": 0.4105567932128906,
    "exp-1": 0.6135135889053345,
    "exp0": 1.0009765625,
    "exp+1": 1.6952253878116608,
    "exp+2": 2.780425548553467,
    "obs": 1.0007188241370653
  },
  "40": {
    "exp-2": 1.0784912109375,
    "exp-1": 1.5000486373901367,
    "exp0": 2.2265625,
    "exp+1": 3.460211753845215,
    "exp+2": 5.348196625709534,
    "obs": 2.225540794790813
  },
  "55": {
    "exp-2": 1.0875320434570312,
    "exp-1": 1.48066908121109,
    "exp0": 2.158203125,
    "exp+1": 3.2851555943489075,
    "exp+2": 4.936771392822266,
    "obs": 2.1603898900703404
  },
  "60": {
    "exp-2": 1.064453125,
    "exp-1": 1.4553070068359375,
    "exp0": 2.12890625,
    "exp+1": 3.249046504497528,
    "exp+2": 4.899158477783203,
    "obs": 2.1334049185814132
  },
  "65": {
    "exp-2": 1.3827896118164062,
    "exp-1": 1.882660686969757,
    "exp0": 2.744140625,
    "exp+1": 4.15517657995224,
    "exp+2": 6.2498539686203,
    "obs": 2.740716558410406
  },
  "85": {
    "exp-2": 1.5648651123046875,
    "exp-1": 2.130555510520935,
    "exp0": 3.10546875,
    "exp+1": 4.702299237251282,
    "exp+2": 7.054268717765808,
    "obs": 3.100982677886024
  }
}