{
  "85": {
    "exp-2": 1.5648651123046875,
    "exp-1": 2.130555510520935,
    "exp0": 3.10546875,
    "exp+1": 4.702299237251282,
    "exp+2": 7.054268717765808,
    "obs": 3.100982677886024
  },
  "90": {
    "exp-2": 3.639984130859375,
    "exp-1": 4.962978363037109,
    "exp0": 7.16796875,
    "exp+1": 10.768018960952759,
    "exp+2": 16.02389693260193,
    "obs": 7.176002754780515
  },
  "95": {
    "exp-2": 2.24151611328125,
    "exp-1": 3.039247989654541,
    "exp0": 4.4140625,
    "exp+1": 6.68377161026001,
    "exp+2": 9.974175691604614,
    "obs": 4.424003028035251
  }
}