{
  "95": {
    "exp-2": 0.5695724487304688,
    "exp-1": 0.7853516936302185,
    "exp0": 1.1572265625,
    "exp+1": 1.7845611274242401,
    "exp+2": 2.71950900554657,
    "obs": 1.160972490575213
  },
  "90": {
    "exp-2": 1.0561370849609375,
    "exp-1": 1.4500445127487183,
    "exp0": 2.12890625,
    "exp+1": 3.2575324177742004,
    "exp+2": 4.92842823266983,
    "obs": 2.127290695546073
  },
  "85": {
    "exp-2": 0.4384422302246094,
    "exp-1": 0.6019680202007294,
    "exp0": 0.8837890625,
    "exp+1": 1.3558471202850342,
    "exp+2": 2.058071941137314,
    "obs": 0.8839235947692998
  }
}