{
  "15": {
    "exp-2": 0.497894287109375,
    "exp-1": 0.7480382919311523,
    "exp0": 1.2255859375,
    "exp+1": 2.1342402696609497,
    "exp+2": 3.6272910237312317,
    "obs": 1.2251615055466534
  },
  "40": {
    "exp-2": 1.42852783203125,
    "exp-1": 1.9869065284729004,
    "exp0": 2.94921875,
    "exp+1": 4.5950183272361755,
    "exp+2": 7.089066505432129,
    "obs": 2.9547066831686064
  },
  "55": {
    "exp-2": 1.2809371948242188,
    "exp-1": 1.7786997556686401,
    "exp0": 2.666015625,
    "exp+1": 4.164401888847351,
    "exp+2": 6.412894129753113,
    "obs": 2.6683789535403566
  },
  "60": {
    "exp-2": 1.20147705078125,
    "exp-1": 1.6611146926879883,
    "exp0": 2.48046875,
    "exp+1": 3.8646844029426575,
    "exp+2": 5.9623271226882935,
    "obs": 2.476653583292661
  },
  "65": {
    "exp-2": 1.16729736328125,
    "exp-1": 1.6427278518676758,
    "exp0": 2.490234375,
    "exp+1": 3.9493829011917114,
    "exp+2": 6.1854881048202515,
    "obs": 2.486227653118012
  },
  "85": {
    "exp-2": 1.4829635620117188,
    "exp-1": 2.0536264777183533,
    "exp0": 3.037109375,
    "exp+1": 4.695637822151184,
    "exp+2": 7.213790416717529,
    "obs": 3.0425334900452405
  }
}