{
  "95": {
    "exp-2": 1.49444580078125,
    "exp-1": 2.108886241912842,
    "exp0": 3.2421875,
    "exp+1": 5.232406258583069,
    "exp+2": 8.304765820503235,
    "obs": 3.249499772095859
  },
  "90": {
    "exp-2": 3.01788330078125,
    "exp-1": 4.172406196594238,
    "exp0": 6.23046875,
    "exp+1": 9.63285207748413,
    "exp+2": 14.653191566467285,
    "obs": 6.216165041477288
  },
  "85": {
    "exp-2": 1.329193115234375,
    "exp-1": 1.8376898765563965,
    "exp0": 2.744140625,
    "exp+1": 4.286435544490814,
    "exp+2": 6.600818037986755,
    "obs": 2.7442117704478597
  }
}