{
  "95": {
    "exp-2": 1.5079498291015625,
    "exp-1": 2.127942442893982,
    "exp0": 3.271484375,
    "exp+1": 5.2796870470047,
    "exp+2": 8.343337178230286,
    "obs": 3.2751520508806187
  },
  "90": {
    "exp-2": 3.03680419921875,
    "exp-1": 4.22382116317749,
    "exp0": 6.26953125,
    "exp+1": 9.693246483802795,
    "exp+2": 14.74506139755249,
    "obs": 6.273649049067737
  },
  "85": {
    "exp-2": 1.3278579711914062,
    "exp-1": 1.8438535928726196,
    "exp0": 2.763671875,
    "exp+1": 4.30592805147171,
    "exp+2": 6.6430652141571045,
    "obs": 2.761390614369954
  }
}