{
  "95": {
    "exp-2": 1.2903213500976562,
    "exp-1": 1.791730523109436,
    "exp0": 2.685546875,
    "exp+1": 4.194910228252411,
    "exp+2": 6.490902304649353,
    "obs": 2.6819446842906607
  },
  "90": {
    "exp-2": 2.421875,
    "exp-1": 3.330078125,
    "exp0": 4.84375,
    "exp+1": 7.353711128234863,
    "exp+2": 11.070233583450317,
    "obs": 4.841288624853383
  },
  "85": {
    "exp-2": 1.0005950927734375,
    "exp-1": 1.4041393995285034,
    "exp0": 2.099609375,
    "exp+1": 3.296395242214203,
    "exp+2": 5.105893611907959,
    "obs": 2.1025897535535707
  }
}