{
  "15": {
    "exp-2": 0.950775146484375,
    "exp-1": 1.4975666999816895,
    "exp0": 2.6171875,
    "exp+1": 4.807954132556915,
    "exp+2": 7.933871150016785,
    "obs": 2.6173126075013626
  },
  "40": {
    "exp-2": 1.486358642578125,
    "exp-1": 2.249005436897278,
    "exp0": 3.73046875,
    "exp+1": 6.436774134635925,
    "exp+2": 10.845439434051514,
    "obs": 3.7322869884406984
  },
  "55": {
    "exp-2": 1.4007568359375,
    "exp-1": 2.0606040954589844,
    "exp0": 3.3203125,
    "exp+1": 5.623186230659485,
    "exp+2": 9.292771220207214,
    "obs": 3.3144949518424633
  },
  "60": {
    "exp-2": 1.982421875,
    "exp-1": 2.842254638671875,
    "exp0": 4.375,
    "exp+1": 7.060596346855164,
    "exp+2": 11.352754831314087,
    "obs": 4.368942981289493
  },
  "65": {
    "exp-2": 2.2430419921875,
    "exp-1": 3.156614303588867,
    "exp0": 4.78515625,
    "exp+1": 7.646231651306152,
    "exp+2": 12.177460193634033,
    "obs": 4.787975781585547
  },
  "85": {
    "exp-2": 2.714080810546875,
    "exp-1": 3.802306652069092,
    "exp0": 5.7421875,
    "exp+1": 9.129701256752014,
    "exp+2": 14.40194845199585,
    "obs": 5.754050474659271
  }
}