{
  "85": {
    "exp-2": 2.887115478515625,
    "exp-1": 4.081614017486572,
    "exp0": 6.2109375,
    "exp+1": 9.92449700832367,
    "exp+2": 15.665814876556396,
    "obs": 6.195429702917245
  },
  "90": {
    "exp-2": 6.6522216796875,
    "exp-1": 9.172377586364746,
    "exp0": 13.515625,
    "exp+1": 20.8424711227417,
    "exp+2": 31.762027740478516,
    "obs": 13.508988175808742
  },
  "95": {
    "exp-2": 3.40576171875,
    "exp-1": 4.792900085449219,
    "exp0": 7.265625,
    "exp+1": 11.522905826568604,
    "exp+2": 18.129655122756958,
    "obs": 7.256448508670025
  }
}