{
  "15": {
    "exp-2": 0.5697250366210938,
    "exp-1": 0.8606374263763428,
    "exp0": 1.416015625,
    "exp+1": 2.4658551812171936,
    "exp+2": 4.1621434688568115,
    "obs": 1.4203094616755871
  },
  "40": {
    "exp-2": 1.080322265625,
    "exp-1": 1.5203285217285156,
    "exp0": 2.3046875,
    "exp+1": 3.655115067958832,
    "exp+2": 5.724608302116394,
    "obs": 2.3046411838854217
  },
  "55": {
    "exp-2": 1.3256072998046875,
    "exp-1": 1.824864149093628,
    "exp0": 2.71484375,
    "exp+1": 4.208208620548248,
    "exp+2": 6.453158855438232,
    "obs": 2.7141422278207603
  },
  "60": {
    "exp-2": 1.0385513305664062,
    "exp-1": 1.454964280128479,
    "exp0": 2.197265625,
    "exp+1": 3.4935081005096436,
    "exp+2": 5.461136102676392,
    "obs": 2.1986358193091915
  },
  "65": {
    "exp-2": 1.2903213500976562,
    "exp-1": 1.791730523109436,
    "exp0": 2.685546875,
    "exp+1": 4.184205532073975,
    "exp+2": 6.4552754163742065,
    "obs": 2.6814588951337646
  },
  "85": {
    "exp-2": 1.912994384765625,
    "exp-1": 2.637721300125122,
    "exp0": 3.88671875,
    "exp+1": 5.962730646133423,
    "exp+2": 9.050968289375305,
    "obs": 3.8890062756829757
  }
}