{
  "95": {
    "exp-2": 1.8463134765625,
    "exp-1": 2.5866031646728516,
    "exp0": 3.90625,
    "exp+1": 6.1951106786727905,
    "exp+2": 9.74712610244751,
    "obs": 3.9056111227892023
  },
  "90": {
    "exp-2": 2.410125732421875,
    "exp-1": 3.4391283988952637,
    "exp0": 5.2734375,
    "exp+1": 8.55258047580719,
    "exp+2": 13.697261810302734,
    "obs": 5.277044168220697
  },
  "85": {
    "exp-2": 1.3568115234375,
    "exp-1": 1.9377708435058594,
    "exp0": 3.046875,
    "exp+1": 5.062940716743469,
    "exp+2": 8.247390985488892,
    "obs": 3.046055379197068
  }
}