{
  "15": {
    "exp-2": 0.44460296630859375,
    "exp-1": 0.6643903255462646,
    "exp0": 1.083984375,
    "exp+1": 1.870371401309967,
    "exp+2": 3.1514236330986023,
    "obs": 1.0865423748337169
  },
  "40": {
    "exp-2": 0.8346176147460938,
    "exp-1": 1.1909574270248413,
    "exp0": 1.826171875,
    "exp+1": 2.9326102137565613,
    "exp+2": 4.631848335266113,
    "obs": 1.8265308230213
  },
  "55": {
    "exp-2": 0.93841552734375,
    "exp-1": 1.3206243515014648,
    "exp0": 2.001953125,
    "exp+1": 3.1510546803474426,
    "exp+2": 4.91759866476059,
    "obs": 1.9989573870787076
  },
  "60": {
    "exp-2": 0.9168243408203125,
    "exp-1": 1.2787163257598877,
    "exp0": 1.923828125,
    "exp+1": 3.0280864238739014,
    "exp+2": 4.725692272186279,
    "obs": 1.9285771110032255
  },
  "65": {
    "exp-2": 1.1301040649414062,
    "exp-1": 1.5649822354316711,
    "exp0": 2.314453125,
    "exp+1": 3.5967987775802612,
    "exp+2": 5.505542159080505,
    "obs": 2.3147457437100707
  },
  "85": {
    "exp-2": 1.566925048828125,
    "exp-1": 2.160545587539673,
    "exp0": 3.18359375,
    "exp+1": 4.896735846996307,
    "exp+2": 7.419605255126953,
    "obs": 3.1905387762318824
  }
}