{
  "15": {
    "exp-2": 0.2951812744140625,
    "exp-1": 0.4387688636779785,
    "exp0": 0.712890625,
    "exp+1": 1.207331195473671,
    "exp+2": 2.010219991207123,
    "obs": 0.714012093127528
  },
  "40": {
    "exp-2": 0.7702255249023438,
    "exp-1": 1.0742515325546265,
    "exp0": 1.6162109375,
    "exp+1": 2.5374579429626465,
    "exp+2": 3.9303505420684814,
    "obs": 1.619349530340697
  },
  "55": {
    "exp-2": 0.7166290283203125,
    "exp-1": 0.9907829761505127,
    "exp0": 1.4794921875,
    "exp+1": 2.2992195188999176,
    "exp+2": 3.5193657875061035,
    "obs": 1.4825676701302917
  },
  "60": {
    "exp-2": 0.8308601379394531,
    "exp-1": 1.1407460272312164,
    "exp0": 1.6748046875,
    "exp+1": 2.562691867351532,
    "exp+2": 3.877181112766266,
    "obs": 1.6767472565368868
  },
  "65": {
    "exp-2": 1.07421875,
    "exp-1": 1.468658447265625,
    "exp0": 2.1484375,
    "exp+1": 3.2617267966270447,
    "exp+2": 4.910184442996979,
    "obs": 2.1492622413745455
  },
  "85": {
    "exp-2": 1.171875,
    "exp-1": 1.6021728515625,
    "exp0": 2.34375,
    "exp+1": 3.567589819431305,
    "exp+2": 5.3751033544540405,
    "obs": 2.348582578385039
  }
}