{
  "85": {
    "exp-2": 1.4852142333984375,
    "exp-1": 2.035907506942749,
    "exp0": 3.017578125,
    "exp+1": 4.665440917015076,
    "exp+2": 7.167399525642395,
    "obs": 3.024878917053746
  },
  "90": {
    "exp-2": 4.546966552734375,
    "exp-1": 6.190670728683472,
    "exp0": 9.0234375,
    "exp+1": 13.627316951751709,
    "exp+2": 20.37128210067749,
    "obs": 9.027469648131554
  },
  "95": {
    "exp-2": 2.355194091796875,
    "exp-1": 3.247445821762085,
    "exp0": 4.78515625,
    "exp+1": 7.32197642326355,
    "exp+2": 11.10589861869812,
    "obs": 4.781486050209791
  }
}