{
  "95": {
    "exp-2": 0.7329940795898438,
    "exp-1": 1.0106846690177917,
    "exp0": 1.4892578125,
    "exp+1": 2.2847147285938263,
    "exp+2": 3.4680217504501343,
    "obs": 1.489134427587223
  },
  "90": {
    "exp-2": 1.5819549560546875,
    "exp-1": 2.1449559926986694,
    "exp0": 3.115234375,
    "exp+1": 4.69225138425827,
    "exp+2": 6.989238858222961,
    "obs": 3.113322943079193
  },
  "85": {
    "exp-2": 0.5455398559570312,
    "exp-1": 0.7522144913673401,
    "exp0": 1.1083984375,
    "exp+1": 1.6960088908672333,
    "exp+2": 2.572488784790039,
    "obs": 1.1067540993495562
  }
}