{
  "15": {
    "exp-2": 1.302490234375,
    "exp-1": 2.011380195617676,
    "exp0": 3.4375,
    "exp+1": 6.1779046058654785,
    "exp+2": 10.419536828994751,
    "obs": 3.4286672662831927
  },
  "40": {
    "exp-2": 2.41790771484375,
    "exp-1": 3.476736545562744,
    "exp0": 5.4296875,
    "exp+1": 8.935847878456116,
    "exp+2": 14.498766660690308,
    "obs": 5.428616645648484
  },
  "55": {
    "exp-2": 2.1811676025390625,
    "exp-1": 3.1515640020370483,
    "exp0": 4.94140625,
    "exp+1": 8.132264614105225,
    "exp+2": 13.141063451766968,
    "obs": 4.947902707967755
  },
  "60": {
    "exp-2": 1.820068359375,
    "exp-1": 2.6244735717773438,
    "exp0": 4.16015625,
    "exp+1": 6.912861466407776,
    "exp+2": 11.44015908241272,
    "obs": 4.156485345148282
  },
  "65": {
    "exp-2": 2.1039581298828125,
    "exp-1": 3.0793309211730957,
    "exp0": 4.94140625,
    "exp+1": 8.289837837219238,
    "exp+2": 13.605165481567383,
    "obs": 4.936428487004515
  },
  "85": {
    "exp-2": 2.887115478515625,
    "exp-1": 4.081614017486572,
    "exp0": 6.2109375,
    "exp+1": 9.92449700832367,
    "exp+2": 15.665814876556396,
    "obs": 6.195429702917245
  }
}