{
  "95": {
    "exp-2": 1.0585784912109375,
    "exp-1": 1.4572656154632568,
    "exp0": 2.16796875,
    "exp+1": 3.3691534399986267,
    "exp+2": 5.157090425491333,
    "obs": 2.1685138275933316
  },
  "90": {
    "exp-2": 1.7261505126953125,
    "exp-1": 2.3762619495391846,
    "exp0": 3.53515625,
    "exp+1": 5.437479615211487,
    "exp+2": 8.301202654838562,
    "obs": 3.52610810218175
  },
  "85": {
    "exp-2": 0.7841873168945312,
    "exp-1": 1.0937243700027466,
    "exp0": 1.6455078125,
    "exp+1": 2.583453953266144,
    "exp+2": 4.001595377922058,
    "obs": 1.643095259690812
  }
}