{
  "85": {
    "exp-2": 1.7173004150390625,
    "exp-1": 2.3846304416656494,
    "exp0": 3.57421875,
    "exp+1": 5.5830442905426025,
    "exp+2": 8.638800978660583,
    "obs": 3.56523882246555
  },
  "90": {
    "exp-2": 4.51171875,
    "exp-1": 6.168365478515625,
    "exp0": 9.0234375,
    "exp+1": 13.735220432281494,
    "exp+2": 20.74767827987671,
    "obs": 9.03622104371813
  },
  "95": {
    "exp-2": 2.2983551025390625,
    "exp-1": 3.1827908754348755,
    "exp0": 4.70703125,
    "exp+1": 7.315008640289307,
    "exp+2": 11.196925640106201,
    "obs": 4.722394967246419
  }
}