{
  "85": {
    "exp-2": 1.5621185302734375,
    "exp-1": 2.153918147087097,
    "exp0": 3.173828125,
    "exp+1": 4.869064092636108,
    "exp+2": 7.390866279602051,
    "obs": 3.1658733618983663
  },
  "90": {
    "exp-2": 4.153289794921875,
    "exp-1": 5.686626434326172,
    "exp0": 8.2421875,
    "exp+1": 12.480316162109375,
    "exp+2": 18.722649812698364,
    "obs": 8.245936439608899
  },
  "95": {
    "exp-2": 2.344818115234375,
    "exp-1": 3.219364881515503,
    "exp0": 4.7265625,
    "exp+1": 7.194639444351196,
    "exp+2": 10.867831707000732,
    "obs": 4.714899764535655
  }
}