{
  "85": {
    "exp-2": 1.06292724609375,
    "exp-1": 1.4471697807312012,
    "exp0": 2.109375,
    "exp+1": 3.1940147280693054,
    "exp+2": 4.791578650474548,
    "obs": 2.107541619912416
  },
  "90": {
    "exp-2": 2.886199951171875,
    "exp-1": 3.913367986679077,
    "exp0": 5.68359375,
    "exp+1": 8.560785055160522,
    "exp+2": 12.751526832580566,
    "obs": 5.694161050352433
  },
  "95": {
    "exp-2": 1.436920166015625,
    "exp-1": 1.9563591480255127,
    "exp0": 2.8515625,
    "exp+1": 4.317834675312042,
    "exp+2": 6.477504372596741,
    "obs": 2.854585575702724
  }
}