{
  "85": {
    "exp-2": 1.01898193359375,
    "exp-1": 1.405017375946045,
    "exp0": 2.0703125,
    "exp+1": 3.1678757071495056,
    "exp+2": 4.8050010204315186,
    "obs": 2.0698859993298475
  },
  "90": {
    "exp-2": 2.7734375,
    "exp-1": 3.79180908203125,
    "exp0": 5.546875,
    "exp+1": 8.421185612678528,
    "exp+2": 12.644211053848267,
    "obs": 5.5537876812372104
  },
  "95": {
    "exp-2": 1.2935256958007812,
    "exp-1": 1.7759719491004944,
    "exp0": 2.607421875,
    "exp+1": 3.989730179309845,
    "exp+2": 6.036194562911987,
    "obs": 2.6015528412870674
  }
}