{
  "95": {
    "exp-2": 1.863555908203125,
    "exp-1": 2.646782398223877,
    "exp0": 4.04296875,
    "exp+1": 6.492516398429871,
    "exp+2": 10.254466533660889,
    "obs": 4.05746151500833
  },
  "90": {
    "exp-2": 4.0155029296875,
    "exp-1": 5.467085838317871,
    "exp0": 7.96875,
    "exp+1": 12.098041772842407,
    "exp+2": 18.117525577545166,
    "obs": 7.979581352664016
  },
  "85": {
    "exp-2": 1.554412841796875,
    "exp-1": 2.167975902557373,
    "exp0": 3.26171875,
    "exp+1": 5.120911598205566,
    "exp+2": 7.9319459199905396,
    "obs": 3.2638899461468567
  }
}