{
  "85": {
    "exp-2": 2.714080810546875,
    "exp-1": 3.802306652069092,
    "exp0": 5.7421875,
    "exp+1": 9.129701256752014,
    "exp+2": 14.40194845199585,
    "obs": 5.754050474659271
  },
  "90": {
    "exp-2": 6.21002197265625,
    "exp-1": 8.562653064727783,
    "exp0": 12.6171875,
    "exp+1": 19.507280588150024,
    "exp+2": 29.6738600730896,
    "obs": 12.620535192714033
  },
  "95": {
    "exp-2": 3.695220947265625,
    "exp-1": 5.153810977935791,
    "exp0": 7.75390625,
    "exp+1": 12.173664569854736,
    "exp+2": 18.856183290481567,
    "obs": 7.7652471853278735
  }
}