{
  "85": {
    "exp-2": 1.4829635620117188,
    "exp-1": 2.0536264777183533,
    "exp0": 3.037109375,
    "exp+1": 4.695637822151184,
    "exp+2": 7.213790416717529,
    "obs": 3.0425334900452405
  },
  "90": {
    "exp-2": 4.566650390625,
    "exp-1": 6.252593994140625,
    "exp0": 9.0625,
    "exp+1": 13.722432851791382,
    "exp+2": 20.47795295715332,
    "obs": 9.080902499943933
  },
  "95": {
    "exp-2": 2.36480712890625,
    "exp-1": 3.2607007026672363,
    "exp0": 4.8046875,
    "exp+1": 7.351862192153931,
    "exp+2": 11.151227951049805,
    "obs": 4.808571983924814
  }
}