{
  "95": {
    "exp-2": 1.66168212890625,
    "exp-1": 2.3424267768859863,
    "exp0": 3.515625,
    "exp+1": 5.533559322357178,
    "exp+2": 8.555205464363098,
    "obs": 3.521309956395836
  },
  "90": {
    "exp-2": 2.615509033203125,
    "exp-1": 3.6703550815582275,
    "exp0": 5.48828125,
    "exp+1": 8.572871088981628,
    "exp+2": 13.20163607597351,
    "obs": 5.487629763295818
  },
  "85": {
    "exp-2": 1.367034912109375,
    "exp-1": 1.9013774394989014,
    "exp0": 2.822265625,
    "exp+1": 4.374720454216003,
    "exp+2": 6.708499789237976,
    "obs": 2.8205186190303975
  }
}