,loss/train,loss/valid,acc/train,acc/valid
0,0.00047694547478846543,0.0004782581026711977,0.8187910794753308,0.818453833127637
1,0.0004816813571544586,0.00048343079415197327,0.814246625144705,0.8133951379122298
2,0.0004939994687821832,0.0004951010201904627,0.8042009892559532,0.8050859619413909
3,0.0007972572600345515,0.0007992432345575109,0.5,0.5
4,0.0004976452453052297,0.0004969692558947451,0.7981209877251897,0.7988146149651273
5,0.0004805227941882933,0.0004804148005804859,0.8150550596519426,0.816796303205993
6,0.0006438930979342814,0.0006419724779258225,0.6335495536867484,0.6373166671450303
7,0.00048304485895272315,0.00048691275042557714,0.8140504960630675,0.8099365689848167
8,0.0004668589564306701,0.0004672637985393917,0.8303961807449078,0.8320297924858644
9,0.0005709126007314786,0.0005691616102911528,0.7193727696296509,0.7228767831003703
10,0.0007459792181333828,0.0007466888816761561,0.5204930972130536,0.5210384317327287
11,0.0005127297535239433,0.000512674380519258,0.7844828410971748,0.7857409374013375
12,0.0005191525454777702,0.0005172173765824428,0.7734135070749979,0.776728566918286
13,0.0007710096245261463,0.0007736182096326726,0.5016886235565378,0.5017005826468816
14,0.00048181621492289386,0.00048133266288286194,0.8151985687360677,0.8168178295686117
15,0.0007201491612825016,0.0007243648952815224,0.5405460999014571,0.5394793490427944
