,loss/train,loss/valid,acc/train,acc/valid
0,0.0004892355204318688,0.00048773890786170133,0.8083617977961751,0.8102819429166908
1,0.0005170951916711885,0.0005138297985570829,0.7787298095293232,0.7825652752851271
2,0.0006148398334304264,0.0006118451862973454,0.6621509484937957,0.6644474034620506
3,0.00051613575145457,0.0005127813306672208,0.7780736795383932,0.7817547617669195
4,0.0005154883099618193,0.0005116947950682174,0.778025434686119,0.7819718636021536
5,0.0006213254954722477,0.000626974113633635,0.6405662015862907,0.6352689168065767
6,0.0007372066899367734,0.0007349261776253807,0.5457650668673653,0.5470966247901349
7,0.0005176702763067649,0.0005235216568307651,0.7743491769428202,0.7665576333005268
