,loss/train,loss/valid,acc/train,acc/valid
0,0.0005999925802524968,0.000594775160485566,0.6751511605227228,0.6803619873397521
1,0.0005698272230177163,0.0005661042241588781,0.7106849655123499,0.713016649821799
2,0.0005625616779208516,0.0005584812874051825,0.7165319077255883,0.7196260439385074
3,0.000556498179643385,0.0005523205981355277,0.7234427363157615,0.7273924144901325
4,0.0005500364829279069,0.0005469842679107803,0.7308722095146905,0.7337424863024629
5,0.0005390978212810771,0.0005356275467449278,0.7461301133038991,0.7482911325070483
6,0.0005397599930352923,0.0005357201504982546,0.7446406723761902,0.7482645353476248
7,0.0005333458689579501,0.0005296043426637047,0.7523494157490647,0.75500691526145
8,0.0005316400679298768,0.0005285726732646882,0.7537014380197529,0.7560375551891058
9,0.0005321357433771875,0.0005291046123788981,0.7540870968313917,0.7567889249428161
10,0.0005385478570118549,0.0005353902164840516,0.7470211181445822,0.7495013032608118
11,0.0005608207677309738,0.0005561866068708129,0.7147365994645105,0.7199252619820203
12,0.0005356042014074373,0.0005319062708584487,0.7504166888309662,0.7535108250438853
13,0.0005342294131999071,0.0005309954840481627,0.7518219054205011,0.7532780998989308
14,0.0005302882065368776,0.0005273646420161453,0.7559400322712201,0.7583249108995159
15,0.0005276150190168837,0.0005246629134233508,0.7593754986967391,0.7615298686100325
16,0.0005257394308337637,0.0005233986015376642,0.7610998811993546,0.7624009255811479
17,0.0005289953045657585,0.0005260818104895134,0.7568266042519992,0.7583448587690834
18,0.0005698341806976944,0.0005660513467950779,0.7094304661595475,0.7125246023724666
19,0.0005354126626841491,0.0005314116662909068,0.7502837030338493,0.7538632374062451
20,0.0005345469883685184,0.0005311403092415233,0.7505186446087558,0.7541558061599021
21,0.000534630612637774,0.0005319458006690097,0.749831551323652,0.7517753603915102
22,0.000532800870421364,0.0005296139219249967,0.7529744489955139,0.7551664982179903
23,0.0005297024395308715,0.0005266718688090562,0.7565916626770928,0.7592691100590457
