,loss/train,loss/valid,acc/train,acc/valid
0,0.000572083518866844,0.0005681019860370672,0.710130858024363,0.713867758923347
1,0.0005987664480180773,0.0005957804847362226,0.6715915740198947,0.6726621096866855
2,0.0005650218686966688,0.0005612879301127021,0.7138367289040197,0.7174251289962232
3,0.0006129144206039364,0.0006092184072283013,0.6625219426565243,0.6650353742220331
4,0.0005735680906138953,0.0005696602564009208,0.7043637072893948,0.7069790946326933
5,0.0005698271606620229,0.0005667137176383398,0.7064826143234569,0.7082890047342943
6,0.0005639019821088259,0.0005603034388727948,0.7181277372909907,0.7208029682429916
7,0.0005603924160876895,0.0005561526946212594,0.7220375197262265,0.7263019309537742
8,0.000577041816907582,0.0005732268829016972,0.7025462347287976,0.7056492366615246
9,0.000568745049206097,0.0005638705770337421,0.7106716669326383,0.7152042661843715
10,0.0005634903711196913,0.0005600298881448325,0.716540773445396,0.7195994467790839
11,0.000584763451098322,0.0005809413299382231,0.6898859868432718,0.6919849460077664
12,0.0006497360406992425,0.0006457078946106637,0.6176082061102541,0.6198933453907123
13,0.0006103632140312219,0.0006053331385103208,0.6588781318155221,0.6626881749029203
14,0.0006197072855007531,0.0006143661401482223,0.6599907796513999,0.6640379807436566
