,loss/train,loss/valid,acc/train,acc/valid
0,0.0005895998349255959,0.0005908869668182612,0.6866472233592578,0.6843340667212444
1,0.0007955289552178092,0.0007934399456932463,0.5009934847864648,0.5008890196479738
2,0.0006230285573943378,0.0006221503951799123,0.6564802496930005,0.6584565595579206
3,0.0006742198586968157,0.0006726777765822127,0.5798667962887161,0.580325163733115
4,0.0007795127923743334,0.0007784577983199354,0.5011256651657798,0.5010553110929186
5,0.0007691498503225174,0.0007690603948132307,0.5149577022786191,0.5146208555055259
6,0.0006447641405410763,0.00064517726654334,0.6053605539637058,0.6030047584936553
7,0.000797430817065777,0.0007958232367588905,0.5,0.5
