,loss/train,loss/valid,acc/train,acc/valid
0,0.0005854809716321132,0.0005836129317091656,0.6970035857563815,0.699382255831292
1,0.0005849673103489688,0.0005823331538360459,0.6964887989491249,0.6994754499946746
2,0.000570401191715658,0.0005685880078727515,0.713725281357617,0.717541804239003
3,0.0005554535341587853,0.0005541140032482421,0.7304824794972841,0.7337043348599425
4,0.0005636031896105529,0.0005629285281236998,0.7213760783896048,0.7247843220790287
5,0.0005495841563156365,0.0005481008403356342,0.7386924415095679,0.7385371179039302
6,0.0005570040648664178,0.0005553740202993336,0.728725103844925,0.7309484503141974
7,0.0005452833104515353,0.0005444204407970369,0.7427042283523272,0.7435296623708595
8,0.0005428961102530044,0.0005415264119900305,0.7469734085987149,0.7481893705399936
9,0.0005451722450351489,0.0005452499564926342,0.7431835126211525,0.7425178400255619
10,0.0005510608790066142,0.000550019183514636,0.7351333120318103,0.7373655341356907
11,0.0005571671682251068,0.000556318673612414,0.7290978804984556,0.728725103844925
12,0.0005549838150864224,0.0005524325891670575,0.7261511698086414,0.7287117903930131
13,0.0005532019235762172,0.0005516510963478031,0.7328700252068023,0.7337176483118543
14,0.0005544806365138634,0.0005537614905614545,0.7319913373806227,0.7327990201299392
15,0.0005448692476156485,0.00054511768785652,0.7441775836972343,0.7436228565342422
