{
    "DoubleMuon": {
        "Central": 579.0,
        "Stat": 24.06241883103193
    },
    "nonprompt": {
        "Central": 278.0365436220952,
        "Stat": 12.944237090033068
    },
    "DYJets": {
        "Central": 278.5294347670036,
        "Stat": 28.009581645287884,
        "L1PrefireUp": 277.9723079777092,
        "L1PrefireDown": 279.03352253996957,
        "PileupReweightUp": 270.34969969223016,
        "PileupReweightDown": 286.8081893786957,
        "MuonIDSFUp": 282.7805567727215,
        "MuonIDSFDown": 274.3214522163868,
        "DblMuTrigSFUp": 279.2338237862904,
        "DblMuTrigSFDown": 277.80490925598826,
        "JetResUp": 281.3436142243321,
        "JetResDown": 283.6649318232508,
        "JetEnUp": 280.7488218361806,
        "JetEnDown": 278.7943953469871,
        "ElectronResUp": 278.5294347670036,
        "ElectronResDown": 278.5294347670036,
        "ElectronEnUp": 278.5294347670036,
        "ElectronEnDown": 278.5294347670036,
        "MuonEnUp": 278.5294347670035,
        "MuonEnDown": 278.5362171906532
    },
    "WZTo3LNu_amcatnlo": {
        "Central": 26.218231742414638,
        "Stat": 1.298253108723827,
        "L1PrefireUp": 26.171152894651392,
        "L1PrefireDown": 26.261040422150064,
        "PileupReweightUp": 25.360788953806907,
        "PileupReweightDown": 27.007582925003106,
        "MuonIDSFUp": 26.63355598144197,
        "MuonIDSFDown": 25.807165364658427,
        "DblMuTrigSFUp": 26.28751290534534,
        "DblMuTrigSFDown": 26.14743463924205,
        "JetResUp": 26.20653832027563,
        "JetResDown": 26.264973091412443,
        "JetEnUp": 26.11068126232386,
        "JetEnDown": 26.297932531595904,
        "ElectronResUp": 26.218231742414638,
        "ElectronResDown": 26.218231742414638,
        "ElectronEnUp": 26.218231742414638,
        "ElectronEnDown": 26.218231742414638,
        "MuonEnUp": 26.13839130615394,
        "MuonEnDown": 26.171054676951538
    },
    "ZZTo4L_powheg": {
        "Central": 161.6542958736706,
        "Stat": 0.35743277504420096,
        "L1PrefireUp": 161.34215114354316,
        "L1PrefireDown": 161.9276040628859,
        "PileupReweightUp": 159.58009627313288,
        "PileupReweightDown": 163.6649086147299,
        "MuonIDSFUp": 164.33054060849693,
        "MuonIDSFDown": 159.00748357656138,
        "DblMuTrigSFUp": 162.07383165378803,
        "DblMuTrigSFDown": 161.22425567356805,
        "JetResUp": 161.51368838533537,
        "JetResDown": 161.73493730304068,
        "JetEnUp": 161.10693429713317,
        "JetEnDown": 162.13743522190376,
        "ElectronResUp": 161.6542958736706,
        "ElectronResDown": 161.6542958736706,
        "ElectronEnUp": 161.6542958736706,
        "ElectronEnDown": 161.6542958736706,
        "MuonEnUp": 161.93285596439839,
        "MuonEnDown": 161.42183156812771
    },
    "ttWToLNu": {
        "Central": 0.036241618917965714,
        "Stat": 0.011751473039430305,
        "L1PrefireUp": 0.03616799473080063,
        "L1PrefireDown": 0.036311894521664854,
        "PileupReweightUp": 0.03783683829650578,
        "PileupReweightDown": 0.034114571696351084,
        "MuonIDSFUp": 0.03683093577144262,
        "MuonIDSFDown": 0.03565876536732203,
        "DblMuTrigSFUp": 0.03634692137222361,
        "DblMuTrigSFDown": 0.03613308660873993,
        "JetResUp": 0.03416891860150334,
        "JetResDown": 0.036261688433087046,
        "JetEnUp": 0.034197531644783626,
        "JetEnDown": 0.03618762492885909,
        "ElectronResUp": 0.036241618917965714,
        "ElectronResDown": 0.036241618917965714,
        "ElectronEnUp": 0.036241618917965714,
        "ElectronEnDown": 0.036241618917965714,
        "MuonEnUp": 0.036245883300163734,
        "MuonEnDown": 0.036241618917965714
    },
    "ttZToLLNuNu": {
        "Central": 0.12185837420204279,
        "Stat": 0.019515643469488555,
        "L1PrefireUp": 0.12159671341798961,
        "L1PrefireDown": 0.12209178670380551,
        "PileupReweightUp": 0.11999141855537909,
        "PileupReweightDown": 0.12239275384986847,
        "MuonIDSFUp": 0.123693923463588,
        "MuonIDSFDown": 0.12003970373860974,
        "DblMuTrigSFUp": 0.12217722616827328,
        "DblMuTrigSFDown": 0.12153132441917458,
        "JetResUp": 0.12164402660704475,
        "JetResDown": 0.12373681128801992,
        "JetEnUp": 0.11433972025436749,
        "JetEnDown": 0.1291394228500237,
        "ElectronResUp": 0.12185837420204279,
        "ElectronResDown": 0.12185837420204279,
        "ElectronEnUp": 0.12185837420204279,
        "ElectronEnDown": 0.12185837420204279,
        "MuonEnUp": 0.12185217261838076,
        "MuonEnDown": 0.12186025603729028
    },
    "ttHToNonbb": {
        "Central": 0.06705536792605346,
        "Stat": 0.011638291803294806,
        "L1PrefireUp": 0.0669263634123569,
        "L1PrefireDown": 0.06717280849498979,
        "PileupReweightUp": 0.07364128043297673,
        "PileupReweightDown": 0.06420177186735816,
        "MuonIDSFUp": 0.06797996465862907,
        "MuonIDSFDown": 0.06613870391297788,
        "DblMuTrigSFUp": 0.06723385283214695,
        "DblMuTrigSFDown": 0.06687426492126795,
        "JetResUp": 0.06704023914138195,
        "JetResDown": 0.06711215763352286,
        "JetEnUp": 0.0670197452121251,
        "JetEnDown": 0.06703605932130756,
        "ElectronResUp": 0.06705536792605346,
        "ElectronResDown": 0.06705536792605346,
        "ElectronEnUp": 0.06705536792605346,
        "ElectronEnDown": 0.06705536792605346,
        "MuonEnUp": 0.06705536792605346,
        "MuonEnDown": 0.06514274355565028
    },
    "WWW": {
        "Central": 0.09014037142777638,
        "Stat": 0.011091936839396715,
        "L1PrefireUp": 0.08997360563424367,
        "L1PrefireDown": 0.0902930173102793,
        "PileupReweightUp": 0.0889397772345955,
        "PileupReweightDown": 0.09136198823727218,
        "MuonIDSFUp": 0.09152048348604055,
        "MuonIDSFDown": 0.08877401193735779,
        "DblMuTrigSFUp": 0.09038169321626174,
        "DblMuTrigSFDown": 0.08989368242264366,
        "JetResUp": 0.09006556418646319,
        "JetResDown": 0.09012821861839404,
        "JetEnUp": 0.09008766024549501,
        "JetEnDown": 0.09020756499147163,
        "ElectronResUp": 0.09014037142777638,
        "ElectronResDown": 0.09014037142777638,
        "ElectronEnUp": 0.09014037142777638,
        "ElectronEnDown": 0.09014037142777638,
        "MuonEnUp": 0.0911173437324314,
        "MuonEnDown": 0.09124346060910107
    },
    "WWZ": {
        "Central": 0.03071269616110649,
        "Stat": 0.005627187420702209,
        "L1PrefireUp": 0.03065373280132099,
        "L1PrefireDown": 0.030765865041613084,
        "PileupReweightUp": 0.0313447017655356,
        "PileupReweightDown": 0.030288254867521718,
        "MuonIDSFUp": 0.031167172514769952,
        "MuonIDSFDown": 0.03026252151853223,
        "DblMuTrigSFUp": 0.030798847308182182,
        "DblMuTrigSFDown": 0.030624538936061717,
        "JetResUp": 0.0306819049836452,
        "JetResDown": 0.03067054390087765,
        "JetEnUp": 0.030671537014297933,
        "JetEnDown": 0.03070418365392965,
        "ElectronResUp": 0.03071269616110649,
        "ElectronResDown": 0.03071269616110649,
        "ElectronEnUp": 0.03071269616110649,
        "ElectronEnDown": 0.03071269616110649,
        "MuonEnUp": 0.029791772612348055,
        "MuonEnDown": 0.03071269616110649
    },
    "WZZ": {
        "Central": 0.016421658097589796,
        "Stat": 0.002348835826727492,
        "L1PrefireUp": 0.01639313030270355,
        "L1PrefireDown": 0.016446708745132172,
        "PileupReweightUp": 0.016652841440953425,
        "PileupReweightDown": 0.0163455441027672,
        "MuonIDSFUp": 0.016673501808354342,
        "MuonIDSFDown": 0.016172363701151535,
        "DblMuTrigSFUp": 0.016465105523085347,
        "DblMuTrigSFDown": 0.01637707925648547,
        "JetResUp": 0.016438569707550338,
        "JetResDown": 0.016441170135224267,
        "JetEnUp": 0.01642254260274714,