{
    "MuonEG": {
        "Central": 453.0,
        "Stat": 21.283796653792763
    },
    "nonprompt": {
        "Central": 209.8460023469074,
        "Stat": 11.392100681241338
    },
    "DYJets": {
        "Central": 435.03349372508904,
        "Stat": 38.68197257997239,
        "L1PrefireUp": 434.5563229917085,
        "L1PrefireDown": 435.46050492517435,
        "PileupReweightUp": 423.5029648766265,
        "PileupReweightDown": 442.9840788947771,
        "MuonIDSFUp": 440.1314891614775,
        "MuonIDSFDown": 429.96622619614203,
        "ElectronIDSFUp": 445.565928125912,
        "ElectronIDSFDown": 424.68583867624966,
        "EMuTrigSFUp": 435.03349372508904,
        "EMuTrigSFDown": 435.03349372508904,
        "JetResUp": 434.81414683694567,
        "JetResDown": 435.2017977756584,
        "JetEnUp": 434.70923519059306,
        "JetEnDown": 435.0069367128003,
        "ElectronResUp": 435.03349372508904,
        "ElectronResDown": 435.03349372508904,
        "ElectronEnUp": 435.03349372508904,
        "ElectronEnDown": 432.68553755200315,
        "MuonEnUp": 432.69323625018086,
        "MuonEnDown": 437.5898524715004
    },
    "WZTo3LNu_amcatnlo": {
        "Central": 15.812288504958525,
        "Stat": 1.0041280659308387,
        "L1PrefireUp": 15.795723763495118,
        "L1PrefireDown": 15.82625845448413,
        "PileupReweightUp": 15.322084525415171,
        "PileupReweightDown": 16.31565354353954,
        "MuonIDSFUp": 16.018588540804924,
        "MuonIDSFDown": 15.607465400772291,
        "ElectronIDSFUp": 16.03584274513878,
        "ElectronIDSFDown": 15.591226525452697,
        "EMuTrigSFUp": 15.812288504958525,
        "EMuTrigSFDown": 15.812288504958525,
        "JetResUp": 15.718671315278357,
        "JetResDown": 15.85996939412718,
        "JetEnUp": 15.806621071474751,
        "JetEnDown": 15.815499864778127,
        "ElectronResUp": 15.812288504958525,
        "ElectronResDown": 15.812288504958525,
        "ElectronEnUp": 15.77447409683814,
        "ElectronEnDown": 15.695633484514826,
        "MuonEnUp": 15.73618767122709,
        "MuonEnDown": 15.657423105650555
    },
    "ZZTo4L_powheg": {
        "Central": 30.593025801225348,
        "Stat": 0.15145705030045076,
        "L1PrefireUp": 30.557582241851218,
        "L1PrefireDown": 30.624074896935017,
        "PileupReweightUp": 30.101989341913942,
        "PileupReweightDown": 31.064372377599753,
        "MuonIDSFUp": 30.94714748877005,
        "MuonIDSFDown": 30.24090804412974,
        "ElectronIDSFUp": 31.362057543809634,
        "ElectronIDSFDown": 29.840662287370336,
        "EMuTrigSFUp": 30.593025801225348,
        "EMuTrigSFDown": 30.593025801225348,
        "JetResUp": 30.58210943659156,
        "JetResDown": 30.613669747839413,
        "JetEnUp": 30.48255140116528,
        "JetEnDown": 30.713629251462642,
        "ElectronResUp": 30.59471369737361,
        "ElectronResDown": 30.593025801225348,
        "ElectronEnUp": 30.648436109080397,
        "ElectronEnDown": 30.54667877334359,
        "MuonEnUp": 30.64157677424667,
        "MuonEnDown": 30.556303223514067
    },
    "ttWToLNu": {
        "Central": 0.05504704670171472,
        "Stat": 0.013676012238657496,
        "L1PrefireUp": 0.054973873954474214,
        "L1PrefireDown": 0.05511117380273174,
        "PileupReweightUp": 0.05516816397133964,
        "PileupReweightDown": 0.055664461844825944,
        "MuonIDSFUp": 0.055690684929069506,
        "MuonIDSFDown": 0.05440690960088422,
        "ElectronIDSFUp": 0.05603333807759785,
        "ElectronIDSFDown": 0.054072590105324954,
        "EMuTrigSFUp": 0.05504704670171472,
        "EMuTrigSFDown": 0.05504704670171472,
        "JetResUp": 0.0550299060719736,
        "JetResDown": 0.05321096138230805,
        "JetEnUp": 0.05515757462458498,
        "JetEnDown": 0.060950814880923916,
        "ElectronResUp": 0.05504704670171472,
        "ElectronResDown": 0.05504704670171472,
        "ElectronEnUp": 0.05506158025672135,
        "ElectronEnDown": 0.055044187388227195,
        "MuonEnUp": 0.05504704670171472,
        "MuonEnDown": 0.055047046701714716
    },
    "ttZToLLNuNu": {
        "Central": 0.07694483424580943,
        "Stat": 0.015010778401229313,
        "L1PrefireUp": 0.0768595542345323,
        "L1PrefireDown": 0.07701305443752164,
        "PileupReweightUp": 0.07369420773239217,
        "PileupReweightDown": 0.08132748224279088,
        "MuonIDSFUp": 0.07795242554540165,
        "MuonIDSFDown": 0.07594384204140475,
        "ElectronIDSFUp": 0.07785905600170594,
        "ElectronIDSFDown": 0.0760322427646067,
        "EMuTrigSFUp": 0.07694483424580943,
        "EMuTrigSFDown": 0.07694483424580943,
        "JetResUp": 0.07699324952468346,
        "JetResDown": 0.07694931045577598,
        "JetEnUp": 0.07844184665722327,
        "JetEnDown": 0.07679232469885405,
        "ElectronResUp": 0.07694483424580943,
        "ElectronResDown": 0.07694483424580943,
        "ElectronEnUp": 0.07694483424580943,
        "ElectronEnDown": 0.07694483424580943,
        "MuonEnUp": 0.07694483424580945,
        "MuonEnDown": 0.0739805623281882
    },
    "ttHToNonbb": {
        "Central": 0.06598938604118242,
        "Stat": 0.01098140347403136,
        "L1PrefireUp": 0.0659080452093546,
        "L1PrefireDown": 0.06605481994775445,
        "PileupReweightUp": 0.06581548376281325,
        "PileupReweightDown": 0.06574425484934182,
        "MuonIDSFUp": 0.06677822143324676,
        "MuonIDSFDown": 0.06520445654324372,
        "ElectronIDSFUp": 0.06685378485819884,
        "ElectronIDSFDown": 0.06513351184857005,
        "EMuTrigSFUp": 0.06598938604118242,
        "EMuTrigSFDown": 0.06598938604118242,
        "JetResUp": 0.06588084887650136,
        "JetResDown": 0.0658867959283071,
        "JetEnUp": 0.062539641180958,
        "JetEnDown": 0.06571812112983025,
        "ElectronResUp": 0.06598938604118242,
        "ElectronResDown": 0.06598938604118242,
        "ElectronEnUp": 0.06598938604118242,
        "ElectronEnDown": 0.06598938604118242,
        "MuonEnUp": 0.06598938604118242,
        "MuonEnDown": 0.06598938604118242
    },
    "WWW": {
        "Central": 0.08259232497445683,
        "Stat": 0.010329635046531062,
        "L1PrefireUp": 0.08250318556433309,
        "L1PrefireDown": 0.08266773654556285,
        "PileupReweightUp": 0.08326791393569456,
        "PileupReweightDown": 0.08217937660546432,
        "MuonIDSFUp": 0.08364359420543248,
        "MuonIDSFDown": 0.08154738969323055,
        "ElectronIDSFUp": 0.08383678696943907,
        "ElectronIDSFDown": 0.08135880237530302,
        "EMuTrigSFUp": 0.08259232497445683,
        "EMuTrigSFDown": 0.08259232497445683,
        "JetResUp": 0.08245514707904966,
        "JetResDown": 0.08268317600290585,
        "JetEnUp": 0.08246824526160501,
        "JetEnDown": 0.08266741901228376,
        "ElectronResUp": 0.08259232497445683,
        "ElectronResDown": 0.08259232497445683,
        "ElectronEnUp": 0.08367507361793242,
        "ElectronEnDown": 0.08259232497445683,
        "MuonEnUp": 0.0836528664082523,
        "MuonEnDown": 0.08259232497445682
    },
    "WWZ": {
        "Central": 0.018735074067887734,
        "Stat": 0.004289421072905156,
        "L1PrefireUp": 0.01871350236494865,
        "L1PrefireDown": 0.018754122542702263,
        "PileupReweightUp": 0.01748609887581253,
        "PileupReweightDown": 0.01992326657040531,
        "MuonIDSFUp": 0.018955280947811785,
        "MuonIDSFDown": 0.01851627590945295,
        "ElectronIDSFUp": 0.01907741339254342,
        "ElectronIDSFDown": 0.018397825141005266,
        "EMuTrigSFUp": 0.018735074067887734,
        "EMuTrigSFDown": 0.018735074067887734,
        "JetResUp": 0.018786887439486873,
        "JetResDown": 0.018757234317775925,
        "JetEnUp": 0.01872166097720488,
        "JetEnDown": 0.018757011988464304,
        "ElectronResUp": 0.018735074067887734,
        "ElectronResDown": 0.018735074067887734,
        "ElectronEnUp": 0.018735074067887734,