{
    "DoubleMuon": {
        "Central": 485.0,
        "Stat": 22.02271554554524
    },
    "nonprompt": {
        "Central": 61.33447428798928,
        "Stat": 3.6339198622128874
    },
    "ZGToLLG": {
        "Central": 232.42916914195771,
        "Stat": 6.861512773965029,
        "L1PrefireUp": 231.94520570887587,
        "L1PrefireDown": 232.89268472002234,
        "PileupReweightUp": 229.8464800808228,
        "PileupReweightDown": 235.5885556518303,
        "MuonIDSFUp": 235.56856698711718,
        "MuonIDSFDown": 229.32012387315518,
        "DblMuTrigSFUp": 232.94485627096174,
        "DblMuTrigSFDown": 231.89434516354623,
        "JetResUp": 232.3285748471491,
        "JetResDown": 233.3802583524739,
        "JetEnUp": 231.45153317898988,
        "JetEnDown": 233.1915677847567,
        "ElectronResUp": 232.42916914195771,
        "ElectronResDown": 232.42916914195771,
        "ElectronEnUp": 232.42916914195771,
        "ElectronEnDown": 232.42916914195771,
        "MuonEnUp": 232.70087564576608,
        "MuonEnDown": 231.55117307101492
    },
    "WZTo3LNu_amcatnlo": {
        "Central": 37.77524043205268,
        "Stat": 1.612727470415211,
        "L1PrefireUp": 37.69646887902577,
        "L1PrefireDown": 37.85370256238355,
        "PileupReweightUp": 37.49654189593302,
        "PileupReweightDown": 38.07644291479321,
        "MuonIDSFUp": 38.24605402753879,
        "MuonIDSFDown": 37.308666257489115,
        "DblMuTrigSFUp": 37.8559407697104,
        "DblMuTrigSFDown": 37.69160880290042,
        "JetResUp": 37.703321352978875,
        "JetResDown": 37.83054114840324,
        "JetEnUp": 37.65876552627778,
        "JetEnDown": 37.89422245874435,
        "ElectronResUp": 37.77524043205268,
        "ElectronResDown": 37.77524043205268,
        "ElectronEnUp": 37.77524043205268,
        "ElectronEnDown": 37.77524043205268,
        "MuonEnUp": 37.69339429099159,
        "MuonEnDown": 38.03680450491823
    },
    "ZZTo4L_powheg": {
        "Central": 151.5668787239379,
        "Stat": 0.3470840266162488,
        "L1PrefireUp": 151.24968095657047,
        "L1PrefireDown": 151.87087841799809,
        "PileupReweightUp": 149.87806458362078,
        "PileupReweightDown": 153.18471220082313,
        "MuonIDSFUp": 153.6403462111407,
        "MuonIDSFDown": 149.51379559812935,
        "DblMuTrigSFUp": 151.9085517295289,
        "DblMuTrigSFDown": 151.2130758001819,
        "JetResUp": 151.45316531692134,
        "JetResDown": 151.63402773609988,
        "JetEnUp": 151.0512160935079,
        "JetEnDown": 152.0385784442712,
        "ElectronResUp": 151.5668787239379,
        "ElectronResDown": 151.5668787239379,
        "ElectronEnUp": 151.5668787239379,
        "ElectronEnDown": 151.5668787239379,
        "MuonEnUp": 152.0212294421675,
        "MuonEnDown": 151.10792131131356
    },
    "ttWToLNu": {
        "Central": 0.09537057482217783,
        "Stat": 0.02202626137760595,
        "L1PrefireUp": 0.09512885204157777,
        "L1PrefireDown": 0.09560713723505347,
        "PileupReweightUp": 0.08915534456895731,
        "PileupReweightDown": 0.10177748152448744,
        "MuonIDSFUp": 0.09659247833476604,
        "MuonIDSFDown": 0.09415992659530387,
        "DblMuTrigSFUp": 0.09559788230906409,
        "DblMuTrigSFDown": 0.09513372051571305,
        "JetResUp": 0.09947682194973045,
        "JetResDown": 0.09975574199725636,
        "JetEnUp": 0.09536924551749636,
        "JetEnDown": 0.10360266513934105,
        "ElectronResUp": 0.09537057482217783,
        "ElectronResDown": 0.09537057482217783,
        "ElectronEnUp": 0.09537057482217783,
        "ElectronEnDown": 0.09537057482217783,
        "MuonEnUp": 0.09537057482217783,
        "MuonEnDown": 0.09534117071148185
    },
    "ttZToLLNuNu": {
        "Central": 0.23811729884009974,
        "Stat": 0.027333708110895666,
        "L1PrefireUp": 0.2376374371071124,
        "L1PrefireDown": 0.23858427990571174,
        "PileupReweightUp": 0.24287703484983422,
        "PileupReweightDown": 0.23620538064986268,
        "MuonIDSFUp": 0.2407096805429185,
        "MuonIDSFDown": 0.2355445425579328,
        "DblMuTrigSFUp": 0.23858237141045358,
        "DblMuTrigSFDown": 0.23763824212896065,
        "JetResUp": 0.23781476450091668,
        "JetResDown": 0.23685917819817084,
        "JetEnUp": 0.23091957590572837,
        "JetEnDown": 0.24316702774809779,
        "ElectronResUp": 0.23811729884009974,
        "ElectronResDown": 0.23811729884009974,
        "ElectronEnUp": 0.23811729884009974,
        "ElectronEnDown": 0.23811729884009974,
        "MuonEnUp": 0.2353349164572382,
        "MuonEnDown": 0.23632333651630133
    },
    "ttHToNonbb": {
        "Central": 0.11710736175622556,
        "Stat": 0.01506132792552757,
        "L1PrefireUp": 0.11684707409242219,
        "L1PrefireDown": 0.11736150749231752,
        "PileupReweightUp": 0.11387775630754336,
        "PileupReweightDown": 0.1197352573457866,
        "MuonIDSFUp": 0.11836360495072384,
        "MuonIDSFDown": 0.11586122178843354,
        "DblMuTrigSFUp": 0.11733198690848656,
        "DblMuTrigSFDown": 0.11687646561623173,
        "JetResUp": 0.11724290366405273,
        "JetResDown": 0.11347679244870022,
        "JetEnUp": 0.11353567019327904,
        "JetEnDown": 0.11841250781021588,
        "ElectronResUp": 0.11710736175622556,
        "ElectronResDown": 0.11710736175622556,
        "ElectronEnUp": 0.11710736175622556,
        "ElectronEnDown": 0.11710736175622556,
        "MuonEnUp": 0.11712165660169377,
        "MuonEnDown": 0.117107473632535
    },
    "WWW": {
        "Central": 0.2614690976952524,
        "Stat": 0.018632020635564666,
        "L1PrefireUp": 0.26092421929979853,
        "L1PrefireDown": 0.2620138524044034,
        "PileupReweightUp": 0.2526959616343036,
        "PileupReweightDown": 0.270728422699178,
        "MuonIDSFUp": 0.26449830081758585,
        "MuonIDSFDown": 0.25846553451887344,
        "DblMuTrigSFUp": 0.26199454762167074,
        "DblMuTrigSFDown": 0.2609254268150935,
        "JetResUp": 0.26266553169427187,
        "JetResDown": 0.260446837351378,
        "JetEnUp": 0.2601024173167009,
        "JetEnDown": 0.26292989034491576,
        "ElectronResUp": 0.2614690976952524,
        "ElectronResDown": 0.2614690976952524,
        "ElectronEnUp": 0.2614690976952524,
        "ElectronEnDown": 0.2614690976952524,
        "MuonEnUp": 0.25897913092264846,
        "MuonEnDown": 0.26260045198579435
    },
    "WWZ": {
        "Central": 0.06464694028842058,
        "Stat": 0.008665980946287366,
        "L1PrefireUp": 0.06450223920675753,
        "L1PrefireDown": 0.06479058587975685,
        "PileupReweightUp": 0.0635175246412614,
        "PileupReweightDown": 0.0650247072334381,
        "MuonIDSFUp": 0.06532294654266423,
        "MuonIDSFDown": 0.06397618105544538,
        "DblMuTrigSFUp": 0.06476962327235294,
        "DblMuTrigSFDown": 0.06451995143137355,
        "JetResUp": 0.06357332038373369,
        "JetResDown": 0.06357955185828136,
        "JetEnUp": 0.06277142508020998,
        "JetEnDown": 0.06466729307623968,
        "ElectronResUp": 0.06464694028842058,
        "ElectronResDown": 0.06464694028842058,
        "ElectronEnUp": 0.06464694028842058,
        "ElectronEnDown": 0.06464694028842058,
        "MuonEnUp": 0.06464694028842058,
        "MuonEnDown": 0.06464658847879201
    },
    "WZZ": {
        "Central": 0.025849263584020767,
        "Stat": 0.003146257755183202,
        "L1PrefireUp": 0.025796454477739022,
        "L1PrefireDown": 0.02590168808330392,
        "PileupReweightUp": 0.02504451365870857,
        "PileupReweightDown": 0.02694478348080993,
        "MuonIDSFUp": 0.026148181283179212,
        "MuonIDSFDown": 0.0255527754982468,
        "DblMuTrigSFUp": 0.025899133416154296,
        "DblMuTrigSFDown": 0.025797680509970083,
        "JetResUp": 0.025863597608051993,
        "JetResDown": 0.02588484159569685,
        "JetEnUp": 0.025818890668374655,
        "JetEnDown": 0.025893823242986842,