{
    "MuonEG": {
        "Central": 1591.0,
        "Stat": 39.88734135035826
    },
    "nonprompt": {
        "Central": 532.8895271369586,
        "Stat": 18.025598350583433
    },
    "ZGToLLG": {
        "Central": 1227.4072216895388,
        "Stat": 15.520485139080623,
        "L1PrefireUp": 1225.6200741027892,
        "L1PrefireDown": 1229.1892001308,
        "PileupReweightUp": 1201.7022494288206,
        "PileupReweightDown": 1253.1823893703804,
        "MuonIDSFUp": 1237.5339755947073,
        "MuonIDSFDown": 1217.3291689730927,
        "ElectronIDSFUp": 1275.9171878835232,
        "ElectronIDSFDown": 1180.1582200426697,
        "EMuTrigSFUp": 1227.4072216895388,
        "EMuTrigSFDown": 1227.4072216895388,
        "JetResUp": 1224.5961924680546,
        "JetResDown": 1228.404840184898,
        "JetEnUp": 1223.5816276000955,
        "JetEnDown": 1230.9718894926411,
        "ElectronResUp": 1227.4080600471284,
        "ElectronResDown": 1227.4072216895388,
        "ElectronEnUp": 1227.422908001413,
        "ElectronEnDown": 1226.7994879740452,
        "MuonEnUp": 1228.2992228175735,
        "MuonEnDown": 1227.4519975387234
    },
    "WZTo3LNu_amcatnlo": {
        "Central": 28.62039715347645,
        "Stat": 1.412928699988003,
        "L1PrefireUp": 28.581037785901586,
        "L1PrefireDown": 28.65947147277697,
        "PileupReweightUp": 27.89001029856562,
        "PileupReweightDown": 29.31689529878965,
        "MuonIDSFUp": 28.855627663597115,
        "MuonIDSFDown": 28.386393213737108,
        "ElectronIDSFUp": 29.33434405308089,
        "ElectronIDSFDown": 27.92191897575402,
        "EMuTrigSFUp": 28.62039715347645,
        "EMuTrigSFDown": 28.62039715347645,
        "JetResUp": 28.49787334043583,
        "JetResDown": 28.553483657908362,
        "JetEnUp": 28.483981590986332,
        "JetEnDown": 28.55393936913754,
        "ElectronResUp": 28.620397153476453,
        "ElectronResDown": 28.62039715347645,
        "ElectronEnUp": 28.663205326711367,
        "ElectronEnDown": 28.6590554969105,
        "MuonEnUp": 28.83023266081132,
        "MuonEnDown": 28.745808758277782
    },
    "ZZTo4L_powheg": {
        "Central": 101.40494583754327,
        "Stat": 0.2792657648965388,
        "L1PrefireUp": 101.26339218947109,
        "L1PrefireDown": 101.54585676382534,
        "PileupReweightUp": 99.90328035701063,
        "PileupReweightDown": 102.85137459310695,
        "MuonIDSFUp": 102.24083096152805,
        "MuonIDSFDown": 100.5730824878618,
        "ElectronIDSFUp": 105.77962688339149,
        "ElectronIDSFDown": 97.15291430247414,
        "EMuTrigSFUp": 101.40494583754327,
        "EMuTrigSFDown": 101.40494583754327,
        "JetResUp": 101.34062358598912,
        "JetResDown": 101.448476250141,
        "JetEnUp": 100.98957223683881,
        "JetEnDown": 101.76604225159376,
        "ElectronResUp": 101.40808413545187,
        "ElectronResDown": 101.40494583754327,
        "ElectronEnUp": 101.52627449076446,
        "ElectronEnDown": 101.28064008548752,
        "MuonEnUp": 101.59275974186654,
        "MuonEnDown": 101.23353281410556
    },
    "ttWToLNu": {
        "Central": 0.18223432582927296,
        "Stat": 0.027087995945551845,
        "L1PrefireUp": 0.18197553995854038,
        "L1PrefireDown": 0.1824889607499771,
        "PileupReweightUp": 0.17235755784592202,
        "PileupReweightDown": 0.19129764491239157,
        "MuonIDSFUp": 0.1836129754763967,
        "MuonIDSFDown": 0.18086208768736012,
        "ElectronIDSFUp": 0.18489554985188503,
        "ElectronIDSFDown": 0.17958914613974294,
        "EMuTrigSFUp": 0.18223432582927296,
        "EMuTrigSFDown": 0.18223432582927296,
        "JetResUp": 0.17664064408693547,
        "JetResDown": 0.1769273207600568,
        "JetEnUp": 0.17635648458764533,
        "JetEnDown": 0.18407713392343547,
        "ElectronResUp": 0.18223432582927296,
        "ElectronResDown": 0.18223432582927296,
        "ElectronEnUp": 0.18223432582927296,
        "ElectronEnDown": 0.18225160702055,
        "MuonEnUp": 0.180260947745435,
        "MuonEnDown": 0.18223432582927296
    },
    "ttZToLLNuNu": {
        "Central": 0.2458543402243513,
        "Stat": 0.025588735176389064,
        "L1PrefireUp": 0.24548502808521994,
        "L1PrefireDown": 0.24620810597314316,
        "PileupReweightUp": 0.23378762058907432,
        "PileupReweightDown": 0.2566040315523927,
        "MuonIDSFUp": 0.24783232094238242,
        "MuonIDSFDown": 0.24388644637866355,
        "ElectronIDSFUp": 0.2497859384366228,
        "ElectronIDSFDown": 0.24198810003335428,
        "EMuTrigSFUp": 0.2458543402243513,
        "EMuTrigSFDown": 0.2458543402243513,
        "JetResUp": 0.24865377266388236,
        "JetResDown": 0.23806245277765875,
        "JetEnUp": 0.24226257441926213,
        "JetEnDown": 0.24968383161745242,
        "ElectronResUp": 0.2458543402243513,
        "ElectronResDown": 0.2458543402243513,
        "ElectronEnUp": 0.24585597926732763,
        "ElectronEnDown": 0.2460085431934608,
        "MuonEnUp": 0.24584183660347955,
        "MuonEnDown": 0.24684515426400727
    },
    "ttHToNonbb": {
        "Central": 0.18606610082122665,
        "Stat": 0.018572636056662307,
        "L1PrefireUp": 0.1857872471345241,
        "L1PrefireDown": 0.1863374476623365,
        "PileupReweightUp": 0.1829653637857718,
        "PileupReweightDown": 0.18856211690557134,
        "MuonIDSFUp": 0.18744399155169628,
        "MuonIDSFDown": 0.18469467208750248,
        "ElectronIDSFUp": 0.1893156906234787,
        "ElectronIDSFDown": 0.1828727906328845,
        "EMuTrigSFUp": 0.18606610082122665,
        "EMuTrigSFDown": 0.18606610082122665,
        "JetResUp": 0.19182288411099435,
        "JetResDown": 0.18582373982231615,
        "JetEnUp": 0.1825063949660671,
        "JetEnDown": 0.1916844714977859,
        "ElectronResUp": 0.18606610082122665,
        "ElectronResDown": 0.18606610082122665,
        "ElectronEnUp": 0.18606610082122665,
        "ElectronEnDown": 0.18606610082122665,
        "MuonEnUp": 0.18411242167101333,
        "MuonEnDown": 0.18606610082122665
    },
    "WWW": {
        "Central": 0.43811264097556707,
        "Stat": 0.02409132799534425,
        "L1PrefireUp": 0.43752748291660337,
        "L1PrefireDown": 0.4386953489987916,
        "PileupReweightUp": 0.4278454915517218,
        "PileupReweightDown": 0.4483151829145,
        "MuonIDSFUp": 0.4414608744186094,
        "MuonIDSFDown": 0.4347798898305521,
        "ElectronIDSFUp": 0.4466683029482401,
        "ElectronIDSFDown": 0.4297272928930978,
        "EMuTrigSFUp": 0.43811264097556707,
        "EMuTrigSFDown": 0.43811264097556707,
        "JetResUp": 0.4395841993327779,
        "JetResDown": 0.43837743646430116,
        "JetEnUp": 0.43665411386008285,
        "JetEnDown": 0.43852189264390323,
        "ElectronResUp": 0.43811264097556707,
        "ElectronResDown": 0.43811264097556707,
        "ElectronEnUp": 0.4368464343707127,
        "ElectronEnDown": 0.43810917975037444,
        "MuonEnUp": 0.43561386928101,
        "MuonEnDown": 0.4405324160844236
    },
    "WWZ": {
        "Central": 0.07117312311407582,
        "Stat": 0.008817650169177486,
        "L1PrefireUp": 0.0710724110077422,
        "L1PrefireDown": 0.0712731956227171,
        "PileupReweightUp": 0.07058352753838551,
        "PileupReweightDown": 0.0713333625044379,
        "MuonIDSFUp": 0.07165435348840564,
        "MuonIDSFDown": 0.07069397479220008,
        "ElectronIDSFUp": 0.07319268793537452,
        "ElectronIDSFDown": 0.06919714389859719,
        "EMuTrigSFUp": 0.07117312311407582,
        "EMuTrigSFDown": 0.07117312311407582,
        "JetResUp": 0.07111259980018779,
        "JetResDown": 0.07113925321553394,
        "JetEnUp": 0.0710583955765045,
        "JetEnDown": 0.07126095282960589,
        "ElectronResUp": 0.07117312311407582,
        "ElectronResDown": 0.07117312311407582,
        "ElectronEnUp": 0.07117312311407582,
        "ElectronEnDown": 0.07213216547032963,