{
    "DoubleMuon": {
        "Central": 1202.0,
        "Stat": 34.66987164671943
    },
    "nonprompt": {
        "Central": 297.9191740087556,
        "Stat": 12.31947376220203
    },
    "DYJets": {
        "Central": 312.7668870361771,
        "Stat": 31.357632176752283,
        "L1PrefireUp": 312.14969963738736,
        "L1PrefireDown": 313.32000543344753,
        "PileupReweightUp": 299.18551019926286,
        "PileupReweightDown": 324.9172115678572,
        "MuonIDSFUp": 317.50537823773954,
        "MuonIDSFDown": 308.07541020521654,
        "DblMuTrigSFUp": 313.57521786101415,
        "DblMuTrigSFDown": 311.93664707226543,
        "JetResUp": 310.8237793074868,
        "JetResDown": 310.7601181808875,
        "JetEnUp": 311.57277054478305,
        "JetEnDown": 313.04883626111297,
        "ElectronResUp": 312.7668870361771,
        "ElectronResDown": 312.7668870361771,
        "ElectronEnUp": 312.7668870361771,
        "ElectronEnDown": 312.7668870361771,
        "MuonEnUp": 312.7668870361771,
        "MuonEnDown": 312.7736694598267
    },
    "DYJets10to50_MG": {
        "Central": null,
        "Stat": null,
        "L1PrefireUp": null,
        "L1PrefireDown": null,
        "PileupReweightUp": null,
        "PileupReweightDown": null,
        "MuonIDSFUp": null,
        "MuonIDSFDown": null,
        "DblMuTrigSFUp": null,
        "DblMuTrigSFDown": null,
        "JetResUp": null,
        "JetResDown": null,
        "JetEnUp": null,
        "JetEnDown": null,
        "ElectronResUp": null,
        "ElectronResDown": null,
        "ElectronEnUp": null,
        "ElectronEnDown": null,
        "MuonEnUp": null,
        "MuonEnDown": null
    },
    "ZGToLLG": {
        "Central": 255.38995833017077,
        "Stat": 7.324650915171474,
        "L1PrefireUp": 254.85750247635215,
        "L1PrefireDown": 255.89985366743446,
        "PileupReweightUp": 250.4370237504219,
        "PileupReweightDown": 260.40902637728755,
        "MuonIDSFUp": 258.84757387405267,
        "MuonIDSFDown": 251.96573018651773,
        "DblMuTrigSFUp": 255.95975205125444,
        "DblMuTrigSFDown": 254.7995936278874,
        "JetResUp": 255.26144695564045,
        "JetResDown": 255.26815448356848,
        "JetEnUp": 255.37492565071918,
        "JetEnDown": 255.43111032543632,
        "ElectronResUp": 255.38995833017077,
        "ElectronResDown": 255.38995833017077,
        "ElectronEnUp": 255.38995833017077,
        "ElectronEnDown": 255.38995833017077,
        "MuonEnUp": 255.66737930484956,
        "MuonEnDown": 254.50528796599744
    },
    "TTG": {
        "Central": 0.022801729620284372,
        "Stat": 0.33977296636260584,
        "L1PrefireUp": 0.022655149630291443,
        "L1PrefireDown": 0.022847247014957772,
        "PileupReweightUp": 0.04618653461204064,
        "PileupReweightDown": -0.014909541095014217,
        "MuonIDSFUp": 0.023926641645368257,
        "MuonIDSFDown": 0.02169283035036454,
        "DblMuTrigSFUp": 0.02310130469496921,
        "DblMuTrigSFDown": 0.02245592628004517,
        "JetResUp": 0.024466910017766297,
        "JetResDown": 0.022802158267997585,
        "JetEnUp": 0.022404216149807282,
        "JetEnDown": 0.0247642392183256,
        "ElectronResUp": 0.022801729620284372,
        "ElectronResDown": 0.022801729620284372,
        "ElectronEnUp": 0.022801729620284372,
        "ElectronEnDown": 0.022801729620284372,
        "MuonEnUp": 0.020626101152360854,
        "MuonEnDown": 0.022801729620284372
    },
    "WZTo3LNu_amcatnlo": {
        "Central": 45.50833317020825,
        "Stat": 1.709546572657736,
        "L1PrefireUp": 45.42085185806789,
        "L1PrefireDown": 45.591466870819154,
        "PileupReweightUp": 44.641849845514585,
        "PileupReweightDown": 46.18049680752628,
        "MuonIDSFUp": 46.17038296023484,
        "MuonIDSFDown": 44.85290894391934,
        "DblMuTrigSFUp": 45.62067393910322,
        "DblMuTrigSFDown": 45.392850200622654,
        "JetResUp": 45.57005424538257,
        "JetResDown": 45.546335892896494,
        "JetEnUp": 45.52918059431975,
        "JetEnDown": 45.509897767620025,
        "ElectronResUp": 45.50833317020825,
        "ElectronResDown": 45.50833317020825,
        "ElectronEnUp": 45.50833317020825,
        "ElectronEnDown": 45.50833317020825,
        "MuonEnUp": 45.46226991186497,
        "MuonEnDown": 45.682727512689624
    },
    "ZZTo4L_powheg": {
        "Central": 347.1302305697325,
        "Stat": 0.526650062650113,
        "L1PrefireUp": 346.43330355043923,
        "L1PrefireDown": 347.76763362233254,
        "PileupReweightUp": 342.0959392046561,
        "PileupReweightDown": 351.9725088843727,
        "MuonIDSFUp": 352.39116107847207,
        "MuonIDSFDown": 341.9242449509068,
        "DblMuTrigSFUp": 347.97586660828426,
        "DblMuTrigSFDown": 346.25962423182244,
        "JetResUp": 347.11880590425966,
        "JetResDown": 347.16865620739827,
        "JetEnUp": 347.1333522560978,
        "JetEnDown": 347.1257416331979,
        "ElectronResUp": 347.1302305697325,
        "ElectronResDown": 347.1302305697325,
        "ElectronEnUp": 347.1302305697325,
        "ElectronEnDown": 347.1302305697325,
        "MuonEnUp": 347.94804352270626,
        "MuonEnDown": 346.3567217801373
    },
    "ttWToLNu": {
        "Central": 0.2186627241032307,
        "Stat": 0.028443094750967266,
        "L1PrefireUp": 0.21819000245792544,
        "L1PrefireDown": 0.21912336065439827,
        "PileupReweightUp": 0.20966781894563905,
        "PileupReweightDown": 0.2272648896755517,
        "MuonIDSFUp": 0.22153229350478337,
        "MuonIDSFDown": 0.2158205044594378,
        "DblMuTrigSFUp": 0.21914733362354222,
        "DblMuTrigSFDown": 0.21816384800374375,
        "JetResUp": 0.21846718565430975,
        "JetResDown": 0.21767175996852983,
        "JetEnUp": 0.21852141178129592,
        "JetEnDown": 0.21848463325491757,
        "ElectronResUp": 0.2186627241032307,
        "ElectronResDown": 0.2186627241032307,
        "ElectronEnUp": 0.2186627241032307,
        "ElectronEnDown": 0.2186627241032307,
        "MuonEnUp": 0.21867265027845817,
        "MuonEnDown": 0.21704105628748363
    },
    "ttZToLLNuNu": {
        "Central": 0.7890959187053747,
        "Stat": 0.046854167025944096,
        "L1PrefireUp": 0.787372474781641,
        "L1PrefireDown": 0.7907388837796281,
        "PileupReweightUp": 0.782176726760148,
        "PileupReweightDown": 0.7942639658819503,
        "MuonIDSFUp": 0.798287397065055,
        "MuonIDSFDown": 0.7799792069882991,
        "DblMuTrigSFUp": 0.7907413124107109,
        "DblMuTrigSFDown": 0.7874057633566763,
        "JetResUp": 0.7900942128669638,
        "JetResDown": 0.7914479973552876,
        "JetEnUp": 0.7890653406607326,
        "JetEnDown": 0.7879073970664179,
        "ElectronResUp": 0.7890959187053747,
        "ElectronResDown": 0.7890959187053747,
        "ElectronEnUp": 0.7890959187053747,
        "ElectronEnDown": 0.7890959187053747,
        "MuonEnUp": 0.7905783148486798,
        "MuonEnDown": 0.7972705385237717
    },
    "ttHToNonbb": {
        "Central": 0.37537457935763024,
        "Stat": 0.02488026414351193,
        "L1PrefireUp": 0.37455265879080607,
        "L1PrefireDown": 0.3761448422577869,
        "PileupReweightUp": 0.37562156213785036,
        "PileupReweightDown": 0.37775418039484665,
        "MuonIDSFUp": 0.37990067126438726,
        "MuonIDSFDown": 0.37088637934598284,
        "DblMuTrigSFUp": 0.37619785069395256,
        "DblMuTrigSFDown": 0.374533923777688,
        "JetResUp": 0.37595464980707805,
        "JetResDown": 0.3761442640692671,
        "JetEnUp": 0.3756643431292155,
        "JetEnDown": 0.37568284547613523,
        "ElectronResUp": 0.37537457935763024,
        "ElectronResDown": 0.37537457935763024,
        "ElectronEnUp": 0.37537457935763024,
        "ElectronEnDown": 0.37537457935763024,
        "MuonEnUp": 0.375393959799068,
        "MuonEnDown": 0.3770574689949202
    },
    "WWW": {
        "Central": 0.1196305690391883,