{
    "MuonEG": {
        "Central": 2029.0,
        "Stat": 45.044422518220834
    },
    "nonprompt": {
        "Central": 719.8030092999834,
        "Stat": 20.90049117931434
    },
    "DYJets": {
        "Central": 438.47809586398444,
        "Stat": 38.9520612833968,
        "L1PrefireUp": 437.99828016989596,
        "L1PrefireDown": 438.9078304101645,
        "PileupReweightUp": 426.734357376902,
        "PileupReweightDown": 447.48687342012363,
        "MuonIDSFUp": 443.5894494012024,
        "MuonIDSFDown": 433.3969437914861,
        "ElectronIDSFUp": 448.6522142283559,
        "ElectronIDSFDown": 428.46832408472574,
        "EMuTrigSFUp": 438.47809586398444,
        "EMuTrigSFDown": 438.47809586398444,
        "JetResUp": 439.31219742463503,
        "JetResDown": 438.6667957394177,
        "JetEnUp": 438.1592352396925,
        "JetEnDown": 438.47867189248996,
        "ElectronResUp": 438.47809586398444,
        "ElectronResDown": 438.47809586398444,
        "ElectronEnUp": 438.4780958639843,
        "ElectronEnDown": 436.1301396908985,
        "MuonEnUp": 436.13783838907625,
        "MuonEnDown": 441.0344546103957
    },
    "DYJets10to50_MG": {
        "Central": null,
        "Stat": null,
        "L1PrefireUp": null,
        "L1PrefireDown": null,
        "PileupReweightUp": null,
        "PileupReweightDown": null,
        "MuonIDSFUp": null,
        "MuonIDSFDown": null,
        "ElectronIDSFUp": null,
        "ElectronIDSFDown": null,
        "EMuTrigSFUp": null,
        "EMuTrigSFDown": null,
        "JetResUp": null,
        "JetResDown": null,
        "JetEnUp": null,
        "JetEnDown": null,
        "ElectronResUp": null,
        "ElectronResDown": null,
        "ElectronEnUp": null,
        "ElectronEnDown": null,
        "MuonEnUp": null,
        "MuonEnDown": null
    },
    "ZGToLLG": {
        "Central": 1226.0898015895991,
        "Stat": 15.590778290969777,
        "L1PrefireUp": 1224.306031354344,
        "L1PrefireDown": 1227.867733994733,
        "PileupReweightUp": 1197.0374943544075,
        "PileupReweightDown": 1255.0124626193933,
        "MuonIDSFUp": 1236.2079254955672,
        "MuonIDSFDown": 1216.020307050085,
        "ElectronIDSFUp": 1274.4516694269764,
        "ElectronIDSFDown": 1178.9851595500472,
        "EMuTrigSFUp": 1226.0898015895991,
        "EMuTrigSFDown": 1226.0898015895991,
        "JetResUp": 1226.2368853844782,
        "JetResDown": 1225.8322701549223,
        "JetEnUp": 1226.1961273637069,
        "JetEnDown": 1226.0819805858994,
        "ElectronResUp": 1226.088765840071,
        "ElectronResDown": 1226.0898015895991,
        "ElectronEnUp": 1226.1062215512381,
        "ElectronEnDown": 1225.4808203867228,
        "MuonEnUp": 1226.6897793502092,
        "MuonEnDown": 1225.9570976538655
    },
    "TTG": {
        "Central": 0.2644920989804005,
        "Stat": 0.30520003188647205,
        "L1PrefireUp": 0.2639473836104913,
        "L1PrefireDown": 0.2649359171254907,
        "PileupReweightUp": 0.3064895425644129,
        "PileupReweightDown": 0.22795655128790046,
        "MuonIDSFUp": 0.2665155932115934,
        "MuonIDSFDown": 0.26247723983578586,
        "ElectronIDSFUp": 0.2805070103156705,
        "ElectronIDSFDown": 0.248682472754052,
        "EMuTrigSFUp": 0.2644920989804005,
        "EMuTrigSFDown": 0.2644920989804005,
        "JetResUp": 0.26449639649229884,
        "JetResDown": 0.2662861790241781,
        "JetEnUp": 0.26633751065986444,
        "JetEnDown": 0.264456287197592,
        "ElectronResUp": 0.2644920989804005,
        "ElectronResDown": 0.2644920989804005,
        "ElectronEnUp": 0.2644920989804005,
        "ElectronEnDown": 0.2726200509519353,
        "MuonEnUp": 0.2644920989804005,
        "MuonEnDown": 0.2644920989804005
    },
    "WZTo3LNu_amcatnlo": {
        "Central": 24.153203130554402,
        "Stat": 1.2763214110682197,
        "L1PrefireUp": 24.123394475407455,
        "L1PrefireDown": 24.18117461142546,
        "PileupReweightUp": 23.65287724313414,
        "PileupReweightDown": 24.63333547428162,
        "MuonIDSFUp": 24.41226900013829,
        "MuonIDSFDown": 23.89582967331692,
        "ElectronIDSFUp": 24.5808805832684,
        "ElectronIDSFDown": 23.7329559469359,
        "EMuTrigSFUp": 24.153203130554402,
        "EMuTrigSFDown": 24.153203130554402,
        "JetResUp": 24.146287211655267,
        "JetResDown": 24.159137942790867,
        "JetEnUp": 24.168492015796055,
        "JetEnDown": 24.178695326504393,
        "ElectronResUp": 24.1532031305544,
        "ElectronResDown": 24.153203130554402,
        "ElectronEnUp": 24.15819689566893,
        "ElectronEnDown": 24.112644178399147,
        "MuonEnUp": 24.182959904387747,
        "MuonEnDown": 24.199636849413423
    },
    "ZZTo4L_powheg": {
        "Central": 132.00636917303044,
        "Stat": 0.31925235340822256,
        "L1PrefireUp": 131.82942391308856,
        "L1PrefireDown": 132.17822406808065,
        "PileupReweightUp": 129.6970329743397,
        "PileupReweightDown": 134.22140718955112,
        "MuonIDSFUp": 133.19519997357847,
        "MuonIDSFDown": 130.823549666542,
        "ElectronIDSFUp": 137.15232221999548,
        "ElectronIDSFDown": 126.99990751220487,
        "EMuTrigSFUp": 132.00636917303044,
        "EMuTrigSFDown": 132.00636917303044,
        "JetResUp": 131.99595619817862,
        "JetResDown": 132.01337573465614,
        "JetEnUp": 132.0321506630151,
        "JetEnDown": 131.9831092223486,
        "ElectronResUp": 132.01222457812747,
        "ElectronResDown": 132.00636917303044,
        "ElectronEnUp": 132.17963418511246,
        "ElectronEnDown": 131.82938099637295,
        "MuonEnUp": 132.24321043375667,
        "MuonEnDown": 131.7872604236475
    },
    "ttWToLNu": {
        "Central": 0.3194427100969523,
        "Stat": 0.03250919284239195,
        "L1PrefireUp": 0.31900737661377915,
        "L1PrefireDown": 0.319854707403315,
        "PileupReweightUp": 0.30721006569030307,
        "PileupReweightDown": 0.3319009814817052,
        "MuonIDSFUp": 0.3219290194569432,
        "MuonIDSFDown": 0.316968194023582,
        "ElectronIDSFUp": 0.32392806659813655,
        "ElectronIDSFDown": 0.31501065583602966,
        "EMuTrigSFUp": 0.3194427100969523,
        "EMuTrigSFDown": 0.3194427100969523,
        "JetResUp": 0.32181822078815614,
        "JetResDown": 0.32038514839009286,
        "JetEnUp": 0.3191847559133323,
        "JetEnDown": 0.31997043349728027,
        "ElectronResUp": 0.3194427100969523,
        "ElectronResDown": 0.3194427100969523,
        "ElectronEnUp": 0.31944271009695224,
        "ElectronEnDown": 0.3178244158862985,
        "MuonEnUp": 0.32136640236039066,
        "MuonEnDown": 0.31940823730511214
    },
    "ttZToLLNuNu": {
        "Central": 0.6858409762679972,
        "Stat": 0.042808037303698296,
        "L1PrefireUp": 0.6848053417219679,
        "L1PrefireDown": 0.6867977273492993,
        "PileupReweightUp": 0.6715447711296048,
        "PileupReweightDown": 0.7030416205805181,
        "MuonIDSFUp": 0.6920333959638914,
        "MuonIDSFDown": 0.6796814082688202,
        "ElectronIDSFUp": 0.6980064338732449,
        "ElectronIDSFDown": 0.6738787179949105,
        "EMuTrigSFUp": 0.6858409762679972,
        "EMuTrigSFDown": 0.6858409762679972,
        "JetResUp": 0.6895284454507781,
        "JetResDown": 0.6854615579086633,
        "JetEnUp": 0.6876685523285184,
        "JetEnDown": 0.6842816632964741,
        "ElectronResUp": 0.6858409762679972,
        "ElectronResDown": 0.6858409762679972,
        "ElectronEnUp": 0.6858197643201576,
        "ElectronEnDown": 0.685850567769929,
        "MuonEnUp": 0.6819258204995029,
        "MuonEnDown": 0.6883411305414118
    },
    "ttHToNonbb": {
        "Central": 0.5179901822091716,
        "Stat": 0.02863033245470825,
        "L1PrefireUp": 0.5172646402284974,
        "L1PrefireDown": 0.5186719991396432,
        "PileupReweightUp": 0.508998412296115,
        "PileupReweightDown": 0.5264326949201189,