# Pairwise Filter, Data Eff, MC Eff, MC Eff - AltMC
DblMuM, (1.0, 0.0031467007127540278), (1.0, 0.0014974350374729328), (1.0, 0.0004409629085272914)
