,loss/train,loss/valid,acc/train,acc/valid
0,0.0006486305568429256,0.0006484181374021047,0.6123291379077006,0.6098254161591555
1,0.0006319381027409472,0.0006319969700414186,0.6311324265800514,0.6270300446609826
2,0.0006298873392545672,0.0006286872674113989,0.6242894843686561,0.6230968331303288
3,0.0006221585865070119,0.0006216791538968591,0.6474235349844363,0.6432957775071052
4,0.0006129876735052634,0.0006132756930466256,0.658529570983895,0.6539661997563947
5,0.0006173442848029778,0.0006174949140348814,0.6483032210041955,0.6440316686967114
6,0.0006070918155137573,0.0006063192004396138,0.6620652321017729,0.6601958993097848
7,0.0006012907883184885,0.0006016225244364408,0.6740509541209907,0.6696736703207471
8,0.0005880873113374521,0.0005893780835883384,0.6910948707538233,0.6862819732034104
9,0.0005948435384586064,0.0005953344786815705,0.6829662335904724,0.6773117133576939
10,0.000597442138427358,0.0005970703664043305,0.6792275680064962,0.6751928542427933
11,0.0005985797727111229,0.0005984390891825238,0.6778319123020706,0.6745711530653674
12,0.0006037136144801976,0.0006021022240030442,0.6672587630261199,0.6663875355257816
13,0.0006032552343733596,0.0006030524309105956,0.6710650967654622,0.6681511368250102
14,0.0005953239047861273,0.0005959145652173353,0.6811899445121126,0.6773497766950873
15,0.0005909441249960087,0.0005912532711532413,0.686087427256733,0.6818539382866423
16,0.0005761860080929502,0.0005768112221167817,0.7055589389633239,0.7006952902963866
17,0.0005846741090109326,0.0005842560370593742,0.695129584517526,0.6913317092976046
18,0.0005982800701068177,0.0005983513421853577,0.6752097712816348,0.6724396061713358
19,0.0006285279385250433,0.000627441764319519,0.6384236703207471,0.6372056435241575
20,0.0005885959342111994,0.0005881793621566012,0.6892509135200975,0.6869924888347544
21,0.0006019871559416043,0.0006014585700695272,0.6693480173230478,0.6663114088509947
22,0.0005913929380289933,0.0005901946156454725,0.6866710650967655,0.6842519285424279
23,0.0005824545161143936,0.0005824372098243096,0.6966774935715252,0.6933998172959805
