,loss/train,loss/valid,acc/train,acc/valid
0,0.0005737545328161227,0.0005720256427430277,0.7014734826320549,0.7024775254002873
1,0.0005834082481271251,0.0005804076624351636,0.6893806408142277,0.69106734400766
2,0.0005950675452751313,0.000594547113032219,0.6852802454031243,0.6842584711952764
3,0.0006485399575677939,0.0006480848656365755,0.6250775750483182,0.6247406776956221
4,0.0006948338379062532,0.0006943736781217397,0.5600741174175932,0.5585137507314218
5,0.0005834065026961475,0.0005829452737492889,0.6900322712201004,0.6890858556306186
6,0.0006065521566470908,0.0006062642771884845,0.6625042112169087,0.6601614447576999
7,0.0006378770909254514,0.0006355600488731865,0.6279855311452737,0.6299005266237566
