,loss/train,loss/valid,acc/train,acc/valid
0,0.0005905606873942612,0.000588856592296419,0.6892653864567264,0.6884475238044577
1,0.0005751317816955717,0.000573584930878623,0.7022049045161977,0.7024841746901431
2,0.0006486345374153204,0.0006483146010532589,0.6225774420625211,0.6205050800574499
3,0.0005960175511743874,0.0005932448788446102,0.6745837544550242,0.6767314750784617
4,0.0006452324522647722,0.0006440447378750843,0.6293020905367307,0.6293087398265865
5,0.0006760864953702038,0.0006755690927949127,0.588954199691473,0.5883092185754561
6,0.0005820272621335756,0.0005811261113916751,0.6943720410660141,0.6935674769934571
7,0.0006769121087950033,0.0006759852635441286,0.5894373814209976,0.5890406404595989
8,0.0005835209964684929,0.0005829017802568007,0.6990309768250085,0.698115591254854
