,loss/train,loss/valid,acc/train,acc/valid
0,0.000620790217621017,0.0006154722103261397,0.658244232849265,0.6640978243523592
1,0.0006070009694128257,0.0006029315562734985,0.6677039558841782,0.6711992659184
2,0.0006261978639994838,0.000621545431864275,0.6398478642480983,0.6444358742486302
3,0.0007502804195627028,0.0007474244535016889,0.500168448676348,0.5001529336666845
4,0.0006140582612899376,0.0006091385343409744,0.658244232849265,0.6637454119899995
5,0.0006219413156113874,0.0006172724333308633,0.6431281805769811,0.649369647321666
6,0.0007680722836947415,0.0007657830875549831,0.5001507172367324,0.5001462843768285
7,0.000603119097891151,0.0005987095707743413,0.6766228700108162,0.680787541890526
8,0.0007202599148679536,0.000715922710711515,0.5178289625334681,0.5200875046545029
9,0.0006281011494719006,0.0006233495963565263,0.6349495540542937,0.6425607745092824
10,0.0007336569473498539,0.0007300575123745632,0.5124917992091778,0.5130858024362998
11,0.0006273434596283481,0.0006222893536499862,0.6419667712821604,0.6483589552635779
12,0.0007411481077638034,0.0007380706294431757,0.5032138234303243,0.5033379435076334
13,0.000679982265077597,0.0006726730764118292,0.5896900544355196,0.5962684185329007
14,0.0006974277523161407,0.0006924010331697037,0.5379674450768658,0.5410726634395446
