{
  "95": {
    "exp-2": 3.41796875,
    "exp-1": 5.209197998046875,
    "exp0": 8.75,
    "exp+1": 15.586063861846924,
    "exp+2": 26.5213680267334,
    "obs": 8.770202333010701
  },
  "90": {
    "exp-2": 3.50341796875,
    "exp-1": 5.086994171142578,
    "exp0": 8.0078125,
    "exp+1": 13.370286226272583,
    "exp+2": 22.034430503845215,
    "obs": 8.012994879076546
  },
  "85": {
    "exp-2": 2.3162841796875,
    "exp-1": 3.3147096633911133,
    "exp0": 5.15625,
    "exp+1": 8.444735407829285,
    "exp+2": 13.701173067092896,
    "obs": 5.155923002570432
  }
}