{
  "95": {
    "exp-2": 1.881561279296875,
    "exp-1": 2.6723551750183105,
    "exp0": 4.08203125,
    "exp+1": 6.522703766822815,
    "exp+2": 10.34210205078125,
    "obs": 4.08817076294923
  },
  "90": {
    "exp-2": 4.035186767578125,
    "exp-1": 5.493885278701782,
    "exp0": 8.0078125,
    "exp+1": 12.157344818115234,
    "exp+2": 18.253966569900513,
    "obs": 8.022447684908126
  },
  "85": {
    "exp-2": 1.563720703125,
    "exp-1": 2.180957794189453,
    "exp0": 3.28125,
    "exp+1": 5.13849675655365,
    "exp+2": 7.974027395248413,
    "obs": 3.2801696841020527
  }
}