{
  "95": {
    "exp-2": 1.201629638671875,
    "exp-1": 1.664031744003296,
    "exp0": 2.4609375,
    "exp+1": 3.8146349787712097,
    "exp+2": 5.849626064300537,
    "obs": 2.46256521223252
  },
  "90": {
    "exp-2": 2.509307861328125,
    "exp-1": 3.421344757080078,
    "exp0": 4.94140625,
    "exp+1": 7.442881464958191,
    "exp+2": 11.08637809753418,
    "obs": 4.9458627691959824
  },
  "85": {
    "exp-2": 0.8249282836914062,
    "exp-1": 1.1423709988594055,
    "exp0": 1.689453125,
    "exp+1": 2.612043023109436,
    "exp+2": 4.012815952301025,
    "obs": 1.6900244314833355
  }
}