{
  "95": {
    "exp-2": 1.8555450439453125,
    "exp-1": 2.599536180496216,
    "exp0": 3.92578125,
    "exp+1": 6.241734623908997,
    "exp+2": 9.801729917526245,
    "obs": 3.929260401880001
  },
  "90": {
    "exp-2": 2.4547576904296875,
    "exp-1": 3.4800320863723755,
    "exp0": 5.37109375,
    "exp+1": 8.668143153190613,
    "exp+2": 13.877654075622559,
    "obs": 5.357059164005445
  },
  "85": {
    "exp-2": 1.365509033203125,
    "exp-1": 1.9501924514770508,
    "exp0": 3.06640625,
    "exp+1": 5.0709497928619385,
    "exp+2": 8.294338583946228,
    "obs": 3.0639801785346554
  }
}