{
  "95": {
    "exp-2": 2.95166015625,
    "exp-1": 4.4345855712890625,
    "exp0": 7.265625,
    "exp+1": 12.652387619018555,
    "exp+2": 21.50362253189087,
    "obs": 7.265644665392878
  },
  "90": {
    "exp-2": 4.8004150390625,
    "exp-1": 6.990604400634766,
    "exp0": 11.171875,
    "exp+1": 18.831305503845215,
    "exp+2": 31.48801326751709,
    "obs": 11.15763987254044
  },
  "85": {
    "exp-2": 2.660064697265625,
    "exp-1": 3.7710893154144287,
    "exp0": 5.8203125,
    "exp+1": 9.485914707183838,
    "exp+2": 15.196380615234375,
    "obs": 5.830673374938858
  }
}