{
  "95": {
    "exp-2": 2.0503997802734375,
    "exp-1": 2.8394192457199097,
    "exp0": 4.19921875,
    "exp+1": 6.525837779045105,
    "exp+2": 9.988958835601807,
    "obs": 4.2140550834197175
  },
  "90": {
    "exp-2": 4.05487060546875,
    "exp-1": 5.520684719085693,
    "exp0": 8.046875,
    "exp+1": 12.184574604034424,
    "exp+2": 18.278985023498535,
    "obs": 8.042567703295177
  },
  "85": {
    "exp-2": 1.7213821411132812,
    "exp-1": 2.383791506290436,
    "exp0": 3.525390625,
    "exp+1": 5.464615821838379,
    "exp+2": 8.37982177734375,
    "obs": 3.530018654473448
  }
}