{
  "95": {
    "exp-2": 1.2903213500976562,
    "exp-1": 1.791730523109436,
    "exp0": 2.685546875,
    "exp+1": 4.2163196206092834,
    "exp+2": 6.530793905258179,
    "obs": 2.691305322073883
  },
  "90": {
    "exp-2": 2.4506378173828125,
    "exp-1": 3.336530327796936,
    "exp0": 4.86328125,
    "exp+1": 7.402748465538025,
    "exp+2": 11.124489307403564,
    "obs": 4.870186560529849
  },
  "85": {
    "exp-2": 1.0181808471679688,
    "exp-1": 1.413838267326355,
    "exp0": 2.119140625,
    "exp+1": 3.3270594477653503,
    "exp+2": 5.153390169143677,
    "obs": 2.123186078134899
  }
}