{
  "95": {
    "exp-2": 1.400299072265625,
    "exp-1": 2.013505697250366,
    "exp0": 3.14453125,
    "exp+1": 5.175077319145203,
    "exp+2": 8.362494707107544,
    "obs": 3.147887107440006
  },
  "90": {
    "exp-2": 2.1324920654296875,
    "exp-1": 2.9875266551971436,
    "exp0": 4.51171875,
    "exp+1": 7.13736891746521,
    "exp+2": 11.199764013290405,
    "obs": 4.50789195530876
  },
  "85": {
    "exp-2": 1.1484909057617188,
    "exp-1": 1.623660922050476,
    "exp0": 2.470703125,
    "exp+1": 3.947952389717102,
    "exp+2": 6.259693503379822,
    "obs": 2.4638108039290554
  }
}