,loss/train,loss/valid,acc/train,acc/valid
0,0.0005037437239231369,0.0004979150426592761,0.7916787278797353,0.7972413593469577
1,0.0004632212952748161,0.0004602509524276604,0.8341824427333604,0.8372604643084582
2,0.0004611686333614516,0.0004584282879919678,0.8381192226789401,0.8402419961790077
3,0.0004961987790824175,0.0004910920090282798,0.7975549508867403,0.8035662594801135
4,0.0005082091423230229,0.0005083034967897197,0.7834867519635655,0.7830863196896891
5,0.00045985283802438975,0.0004578143563549665,0.8380806267971207,0.8399670005210444
6,0.00048587690210597303,0.0004811905803680696,0.8133310175804241,0.817981821339663
7,0.0004651423416229899,0.00046332555336743233,0.8348964665470194,0.8370144155618595
8,0.00044834935552866517,0.0004455432052522033,0.8509137575020745,0.8530654779135066
9,0.0004584220082189473,0.00045686933088887857,0.8389683320789671,0.8416025010131419
10,0.0005885993932388937,0.0005886331498226059,0.6964819853721608,0.6969837318358131
11,0.0004612400021565278,0.00045835987446877233,0.8376850190084718,0.8413419788108609
12,0.0005073482843056293,0.0005025045511339257,0.7872787973523225,0.7921756498581601
13,0.00048042702015544194,0.00047519754779944096,0.8158011540168664,0.8217304463613733
14,0.000496515188715634,0.0004897697727398488,0.7986066886663193,0.8058385920222312
15,0.00044774856833826006,0.0004451492216731584,0.8512321735270847,0.854122040178313
16,0.0004457130712720138,0.0004423642314826856,0.8540496728999016,0.8579575059341168
17,0.0005688991471450722,0.000563746288566289,0.7271946583299562,0.732863428472182
18,0.0004532882805468182,0.00045054161183871207,0.8454717381655378,0.8479274011462977
19,0.0005730002668193348,0.0005676503548409289,0.7163685134796117,0.7215741330400046
20,0.00046029341163573414,0.0004575463274009308,0.8368745054902642,0.8410380362415331
21,0.0004700663056671096,0.00046838040242617226,0.8285088481059071,0.8305592543275633
22,0.0005086933629161593,0.000503756891806014,0.7818657249271502,0.7874283563943727
23,0.0004620375060117719,0.0004604834236550992,0.8366622281402575,0.8385051814971343
