,loss/train,loss/valid,acc/train,acc/valid
0,0.0005759922727700701,0.0005740510498782877,0.7038111975006213,0.7067046543827884
1,0.0005892470500701726,0.0005869624196105472,0.6909149004153797,0.6955879220364256
2,0.0005769814724451048,0.000576457574714397,0.7060744843256292,0.708075939929705
3,0.0007284792214785452,0.0007271316390104068,0.5301682820321653,0.5306475663009905
4,0.0005845819698226682,0.0005819503008043287,0.6998615401001171,0.7033762914048355
5,0.0005669077880746425,0.0005644789503803776,0.7201068626406788,0.7225876025135797
6,0.0005633457984627044,0.0005618124440056865,0.7228760606383356,0.7247177548194695
7,0.0006252204931281298,0.0006239676981170866,0.6551549685802535,0.6537969964852487
8,0.0006956168718136897,0.0006949281648701278,0.5644637341569922,0.5642773458302268
9,0.0006053977842236469,0.000603620050617244,0.6734210246032591,0.675764192139738
10,0.0005860694667192365,0.0005834308063175138,0.6985834487165833,0.7012594525508574
11,0.0005681842454969428,0.0005675127460167093,0.7172489082969432,0.7203110022366599
12,0.0005935444926904084,0.0005920311974278019,0.6905687506656726,0.6940435616146554
13,0.0006377421387993973,0.0006372821030747282,0.6442823161856073,0.6441979976568325
