,loss/train,loss/valid,acc/train,acc/valid
0,0.0006620017646003778,0.0006598527700467567,0.575087868782618,0.5798141442113111
1,0.0006030103755876712,0.0006011586649398324,0.6726310931231583,0.674273085525615
2,0.0005799831409408976,0.0005784292987759393,0.7050892888841552,0.7075434018532325
3,0.0005904096728735348,0.0005887279659747722,0.689193027301452,0.6928852912983279
4,0.0006088803676335445,0.0006055971057045027,0.6654862072638194,0.6695201831930984
5,0.0006218520641352298,0.0006208768490785632,0.65228813860191,0.65299818937054
6,0.0005968463412615066,0.0005950925488646692,0.6771310398693506,0.6786398977526893
7,0.0005672373662941431,0.000565860059799916,0.715642418432918,0.7176083714985622
8,0.0007057148518431795,0.0007056296689084498,0.5464905740760464,0.5469432314410481
9,0.0005920575930676353,0.0005900683983508131,0.6864238293037952,0.6883587176483118
10,0.0005796843035413159,0.0005772337674561344,0.7058969716334718,0.7100330173607413
11,0.0005681361681306079,0.0005652681437464539,0.7159708169134094,0.718540313132389
12,0.0005704064375676975,0.000567880576475066,0.7114087407249619,0.716064011076792
13,0.0006019442593212955,0.0005978394054937368,0.6797759789824972,0.6838454574502076
14,0.0006067628876048248,0.0006048503375584127,0.6575513899243796,0.6602939610182128
15,0.0006463801092235925,0.0006434507568825394,0.6246227855291653,0.6295532005538396
16,0.0005795598933671946,0.0005772167173789477,0.7016189157524763,0.7026174246458622
17,0.000631767474653182,0.0006279190205730358,0.6452142578194341,0.6481121525189051
18,0.0005788016106393613,0.0005774101856824168,0.7009532431568857,0.7037490680583661
19,0.0006456337471072969,0.0006428916197334035,0.6398001207086307,0.6425604430716796
