,loss/train,loss/valid,acc/train,acc/valid
0,0.0005765462872428136,0.0005872242356364661,0.7060748069079232,0.7021999479302266
1,0.0005690550298251327,0.0005785672995486131,0.713095548034366,0.7059229367352252
2,0.0005697595207246137,0.0005798305347232079,0.7132517573548555,0.7091772975787556
3,0.0005742965499363477,0.0005835217855089005,0.7189447192571379,0.7133168445717261
4,0.0005757330394625033,0.0005843227456181474,0.7105614857242037,0.7054152564436345
5,0.0005691663352791182,0.0005791070971194731,0.7164193352425584,0.7106482686800313
6,0.0005671323545792446,0.0005777088235176283,0.7159680638722555,0.7087216870606613
7,0.0005606785919644979,0.0005717930951114745,0.7237351384188145,0.7173522520177037
8,0.0005565426518889565,0.0005663975534014515,0.7290636119066215,0.7237698516011455
9,0.0006068368747624778,0.0006136503172429767,0.6667968411004079,0.6640197865139287
10,0.0006046423634379561,0.0006161474058076263,0.6688102056756053,0.6614683676126009
11,0.0005693850630657815,0.0005791404398739632,0.7144493621452747,0.7084873730799272
12,0.0005960145453286132,0.0006030433657764612,0.677002516705719,0.6749804738349389
13,0.0005753735551235732,0.0005839566394892313,0.7073678729497527,0.703540744597761
14,0.0005676742478562428,0.0005789586720880013,0.7149179901067431,0.7074980473834939
15,0.0005637671838232516,0.0005731371464874558,0.7207671613295149,0.7150481645404843
