,loss/train,loss/valid,acc/train,acc/valid
0,0.0006321703546085385,0.0006290089153725444,0.6375457095182305,0.6407897539674087
1,0.0005930839729041604,0.0005901633315554112,0.6869031135726205,0.6894237938012567
2,0.0005901642430724607,0.0005883149455906243,0.6925657684524443,0.694283203749068
3,0.00058129737500494,0.0005801342890366462,0.7000390527922746,0.7016721695601236
4,0.0005801756474695576,0.0005789100004913378,0.7006337203110022,0.7034428586643945
5,0.0005801869372139555,0.0005777677016614255,0.7021425781943409,0.7058525934604324
6,0.0005819300477207712,0.0005797767230643926,0.6996041466964888,0.7017520502715944
7,0.0005797726683212544,0.0005775772662814883,0.7027106188092449,0.7050804132495473
8,0.0005760904224712797,0.0005742840921996894,0.7084176518621081,0.7086750452657365
9,0.0005769586898091545,0.0005753840467510595,0.7063318777292577,0.7078762381510278
10,0.0005812734459630427,0.0005809536100779748,0.7005715908687471,0.7012993929065928
11,0.0005820040662909872,0.0005798423276921153,0.699382255831292,0.7023245287038024
12,0.000574467163495279,0.0005731385453959371,0.7076277203820073,0.7110182128022153
13,0.0005734730692434926,0.0005728909780529948,0.7090744488230909,0.7101395249760358
14,0.0005784065063529516,0.0005758996858092997,0.7010508751375724,0.7055596975183726
15,0.0005807262601091293,0.0005801020735482563,0.7017254233677708,0.7042017254233678
16,0.0005772227170973806,0.0005767279469125097,0.7032431568857174,0.7049472787304292
17,0.0005787500887648952,0.0005780384444443864,0.6993911314658998,0.702271274896155
18,0.0005807254760880801,0.0005793153298511865,0.7025952355593424,0.7046676962402811
19,0.0005761942888603816,0.0005765902924961729,0.7072460680938687,0.705812653104697
20,0.000576803225629918,0.000576500810935914,0.703198778712678,0.7043481733943977
