,loss/train,loss/valid,acc/train,acc/valid
0,0.000760334180804552,0.0007587356647816389,0.5,0.5
1,0.0008014980548190018,0.0008015725624765727,0.5,0.5
2,0.0006535487591312493,0.0006510251159929013,0.6039248056236021,0.6066806901693471
3,0.0006670554256771016,0.0006641773285798745,0.5990343309546633,0.600463308126531
4,0.000784570294438525,0.0007831783415105907,0.5,0.5
5,0.0006643103214567553,0.0006578529156591326,0.6112383285404906,0.6193684098413037
6,0.0006934749633396515,0.000687166098582629,0.5723186707849611,0.579188411971456
7,0.0007866695562939203,0.0007871872863394725,0.507278020378457,0.5072957716476728
8,0.0006836757228393695,0.0006809440377053392,0.5178045230233962,0.5188385344552136
9,0.0006503121530674904,0.0006455243727322622,0.6116022295594135,0.6192086484183619
10,0.0008010193274400103,0.0008014006245972973,0.5,0.5
11,0.0008016300010119112,0.0008006112225292615,0.5,0.5
12,0.0008006824655485775,0.000800331295272999,0.5,0.5
13,0.000728241390650716,0.0007298832886426489,0.4918787943337949,0.4907737778251145
14,0.0007510061057420501,0.0007496558281354268,0.5085117335889516,0.5089200127809138
15,0.0007958543105099526,0.000795336979616817,0.49998224873078423,0.4999866865480882
16,0.0007530065328036185,0.0007522604000214152,0.5,0.5
