,loss/train,loss/valid,acc/train,acc/valid
0,0.0006236530990905645,0.00062075603524391,0.6468118720488515,0.6506283949302375
1,0.000601524094399855,0.0005986509029889896,0.6763588596584655,0.6810230056449036
2,0.0005888903871505038,0.0005863437698676901,0.6916427024532255,0.6946293534987752
3,0.0006002734676143649,0.0005976194209318113,0.6812848368658359,0.684457876238151
4,0.0006093196447874006,0.0006059636498287293,0.664376752937835,0.6680290765789754
5,0.0006301074158875762,0.0006277755153599429,0.6367646536727376,0.6412823516881457
6,0.0006127210124513993,0.0006103522282830568,0.6624862427663578,0.6675231654063265
7,0.0005967788239292609,0.0005943460854393108,0.6836901338445699,0.6850037277665353
8,0.0006248365040065323,0.0006248261424435989,0.6461373238186531,0.6484183619128767
9,0.0006170271060191417,0.0006130552646425385,0.657169737636241,0.6631696666311642
