,loss/train,loss/valid,acc/train,acc/valid
0,0.0006738465001468237,0.0006686391995120498,0.5860759044271665,0.5955905847268079
1,0.0006445192775859379,0.0006364186157788163,0.6346256257322399,0.6445974012141868
2,0.0006306254591183248,0.0006253888767257464,0.6373060673838179,0.648192033230376
3,0.0007324102770961816,0.0007299986119493278,0.5237867007491036,0.526653530727447
4,0.0007926204987776251,0.0007907172823907062,0.5021390279404977,0.5021567792097135
5,0.000672438632173525,0.00066401988239331,0.601741399510065,0.6135104910001065
6,0.000796286210353735,0.0007967824874778489,0.5,0.5
7,0.0006942557652469692,0.0006915979584904572,0.5314374977810914,0.5359995739695388
8,0.0007319237195582513,0.0007314083500403111,0.5000088756346078,0.5000133134519118
9,0.000728554836658428,0.0007263816046389747,0.5315085028579544,0.5333368835871765
