,loss/train,loss/valid,acc/train,acc/valid
0,0.0006572119854391253,0.0006623789027849235,0.6023372485212115,0.5961254893984848
1,0.0006123636864930504,0.0006158860622790929,0.6578024101286419,0.6518215792952662
2,0.0006196732335255426,0.0006249902209529081,0.6537728174098744,0.6467623430111354
3,0.0007959414445934262,0.0007959479512393448,0.5,0.5
4,0.0007753580782373518,0.0007739163654466514,0.5163132828257149,0.5175865663293843
5,0.0006413543200190193,0.0006419875888102673,0.638099354248233,0.6378260537956983
6,0.0006774473483981796,0.0006765165410414221,0.5685115506516839,0.5713568414094676
7,0.0006645417833115694,0.0006703253718568572,0.5961000661005745,0.5902908425280927
8,0.0006382456588691777,0.0006376092807129014,0.6429933390959476,0.6446077185132455
