{
  "expected": 0.8596531304891127,
  "up": 0.8730572043061818,
  "down": 0.8463507656462481,
  "observed": 0.8611668210978454,
  "difference": 0.0017608155604242313
}