{
  "expected": 0.8918850586676279,
  "up": 0.9132390325561386,
  "down": 0.870801266972687,
  "observed": 0.8998008084687557,
  "difference": 0.008875302623583528
}