,loss/train,loss/valid,acc/train,acc/valid
0,0.0007558927826749657,0.0007554001892411113,0.5040205455189515,0.5042773645058448
1,0.000602298406498085,0.0006002084030418416,0.679906128232377,0.6825850159404888
2,0.0006725651298141884,0.0006723345307817368,0.6081739284449168,0.6072662061636557
3,0.0005817023276480385,0.0005796207797958038,0.6998583067658519,0.7030818278427206
4,0.0005842098452248474,0.0005832855976666705,0.6946333687566418,0.694952178533475
5,0.0006165775970242102,0.0006152857384000143,0.6580676585193057,0.6603081827842721
6,0.0006056023322856051,0.0006036938859919813,0.668978037548707,0.6720377258235919
7,0.0006517278553744474,0.0006524824476964162,0.6229631597591215,0.6217321997874602
8,0.0005897265364420232,0.0005868096359857971,0.6925522493800921,0.6961477151965993
9,0.0007846096618311481,0.0007844018236230208,0.5004250797024442,0.5005180658873539
10,0.0005862649724156647,0.0005836025775112331,0.6936503719447397,0.6962672688629118
