,loss/train,loss/valid,acc/train,acc/valid
0,0.0005825941750777769,0.0005802381510562268,0.6963691108749557,0.6989904357066951
1,0.0006020238007419801,0.0006018528934492949,0.6728923131420474,0.6730605738575983
2,0.0006378854694537055,0.0006358612277302555,0.6216436415161176,0.6262353878852285
3,0.0006250749348411735,0.0006227153797775475,0.6546138859369465,0.6575053134962806
4,0.0006009993704548551,0.000599115539053168,0.6752302515054907,0.6780154091392137
5,0.0007391883323600518,0.0007366541222798837,0.5394527098831031,0.5426142401700319
6,0.000562145731210962,0.0005604054964880887,0.7196599362380446,0.7206296493092454
7,0.0005837683654659148,0.0005806878034924093,0.7022759475735033,0.7052470775770457
8,0.0005739650092266824,0.00057275981645275,0.7088558271342543,0.7088204038257173
9,0.0006340900043456469,0.0006283348602392215,0.6386025504782147,0.6457359192348565
10,0.000564215372122225,0.0005638406884150855,0.7204658165072618,0.72057651434644
11,0.0005684253882736844,0.0005673129455949497,0.7108572440665958,0.7127391073326249
12,0.0005931762112103326,0.0005908309962050187,0.6806942968473255,0.6825053134962805
13,0.0005759079812943745,0.0005746918644332481,0.7045784626284095,0.7068544102019129
