{
  "expected": 0.8704691198394661,
  "up": 0.8820555739974723,
  "down": 0.8589646257360587,
  "observed": 0.868446646830078,
  "difference": -0.0023234287848844766
}