{
  "expected": 0.9009707341050913,
  "up": 0.9225184574301208,
  "down": 0.8796862146021424,
  "observed": 0.9047072413682105,
  "difference": 0.004147201592325309
}