{
    "MuonEG": {
        "Central": 529.0,
        "Stat": 23.0
    },
    "nonprompt": {
        "Central": 139.6715040088418,
        "Stat": 8.804329439591863
    },
    "ZGToLLG": {
        "Central": 430.4969056925255,
        "Stat": 5.012106493360033,
        "L1PrefireUp": 427.58230837164604,
        "L1PrefireDown": 433.37177765873184,
        "PileupReweightUp": 420.8896438566516,
        "PileupReweightDown": 440.2915765186951,
        "MuonIDSFUp": 434.4489886071691,
        "MuonIDSFDown": 426.56892466414945,
        "ElectronIDSFUp": 448.33151050698655,
        "ElectronIDSFDown": 413.11233587714617,
        "EMuTrigSFUp": 430.4969056925255,
        "EMuTrigSFDown": 430.4969056925255,
        "JetResUp": 430.42845674610174,
        "JetResDown": 430.5732863064268,
        "JetEnUp": 430.003161529962,
        "JetEnDown": 430.78577669117817,
        "ElectronResUp": 430.5320445593484,
        "ElectronResDown": 430.4969056925255,
        "ElectronEnUp": 430.6579438269414,
        "ElectronEnDown": 430.29991156343607,
        "MuonEnUp": 430.56721519109175,
        "MuonEnDown": 430.52756257180573
    },
    "WZTo3LNu_amcatnlo": {
        "Central": 9.700368385744142,
        "Stat": 0.4416213916236182,
        "L1PrefireUp": 9.63301803399365,
        "L1PrefireDown": 9.767102714060059,
        "PileupReweightUp": 9.717910852578102,
        "PileupReweightDown": 9.661175977189183,
        "MuonIDSFUp": 9.793332853345825,
        "MuonIDSFDown": 9.608026394709922,
        "ElectronIDSFUp": 9.920014356112816,
        "ElectronIDSFDown": 9.485475515958807,
        "EMuTrigSFUp": 9.700368385744142,
        "EMuTrigSFDown": 9.700368385744142,
        "JetResUp": 9.693669381250132,
        "JetResDown": 9.725677895005589,
        "JetEnUp": 9.711045288604021,
        "JetEnDown": 9.710125631914954,
        "ElectronResUp": 9.700368385744142,
        "ElectronResDown": 9.700368385744142,
        "ElectronEnUp": 9.721937219536875,
        "ElectronEnDown": 9.67310856984754,
        "MuonEnUp": 9.689954271991628,
        "MuonEnDown": 9.734022507479501
    },
    "ZZTo4L_powheg": {
        "Central": 28.91821582621598,
        "Stat": 0.11569095665203377,
        "L1PrefireUp": 28.753848384527313,
        "L1PrefireDown": 29.081628091217166,
        "PileupReweightUp": 28.42732880378996,
        "PileupReweightDown": 29.40532172256951,
        "MuonIDSFUp": 29.188055782172942,
        "MuonIDSFDown": 28.650061238293468,
        "ElectronIDSFUp": 30.214061349099033,
        "ElectronIDSFDown": 27.657444475789667,
        "EMuTrigSFUp": 28.91821582621598,
        "EMuTrigSFDown": 28.91821582621598,
        "JetResUp": 28.91034691096427,
        "JetResDown": 28.941179323962512,
        "JetEnUp": 28.858365627217996,
        "JetEnDown": 28.971515754800816,
        "ElectronResUp": 28.917417547800685,
        "ElectronResDown": 28.91821582621598,
        "ElectronEnUp": 28.971586912675996,
        "ElectronEnDown": 28.876075639623565,
        "MuonEnUp": 28.978144634098253,
        "MuonEnDown": 28.863721038819012
    },
    "ttWToLNu": {
        "Central": 0.031098342588962616,
        "Stat": 0.015089661153490653,
        "L1PrefireUp": 0.030573835648656317,
        "L1PrefireDown": 0.031631022569997655,
        "PileupReweightUp": 0.026899866242745367,
        "PileupReweightDown": 0.0342920317632081,
        "MuonIDSFUp": 0.031469932060639874,
        "MuonIDSFDown": 0.03073006394500017,
        "ElectronIDSFUp": 0.031344714056862344,
        "ElectronIDSFDown": 0.030839129126437815,
        "EMuTrigSFUp": 0.031098342588962616,
        "EMuTrigSFDown": 0.031098342588962616,
        "JetResUp": 0.031094383134677578,
        "JetResDown": 0.03110503232132467,
        "JetEnUp": 0.031099621636831713,
        "JetEnDown": 0.03105094040495332,
        "ElectronResUp": 0.031098342588962616,
        "ElectronResDown": 0.031098342588962616,
        "ElectronEnUp": 0.03109834258896261,
        "ElectronEnDown": 0.03489841686462802,
        "MuonEnUp": 0.03109834258896261,
        "MuonEnDown": 0.032564993495662845
    },
    "ttZToLLNuNu": {
        "Central": 0.04338683168418223,
        "Stat": 0.012017876883524339,
        "L1PrefireUp": 0.04285761160040709,
        "L1PrefireDown": 0.04390818158212996,
        "PileupReweightUp": 0.04018843621333296,
        "PileupReweightDown": 0.04669767967082084,
        "MuonIDSFUp": 0.04374209052174273,
        "MuonIDSFDown": 0.043033729161179375,
        "ElectronIDSFUp": 0.04367283281813294,
        "ElectronIDSFDown": 0.04310291157341762,
        "EMuTrigSFUp": 0.04338683168418223,
        "EMuTrigSFDown": 0.04338683168418223,
        "JetResUp": 0.04337192445704823,
        "JetResDown": 0.04507483405951877,
        "JetEnUp": 0.04411483072990982,
        "JetEnDown": 0.04331578783114522,
        "ElectronResUp": 0.04338683168418223,
        "ElectronResDown": 0.04338683168418223,
        "ElectronEnUp": 0.043409759904063136,
        "ElectronEnDown": 0.04338683168418223,
        "MuonEnUp": 0.042142583832628706,
        "MuonEnDown": 0.043386831684182225
    },
    "ttHToNonbb": {
        "Central": 0.06030666897262177,
        "Stat": 0.010916360741485512,
        "L1PrefireUp": 0.059367109165879194,
        "L1PrefireDown": 0.061242860883516,
        "PileupReweightUp": 0.06621558494069035,
        "PileupReweightDown": 0.05768717002572052,
        "MuonIDSFUp": 0.060876045208826404,
        "MuonIDSFDown": 0.05974086737681492,
        "ElectronIDSFUp": 0.061593242286820574,
        "ElectronIDSFDown": 0.059052749596892606,
        "EMuTrigSFUp": 0.06030666897262177,
        "EMuTrigSFDown": 0.06030666897262177,
        "JetResUp": 0.05615820475678775,
        "JetResDown": 0.060317059282964935,
        "JetEnUp": 0.06033341243274319,
        "JetEnDown": 0.0602215412191948,
        "ElectronResUp": 0.06030666897262177,
        "ElectronResDown": 0.06030666897262177,
        "ElectronEnUp": 0.06030878112447188,
        "ElectronEnDown": 0.062261254457652404,
        "MuonEnUp": 0.062261254457652404,
        "MuonEnDown": 0.06132258221613149
    },
    "WWW": {
        "Central": 0.09787965284999964,
        "Stat": 0.010112724449687872,
        "L1PrefireUp": 0.09724828754727162,
        "L1PrefireDown": 0.09851447228400002,
        "PileupReweightUp": 0.09658843123103951,
        "PileupReweightDown": 0.09846600083496035,
        "MuonIDSFUp": 0.0987775773276621,
        "MuonIDSFDown": 0.09698741458778738,
        "ElectronIDSFUp": 0.09952010715601461,
        "ElectronIDSFDown": 0.096272617521512,
        "EMuTrigSFUp": 0.09787965284999964,
        "EMuTrigSFDown": 0.09787965284999964,
        "JetResUp": 0.09938068966375309,
        "JetResDown": 0.09937015100812868,
        "JetEnUp": 0.09788894886085497,
        "JetEnDown": 0.09786650942698275,
        "ElectronResUp": 0.09787965284999964,
        "ElectronResDown": 0.09787965284999964,
        "ElectronEnUp": 0.09787965284999965,
        "ElectronEnDown": 0.09787965284999964,
        "MuonEnUp": 0.09790129606901583,
        "MuonEnDown": 0.09867655519744166
    },
    "WWZ": {
        "Central": 0.024802374836140978,
        "Stat": 0.0044889050848259835,
        "L1PrefireUp": 0.024537829450532275,
        "L1PrefireDown": 0.025068610703685323,
        "PileupReweightUp": 0.024208883402514803,
        "PileupReweightDown": 0.025280550597167818,
        "MuonIDSFUp": 0.02503575728622953,
        "MuonIDSFDown": 0.024570496255774392,
        "ElectronIDSFUp": 0.0254207272985409,
        "ElectronIDSFDown": 0.024201140210695367,
        "EMuTrigSFUp": 0.024802374836140978,
        "EMuTrigSFDown": 0.024802374836140978,
        "JetResUp": 0.024815360489807387,
        "JetResDown": 0.024805396264207573,
        "JetEnUp": 0.024805400044648766,
        "JetEnDown": 0.024800935915709085,
        "ElectronResUp": 0.024802374836140978,
        "ElectronResDown": 0.024802374836140978,
        "ElectronEnUp": 0.02480237483614097,