{
    "DoubleMuon": {
        "Central": 350.0,
        "Stat": 18.708286933869708
    },
    "nonprompt": {
        "Central": 102.90772573463458,
        "Stat": 7.63465047759058
    },
    "DYJets": {
        "Central": 76.0586160909096,
        "Stat": 17.025229203087015,
        "L1PrefireUp": 75.6267781462764,
        "L1PrefireDown": 76.44590911556463,
        "PileupReweightUp": 74.31157645924804,
        "PileupReweightDown": 77.37807013974258,
        "MuonIDSFUp": 77.71322328056605,
        "MuonIDSFDown": 74.42800077462167,
        "DblMuTrigSFUp": 76.27383293052293,
        "DblMuTrigSFDown": 75.8405087925448,
        "JetResUp": 75.83337741721381,
        "JetResDown": 75.90205730799558,
        "JetEnUp": 76.03729653672987,
        "JetEnDown": 76.07565071130635,
        "ElectronResUp": 76.0586160909096,
        "ElectronResDown": 76.0586160909096,
        "ElectronEnUp": 76.0586160909096,
        "ElectronEnDown": 76.0586160909096,
        "MuonEnUp": 76.0586160909096,
        "MuonEnDown": 76.0586160909096
    },
    "DYJets10to50_MG": {
        "Central": null,
        "Stat": null,
        "L1PrefireUp": null,
        "L1PrefireDown": null,
        "PileupReweightUp": null,
        "PileupReweightDown": null,
        "MuonIDSFUp": null,
        "MuonIDSFDown": null,
        "DblMuTrigSFUp": null,
        "DblMuTrigSFDown": null,
        "JetResUp": null,
        "JetResDown": null,
        "JetEnUp": null,
        "JetEnDown": null,
        "ElectronResUp": null,
        "ElectronResDown": null,
        "ElectronEnUp": null,
        "ElectronEnDown": null,
        "MuonEnUp": null,
        "MuonEnDown": null
    },
    "ZGToLLG": {
        "Central": 81.91865796072334,
        "Stat": 2.252110628660231,
        "L1PrefireUp": 81.32636609201818,
        "L1PrefireDown": 82.4852126210507,
        "PileupReweightUp": 81.41756771957667,
        "PileupReweightDown": 82.6984123951739,
        "MuonIDSFUp": 83.17537893108805,
        "MuonIDSFDown": 80.67658505877627,
        "DblMuTrigSFUp": 82.10551109145304,
        "DblMuTrigSFDown": 81.72912025082493,
        "JetResUp": 81.93394953006896,
        "JetResDown": 81.92234994701917,
        "JetEnUp": 81.92131609620547,
        "JetEnDown": 81.92858820080389,
        "ElectronResUp": 81.91865796072334,
        "ElectronResDown": 81.91865796072334,
        "ElectronEnUp": 81.91865796072334,
        "ElectronEnDown": 81.91865796072334,
        "MuonEnUp": 82.1799675743164,
        "MuonEnDown": 81.99721577145887
    },
    "TTG": {
        "Central": 0.1078600011255123,
        "Stat": 0.1078600011255123,
        "L1PrefireUp": 0.10672363744927547,
        "L1PrefireDown": 0.10865677021214475,
        "PileupReweightUp": 0.09914169173684338,
        "PileupReweightDown": 0.11347195174650142,
        "MuonIDSFUp": 0.11119837860283628,
        "MuonIDSFDown": 0.10458235819210693,
        "DblMuTrigSFUp": 0.10803322396249099,
        "DblMuTrigSFDown": 0.10767386372957762,
        "JetResUp": 0.10788729326674924,
        "JetResDown": 0.10783307940522091,
        "JetEnUp": 0.10787331001552472,
        "JetEnDown": 0.10784531535039327,
        "ElectronResUp": 0.1078600011255123,
        "ElectronResDown": 0.1078600011255123,
        "ElectronEnUp": 0.1078600011255123,
        "ElectronEnDown": 0.1078600011255123,
        "MuonEnUp": 0.1078600011255123,
        "MuonEnDown": 0.1078600011255123
    },
    "WZTo3LNu_amcatnlo": {
        "Central": 12.775096889521409,
        "Stat": 0.5204345460978009,
        "L1PrefireUp": 12.686023202481158,
        "L1PrefireDown": 12.859230207340442,
        "PileupReweightUp": 12.657589961408151,
        "PileupReweightDown": 12.920027158972715,
        "MuonIDSFUp": 13.025063349047528,
        "MuonIDSFDown": 12.52869114040736,
        "DblMuTrigSFUp": 12.813997849086658,
        "DblMuTrigSFDown": 12.735704937377372,
        "JetResUp": 12.777055389333626,
        "JetResDown": 12.776024269185733,
        "JetEnUp": 12.777401558206396,
        "JetEnDown": 12.774468212297348,
        "ElectronResUp": 12.775096889521409,
        "ElectronResDown": 12.775096889521409,
        "ElectronEnUp": 12.775096889521409,
        "ElectronEnDown": 12.775096889521409,
        "MuonEnUp": 12.732655139141471,
        "MuonEnDown": 12.84570277430719
    },
    "ZZTo4L_powheg": {
        "Central": 104.63797000116799,
        "Stat": 0.22646599912104828,
        "L1PrefireUp": 103.94169678332788,
        "L1PrefireDown": 105.26358457225511,
        "PileupReweightUp": 103.21177602735791,
        "PileupReweightDown": 106.042948957743,
        "MuonIDSFUp": 106.67915841779106,
        "MuonIDSFDown": 102.62486851166345,
        "DblMuTrigSFUp": 104.95276516837505,
        "DblMuTrigSFDown": 104.31889831970983,
        "JetResUp": 104.6395708964078,
        "JetResDown": 104.63751874885412,
        "JetEnUp": 104.6364604026041,
        "JetEnDown": 104.6396079744519,
        "ElectronResUp": 104.63797000116799,
        "ElectronResDown": 104.63797000116799,
        "ElectronEnUp": 104.63797000116799,
        "ElectronEnDown": 104.63797000116799,
        "MuonEnUp": 104.84517419124631,
        "MuonEnDown": 104.39237726807616
    },
    "ttWToLNu": {
        "Central": 0.06408317839990284,
        "Stat": 0.015093395995785503,
        "L1PrefireUp": 0.06349741312290122,
        "L1PrefireDown": 0.06465423264304515,
        "PileupReweightUp": 0.06492554607941256,
        "PileupReweightDown": 0.06331112138943065,
        "MuonIDSFUp": 0.06508315347645688,
        "MuonIDSFDown": 0.06309460300036676,
        "DblMuTrigSFUp": 0.06424067947527497,
        "DblMuTrigSFDown": 0.06392364216235136,
        "JetResUp": 0.06412369223946777,
        "JetResDown": 0.06411335247867934,
        "JetEnUp": 0.06408375507549079,
        "JetEnDown": 0.06408922055693611,
        "ElectronResUp": 0.06408317839990284,
        "ElectronResDown": 0.06408317839990284,
        "ElectronEnUp": 0.06408317839990284,
        "ElectronEnDown": 0.06408317839990284,
        "MuonEnUp": 0.06408477842903314,
        "MuonEnDown": 0.06712940536740597
    },
    "ttZToLLNuNu": {
        "Central": 0.22194606939845585,
        "Stat": 0.02578735709946418,
        "L1PrefireUp": 0.21922609291756362,
        "L1PrefireDown": 0.22457131321224175,
        "PileupReweightUp": 0.2160869362236402,
        "PileupReweightDown": 0.22983444125372396,
        "MuonIDSFUp": 0.22565617695014287,
        "MuonIDSFDown": 0.21828172768031356,
        "DblMuTrigSFUp": 0.2225351453491475,
        "DblMuTrigSFDown": 0.22134832783484104,
        "JetResUp": 0.2216760647408642,
        "JetResDown": 0.2217288221238675,
        "JetEnUp": 0.222024361899381,
        "JetEnDown": 0.2219533975589205,
        "ElectronResUp": 0.22194606939845585,
        "ElectronResDown": 0.22194606939845585,
        "ElectronEnUp": 0.22194606939845585,
        "ElectronEnDown": 0.22194606939845585,
        "MuonEnUp": 0.22503443043933194,
        "MuonEnDown": 0.2218575972684489
    },
    "ttHToNonbb": {
        "Central": 0.10446455967449175,
        "Stat": 0.01297605470024272,
        "L1PrefireUp": 0.10314603419229729,
        "L1PrefireDown": 0.1057506964070583,
        "PileupReweightUp": 0.10301366356386778,
        "PileupReweightDown": 0.10663905047710814,
        "MuonIDSFUp": 0.10610604912213382,
        "MuonIDSFDown": 0.10284310611864259,
        "DblMuTrigSFUp": 0.10472925006956718,
        "DblMuTrigSFDown": 0.10419608377158972,
        "JetResUp": 0.10444485936401038,
        "JetResDown": 0.1044934146538483,
        "JetEnUp": 0.10445297242258648,
        "JetEnDown": 0.10445416975670462,
        "ElectronResUp": 0.10446455967449175,
        "ElectronResDown": 0.10446455967449175,
        "ElectronEnUp": 0.10446455967449175,
        "ElectronEnDown": 0.10446455967449175,
        "MuonEnUp": 0.10447157474457744,
        "MuonEnDown": 0.10446457157091894
    },
    "WWW": {
        "Central": 0.031234896252915277,