{
    "MuonEG": {
        "Central": 683.0,
        "Stat": 26.13426869074396
    },
    "nonprompt": {
        "Central": 186.64312812729742,
        "Stat": 10.131146561189722
    },
    "DYJets": {
        "Central": 160.8030799808632,
        "Stat": 20.63604957663702,
        "L1PrefireUp": 159.51587659625466,
        "L1PrefireDown": 161.98765750784844,
        "PileupReweightUp": 154.7131447977767,
        "PileupReweightDown": 166.45497855123674,
        "MuonIDSFUp": 163.47445970731087,
        "MuonIDSFDown": 158.15282696372165,
        "ElectronIDSFUp": 163.52748823607436,
        "ElectronIDSFDown": 158.11732797121485,
        "EMuTrigSFUp": 160.8030799808632,
        "EMuTrigSFDown": 160.8030799808632,
        "JetResUp": 160.47089954676767,
        "JetResDown": 160.98960209894113,
        "JetEnUp": 160.6656880204528,
        "JetEnDown": 160.94217548190912,
        "ElectronResUp": 160.8030799808632,
        "ElectronResDown": 160.8030799808632,
        "ElectronEnUp": 160.86690076044945,
        "ElectronEnDown": 159.27290969462908,
        "MuonEnUp": 159.5479929598649,
        "MuonEnDown": 160.8021543368592
    },
    "DYJets10to50_MG": {
        "Central": null,
        "Stat": null,
        "L1PrefireUp": null,
        "L1PrefireDown": null,
        "PileupReweightUp": null,
        "PileupReweightDown": null,
        "MuonIDSFUp": null,
        "MuonIDSFDown": null,
        "ElectronIDSFUp": null,
        "ElectronIDSFDown": null,
        "EMuTrigSFUp": null,
        "EMuTrigSFDown": null,
        "JetResUp": null,
        "JetResDown": null,
        "JetEnUp": null,
        "JetEnDown": null,
        "ElectronResUp": null,
        "ElectronResDown": null,
        "ElectronEnUp": null,
        "ElectronEnDown": null,
        "MuonEnUp": null,
        "MuonEnDown": null
    },
    "ZGToLLG": {
        "Central": 425.48103837625837,
        "Stat": 4.980084150464981,
        "L1PrefireUp": 422.6255531265658,
        "L1PrefireDown": 428.29739865581985,
        "PileupReweightUp": 414.9110065066006,
        "PileupReweightDown": 436.2390431233323,
        "MuonIDSFUp": 429.38663974745066,
        "MuonIDSFDown": 421.599242556555,
        "ElectronIDSFUp": 443.12659118174616,
        "ElectronIDSFDown": 408.2820172063867,
        "EMuTrigSFUp": 425.48103837625837,
        "EMuTrigSFDown": 425.48103837625837,
        "JetResUp": 425.4773944605896,
        "JetResDown": 425.49955198956866,
        "JetEnUp": 425.48908235723945,
        "JetEnDown": 425.47021977401516,
        "ElectronResUp": 425.5161772430812,
        "ElectronResDown": 425.48103837625837,
        "ElectronEnUp": 425.6938655690775,
        "ElectronEnDown": 425.2934897160566,
        "MuonEnUp": 425.56895285607186,
        "MuonEnDown": 425.483117108853
    },
    "TTG": {
        "Central": null,
        "Stat": null,
        "L1PrefireUp": null,
        "L1PrefireDown": null,
        "PileupReweightUp": null,
        "PileupReweightDown": null,
        "MuonIDSFUp": null,
        "MuonIDSFDown": null,
        "ElectronIDSFUp": null,
        "ElectronIDSFDown": null,
        "EMuTrigSFUp": null,
        "EMuTrigSFDown": null,
        "JetResUp": null,
        "JetResDown": null,
        "JetEnUp": null,
        "JetEnDown": null,
        "ElectronResUp": null,
        "ElectronResDown": null,
        "ElectronEnUp": null,
        "ElectronEnDown": null,
        "MuonEnUp": null,
        "MuonEnDown": null
    },
    "WZTo3LNu_amcatnlo": {
        "Central": 8.004617140613218,
        "Stat": 0.39652419051188065,
        "L1PrefireUp": 7.953049077769163,
        "L1PrefireDown": 8.053463463518833,
        "PileupReweightUp": 7.902576021375843,
        "PileupReweightDown": 8.137144417263077,
        "MuonIDSFUp": 8.113683076694635,
        "MuonIDSFDown": 7.896549981482677,
        "ElectronIDSFUp": 8.136594943330767,
        "ElectronIDSFDown": 7.875202996480334,
        "EMuTrigSFUp": 8.004617140613218,
        "EMuTrigSFDown": 8.004617140613218,
        "JetResUp": 8.005906841824755,
        "JetResDown": 8.00397723822644,
        "JetEnUp": 8.004564048095492,
        "JetEnDown": 8.004923511294677,
        "ElectronResUp": 8.004617140613218,
        "ElectronResDown": 8.004617140613218,
        "ElectronEnUp": 8.053994829640457,
        "ElectronEnDown": 7.999785995591851,
        "MuonEnUp": 8.01432020144432,
        "MuonEnDown": 8.036343706091811
    },
    "ZZTo4L_powheg": {
        "Central": 37.722469109783084,
        "Stat": 0.13174676128080348,
        "L1PrefireUp": 37.51245353124419,
        "L1PrefireDown": 37.925345156613425,
        "PileupReweightUp": 36.97386796740166,
        "PileupReweightDown": 38.46496563297755,
        "MuonIDSFUp": 38.14617735676365,
        "MuonIDSFDown": 37.30171799048557,
        "ElectronIDSFUp": 39.22793614061875,
        "ElectronIDSFDown": 36.25660089501182,
        "EMuTrigSFUp": 37.722469109783084,
        "EMuTrigSFDown": 37.722469109783084,
        "JetResUp": 37.722436654393256,
        "JetResDown": 37.723566959372405,
        "JetEnUp": 37.71985720715703,
        "JetEnDown": 37.7249388781913,
        "ElectronResUp": 37.72022647681091,
        "ElectronResDown": 37.722469109783084,
        "ElectronEnUp": 37.78671957805545,
        "ElectronEnDown": 37.66849906712846,
        "MuonEnUp": 37.78809617873715,
        "MuonEnDown": 37.66582715019313
    },
    "ttWToLNu": {
        "Central": 0.07894610912872493,
        "Stat": 0.015262099173796426,
        "L1PrefireUp": 0.07810718592712118,
        "L1PrefireDown": 0.07975428427198343,
        "PileupReweightUp": 0.0754840983058492,
        "PileupReweightDown": 0.08229570035959974,
        "MuonIDSFUp": 0.0798959382822002,
        "MuonIDSFDown": 0.0780032774762585,
        "ElectronIDSFUp": 0.07995344988255458,
        "ElectronIDSFDown": 0.0779523506935385,
        "EMuTrigSFUp": 0.07894610912872493,
        "EMuTrigSFDown": 0.07894610912872493,
        "JetResUp": 0.07895380163928782,
        "JetResDown": 0.07897709849798662,
        "JetEnUp": 0.07890340305002491,
        "JetEnDown": 0.07897684722719021,
        "ElectronResUp": 0.07894610912872493,
        "ElectronResDown": 0.07894610912872493,
        "ElectronEnUp": 0.07894610912872492,
        "ElectronEnDown": 0.080682498979677,
        "MuonEnUp": 0.08068249897967698,
        "MuonEnDown": 0.07894610912872493
    },
    "ttZToLLNuNu": {
        "Central": 0.17504141011308338,
        "Stat": 0.022801045328918784,
        "L1PrefireUp": 0.1731155913757476,
        "L1PrefireDown": 0.17691296397764222,
        "PileupReweightUp": 0.17357611582111254,
        "PileupReweightDown": 0.17643639386611598,
        "MuonIDSFUp": 0.17746912756923758,
        "MuonIDSFDown": 0.17263676713273166,
        "ElectronIDSFUp": 0.17734113292783035,
        "ElectronIDSFDown": 0.17278608946626312,
        "EMuTrigSFUp": 0.17504141011308338,
        "EMuTrigSFDown": 0.17504141011308338,
        "JetResUp": 0.17532088010339678,
        "JetResDown": 0.1751298375135199,
        "JetEnUp": 0.1752049154880862,
        "JetEnDown": 0.17502371318731422,
        "ElectronResUp": 0.17504141011308338,
        "ElectronResDown": 0.17504141011308338,
        "ElectronEnUp": 0.17503215889781984,
        "ElectronEnDown": 0.17504141011308338,
        "MuonEnUp": 0.1760453026719069,
        "MuonEnDown": 0.17306548280196413
    },
    "ttHToNonbb": {
        "Central": 0.11319141440287106,
        "Stat": 0.013206999135020594,
        "L1PrefireUp": 0.1123234799047962,
        "L1PrefireDown": 0.11401925722169028,
        "PileupReweightUp": 0.10800373541651102,
        "PileupReweightDown": 0.11837651449048268,
        "MuonIDSFUp": 0.11442649642525887,
        "MuonIDSFDown": 0.11196504602447543,
        "ElectronIDSFUp": 0.1148104492341532,
        "ElectronIDSFDown": 0.11160379748414605,
        "EMuTrigSFUp": 0.11319141440287106,
        "EMuTrigSFDown": 0.11319141440287106,
        "JetResUp": 0.11317363043434926,