{
    "DoubleMuon": {
        "Central": 148.0,
        "Stat": 12.165525060596439
    },
    "nonprompt": {
        "Central": 19.269813797041547,
        "Stat": 1.9234587598250403
    },
    "ZGToLLG": {
        "Central": 73.47176488160969,
        "Stat": 2.1506584972464435,
        "L1PrefireUp": 72.93159112004078,
        "L1PrefireDown": 73.9904898496133,
        "PileupReweightUp": 73.4407306970329,
        "PileupReweightDown": 73.70161159241522,
        "MuonIDSFUp": 74.59405408602282,
        "MuonIDSFDown": 72.36253549443458,
        "DblMuTrigSFUp": 73.6397891423521,
        "DblMuTrigSFDown": 73.30140926444255,
        "JetResUp": 73.56307998014597,
        "JetResDown": 73.60421838812614,
        "JetEnUp": 73.31035419326476,
        "JetEnDown": 73.713693879652,
        "ElectronResUp": 73.47176488160969,
        "ElectronResDown": 73.47176488160969,
        "ElectronEnUp": 73.47176488160969,
        "ElectronEnDown": 73.47176488160969,
        "MuonEnUp": 73.63465387681758,
        "MuonEnDown": 73.53047859028482
    },
    "WZTo3LNu_amcatnlo": {
        "Central": 10.620918209312096,
        "Stat": 0.4780319872449887,
        "L1PrefireUp": 10.538050754081837,
        "L1PrefireDown": 10.703897784474464,
        "PileupReweightUp": 10.558841488909849,
        "PileupReweightDown": 10.734209888744465,
        "MuonIDSFUp": 10.775204908023888,
        "MuonIDSFDown": 10.468371582760255,
        "DblMuTrigSFUp": 10.643687717478265,
        "DblMuTrigSFDown": 10.59776780422134,
        "JetResUp": 10.594193001171163,
        "JetResDown": 10.637778061967856,
        "JetEnUp": 10.61157797556275,
        "JetEnDown": 10.629321048985023,
        "ElectronResUp": 10.620918209312096,
        "ElectronResDown": 10.620918209312096,
        "ElectronEnUp": 10.620918209312096,
        "ElectronEnDown": 10.620918209312096,
        "MuonEnUp": 10.52097699536016,
        "MuonEnDown": 10.695861543883995
    },
    "ZZTo4L_powheg": {
        "Central": 45.391617517920615,
        "Stat": 0.14926645399576347,
        "L1PrefireUp": 45.07719332538582,
        "L1PrefireDown": 45.69250140246919,
        "PileupReweightUp": 44.91590956732751,
        "PileupReweightDown": 45.875216038771654,
        "MuonIDSFUp": 46.101746337471326,
        "MuonIDSFDown": 44.6899919461152,
        "DblMuTrigSFUp": 45.49743541051209,
        "DblMuTrigSFDown": 45.28440852320787,
        "JetResUp": 45.370946728082636,
        "JetResDown": 45.395669543432675,
        "JetEnUp": 45.32044695842475,
        "JetEnDown": 45.450975479082814,
        "ElectronResUp": 45.391617517920615,
        "ElectronResDown": 45.391617517920615,
        "ElectronEnUp": 45.391617517920615,
        "ElectronEnDown": 45.391617517920615,
        "MuonEnUp": 45.524833801888384,
        "MuonEnDown": 45.27676172510706
    },
    "ttWToLNu": {
        "Central": 0.030579137617929773,
        "Stat": 0.010108232169201429,
        "L1PrefireUp": 0.030012240992806118,
        "L1PrefireDown": 0.03114906888324869,
        "PileupReweightUp": 0.03018731588630794,
        "PileupReweightDown": 0.030278406371355572,
        "MuonIDSFUp": 0.030967409157186113,
        "MuonIDSFDown": 0.030194937796146022,
        "DblMuTrigSFUp": 0.0306393851367739,
        "DblMuTrigSFDown": 0.030517935122035083,
        "JetResUp": 0.02870186376682296,
        "JetResDown": 0.02716613608932057,
        "JetEnUp": 0.027879569063483774,
        "JetEnDown": 0.0305488628136387,
        "ElectronResUp": 0.030579137617929773,
        "ElectronResDown": 0.030579137617929773,
        "ElectronEnUp": 0.030579137617929773,
        "ElectronEnDown": 0.030579137617929773,
        "MuonEnUp": 0.030579137617929773,
        "MuonEnDown": 0.030579137617929773
    },
    "ttZToLLNuNu": {
        "Central": 0.07841949510472267,
        "Stat": 0.01546907710582696,
        "L1PrefireUp": 0.07725716994873066,
        "L1PrefireDown": 0.07956819803747578,
        "PileupReweightUp": 0.07446241481265464,
        "PileupReweightDown": 0.08278986881517841,
        "MuonIDSFUp": 0.07942600369276112,
        "MuonIDSFDown": 0.07742322625752707,
        "DblMuTrigSFUp": 0.0785667424499075,
        "DblMuTrigSFDown": 0.07826986984096168,
        "JetResUp": 0.08031141122578632,
        "JetResDown": 0.07527952073234043,
        "JetEnUp": 0.07654195168332523,
        "JetEnDown": 0.0793491457610493,
        "ElectronResUp": 0.07841949510472267,
        "ElectronResDown": 0.07841949510472267,
        "ElectronEnUp": 0.07841949510472267,
        "ElectronEnDown": 0.07841949510472267,
        "MuonEnUp": 0.08119306372211506,
        "MuonEnDown": 0.07841862783308041
    },
    "ttHToNonbb": {
        "Central": 0.037060847824477716,
        "Stat": 0.009029368478531185,
        "L1PrefireUp": 0.036688097206314635,
        "L1PrefireDown": 0.037433648174999154,
        "PileupReweightUp": 0.03665229523300995,
        "PileupReweightDown": 0.037296589380653535,
        "MuonIDSFUp": 0.037542830054714545,
        "MuonIDSFDown": 0.036583594960447226,
        "DblMuTrigSFUp": 0.03712783246576561,
        "DblMuTrigSFDown": 0.03699290619716128,
        "JetResUp": 0.037065122309876186,
        "JetResDown": 0.03706413537222112,
        "JetEnUp": 0.03710379560688772,
        "JetEnDown": 0.03702293942828368,
        "ElectronResUp": 0.037060847824477716,
        "ElectronResDown": 0.037060847824477716,
        "ElectronEnUp": 0.037060847824477716,
        "ElectronEnDown": 0.037060847824477716,
        "MuonEnUp": 0.037072446536155206,
        "MuonEnDown": 0.037061832656539916
    },
    "WWW": {
        "Central": 0.07444512511410517,
        "Stat": 0.008784945608618457,
        "L1PrefireUp": 0.07394051991804017,
        "L1PrefireDown": 0.07494694864165267,
        "PileupReweightUp": 0.07569987885822153,
        "PileupReweightDown": 0.07324179077330226,
        "MuonIDSFUp": 0.07544187568858024,
        "MuonIDSFDown": 0.07345909459759391,
        "DblMuTrigSFUp": 0.07458986724903999,
        "DblMuTrigSFDown": 0.07429785332533481,
        "JetResUp": 0.07445725394527221,
        "JetResDown": 0.0744408174539633,
        "JetEnUp": 0.07446550081590897,
        "JetEnDown": 0.07444537066489157,
        "ElectronResUp": 0.07444512511410517,
        "ElectronResDown": 0.07444512511410517,
        "ElectronEnUp": 0.07444512511410517,
        "ElectronEnDown": 0.07444512511410517,
        "MuonEnUp": 0.07524044632716259,
        "MuonEnDown": 0.07444512511410516
    },
    "WWZ": {
        "Central": 0.0189927659697101,
        "Stat": 0.003661124044624308,
        "L1PrefireUp": 0.018761239085871524,
        "L1PrefireDown": 0.01922553495474812,
        "PileupReweightUp": 0.018679285259560148,
        "PileupReweightDown": 0.019166690809901757,
        "MuonIDSFUp": 0.019272602260238615,
        "MuonIDSFDown": 0.01871620424212519,
        "DblMuTrigSFUp": 0.01903066916337503,
        "DblMuTrigSFDown": 0.018954100075998192,
        "JetResUp": 0.0190010441507598,
        "JetResDown": 0.01899378408465722,
        "JetEnUp": 0.018999925439052386,
        "JetEnDown": 0.018985854377453093,
        "ElectronResUp": 0.0189927659697101,
        "ElectronResDown": 0.0189927659697101,
        "ElectronEnUp": 0.0189927659697101,
        "ElectronEnDown": 0.0189927659697101,
        "MuonEnUp": 0.018326946193571496,
        "MuonEnDown": 0.01899311909521159
    },
    "WZZ": {
        "Central": 0.00899647350642469,
        "Stat": 0.001496055866244103,
        "L1PrefireUp": 0.008919452888886981,
        "L1PrefireDown": 0.009072880062635251,
        "PileupReweightUp": 0.008775856225569947,
        "PileupReweightDown": 0.009229612812423578,
        "MuonIDSFUp": 0.009118691419320953,
        "MuonIDSFDown": 0.008875565039594514,
        "DblMuTrigSFUp": 0.009013548984153701,
        "DblMuTrigSFDown": 0.00897909123742134,
        "JetResUp": 0.008998155332186229,
        "JetResDown": 0.00899641690008366,
        "JetEnUp": 0.008995309150264405,