{
    "MuonEG": {
        "Central": 162.0,
        "Stat": 12.727922061357855
    },
    "nonprompt": {
        "Central": 52.695325210550756,
        "Stat": 5.339789530785742
    },
    "DYJets": {
        "Central": 148.1264308127337,
        "Stat": 20.435673494424012,
        "L1PrefireUp": 146.92086380525964,
        "L1PrefireDown": 149.22701683775875,
        "PileupReweightUp": 139.8459309388648,
        "PileupReweightDown": 156.23462027396133,
        "MuonIDSFUp": 150.62532811087144,
        "MuonIDSFDown": 145.64765144855792,
        "ElectronIDSFUp": 150.85149145735969,
        "ElectronIDSFDown": 145.44533870341272,
        "EMuTrigSFUp": 148.1264308127337,
        "EMuTrigSFDown": 148.1264308127337,
        "JetResUp": 149.441831936689,
        "JetResDown": 149.44420660927233,
        "JetEnUp": 146.907595701084,
        "JetEnDown": 149.42813485277372,
        "ElectronResUp": 148.1264308127337,
        "ElectronResDown": 148.1264308127337,
        "ElectronEnUp": 148.18565132735915,
        "ElectronEnDown": 146.59626052649958,
        "MuonEnUp": 146.87134379173537,
        "MuonEnDown": 148.12550516872966
    },
    "WZTo3LNu_amcatnlo": {
        "Central": 5.002424546537814,
        "Stat": 0.3186616345534729,
        "L1PrefireUp": 4.970501782024336,
        "L1PrefireDown": 5.030391339630286,
        "PileupReweightUp": 4.785204718021386,
        "PileupReweightDown": 5.2393886221568495,
        "MuonIDSFUp": 5.097480748232286,
        "MuonIDSFDown": 4.90835012924629,
        "ElectronIDSFUp": 5.06209088635503,
        "ElectronIDSFDown": 4.943760279816156,
        "EMuTrigSFUp": 5.002424546537814,
        "EMuTrigSFDown": 5.002424546537814,
        "JetResUp": 5.03066367600689,
        "JetResDown": 5.000486319612106,
        "JetEnUp": 4.990960123912098,
        "JetEnDown": 5.004181159656027,
        "ElectronResUp": 5.002424546537814,
        "ElectronResDown": 5.002424546537814,
        "ElectronEnUp": 5.020264937087952,
        "ElectronEnDown": 5.017176114587762,
        "MuonEnUp": 5.020208472928625,
        "MuonEnDown": 5.00479180054804
    },
    "ZZTo4L_powheg": {
        "Central": 9.117325329533202,
        "Stat": 0.06504929356719306,
        "L1PrefireUp": 9.0671599676871,
        "L1PrefireDown": 9.161363921810487,
        "PileupReweightUp": 8.953137899065485,
        "PileupReweightDown": 9.282787277854704,
        "MuonIDSFUp": 9.27527270633121,
        "MuonIDSFDown": 8.960680825223177,
        "ElectronIDSFUp": 9.339367041908051,
        "ElectronIDSFDown": 8.900112476179375,
        "EMuTrigSFUp": 9.117325329533202,
        "EMuTrigSFDown": 9.117325329533202,
        "JetResUp": 9.1168390785935,
        "JetResDown": 9.118772422573825,
        "JetEnUp": 9.102069568704534,
        "JetEnDown": 9.13573684790463,
        "ElectronResUp": 9.11625832850352,
        "ElectronResDown": 9.117325329533202,
        "ElectronEnUp": 9.129864103526396,
        "ElectronEnDown": 9.104182474824702,
        "MuonEnUp": 9.123629573697214,
        "MuonEnDown": 9.113282391383414
    },
    "ttWToLNu": {
        "Central": 0.008528146047875823,
        "Stat": 0.005282988538895134,
        "L1PrefireUp": 0.008445409575735705,
        "L1PrefireDown": 0.00860370874901547,
        "PileupReweightUp": 0.00771374605784471,
        "PileupReweightDown": 0.009686835361910319,
        "MuonIDSFUp": 0.008678895998576115,
        "MuonIDSFDown": 0.00837872026625388,
        "ElectronIDSFUp": 0.008628234899603026,
        "ElectronIDSFDown": 0.008430282285326617,
        "EMuTrigSFUp": 0.008528146047875823,
        "EMuTrigSFDown": 0.008528146047875823,
        "JetResUp": 0.008522761406554743,
        "JetResDown": 0.008519231260867158,
        "JetEnUp": 0.007238361720979932,
        "JetEnDown": 0.011664467171618495,
        "ElectronResUp": 0.008528146047875823,
        "ElectronResDown": 0.008528146047875823,
        "ElectronEnUp": 0.008528146047875823,
        "ElectronEnDown": 0.008528146047875823,
        "MuonEnUp": 0.008528146047875823,
        "MuonEnDown": 0.008528146047875823
    },
    "ttZToLLNuNu": {
        "Central": 0.04203853871764757,
        "Stat": 0.010273203539630472,
        "L1PrefireUp": 0.04161529488423718,
        "L1PrefireDown": 0.04242753751907699,
        "PileupReweightUp": 0.04463341177430029,
        "PileupReweightDown": 0.03944908832841664,
        "MuonIDSFUp": 0.04277740833153866,
        "MuonIDSFDown": 0.04130680152187249,
        "ElectronIDSFUp": 0.04248449639826162,
        "ElectronIDSFDown": 0.041598357828145395,
        "EMuTrigSFUp": 0.04203853871764757,
        "EMuTrigSFDown": 0.04203853871764757,
        "JetResUp": 0.04336443531838993,
        "JetResDown": 0.042033947969228234,
        "JetEnUp": 0.04209053090814181,
        "JetEnDown": 0.042970597222347216,
        "ElectronResUp": 0.04203853871764757,
        "ElectronResDown": 0.04203853871764757,
        "ElectronEnUp": 0.04203853871764757,
        "ElectronEnDown": 0.04299447747442567,
        "MuonEnUp": 0.04203853871764757,
        "MuonEnDown": 0.042984754186160955
    },
    "ttHToNonbb": {
        "Central": 0.031149476008669533,
        "Stat": 0.007893478360699244,
        "L1PrefireUp": 0.030863422980494847,
        "L1PrefireDown": 0.031418240981003626,
        "PileupReweightUp": 0.03124982352855373,
        "PileupReweightDown": 0.030684881128657186,
        "MuonIDSFUp": 0.03169240166147239,
        "MuonIDSFDown": 0.03061125886868,
        "ElectronIDSFUp": 0.03142053786846348,
        "ElectronIDSFDown": 0.030879779352231636,
        "EMuTrigSFUp": 0.031149476008669533,
        "EMuTrigSFDown": 0.031149476008669533,
        "JetResUp": 0.03451401909049299,
        "JetResDown": 0.03113307919515449,
        "JetEnUp": 0.031159725083268933,
        "JetEnDown": 0.03440669382547817,
        "ElectronResUp": 0.031149476008669533,
        "ElectronResDown": 0.031149476008669533,
        "ElectronEnUp": 0.031149476008669533,
        "ElectronEnDown": 0.03114135899481111,
        "MuonEnUp": 0.031149476008669533,
        "MuonEnDown": 0.031149476008669533
    },
    "WWW": {
        "Central": 0.034429731087337274,
        "Stat": 0.005406821726822537,
        "L1PrefireUp": 0.03415314736158403,
        "L1PrefireDown": 0.034685357220650616,
        "PileupReweightUp": 0.03221595300764516,
        "PileupReweightDown": 0.03646500374075001,
        "MuonIDSFUp": 0.035031287855733874,
        "MuonIDSFDown": 0.03383337882463038,
        "ElectronIDSFUp": 0.03492900483671662,
        "ElectronIDSFDown": 0.03393961726906549,
        "EMuTrigSFUp": 0.034429731087337274,
        "EMuTrigSFDown": 0.034429731087337274,
        "JetResUp": 0.03443025467738423,
        "JetResDown": 0.034429950463245526,
        "JetEnUp": 0.03443441987559137,
        "JetEnDown": 0.03442418673012282,
        "ElectronResUp": 0.034429731087337274,
        "ElectronResDown": 0.034429731087337274,
        "ElectronEnUp": 0.034429731087337274,
        "ElectronEnDown": 0.034429731087337274,
        "MuonEnUp": 0.034429731087337274,
        "MuonEnDown": 0.034429731087337274
    },
    "WWZ": {
        "Central": 0.007780713024259458,
        "Stat": 0.002137122760256187,
        "L1PrefireUp": 0.007749774154443278,
        "L1PrefireDown": 0.00780696039060688,
        "PileupReweightUp": 0.007218137706823822,
        "PileupReweightDown": 0.008362061314354918,
        "MuonIDSFUp": 0.00791124635548677,
        "MuonIDSFDown": 0.007651239500604346,
        "ElectronIDSFUp": 0.007983552619928141,
        "ElectronIDSFDown": 0.00758224306003724,
        "EMuTrigSFUp": 0.007780713024259458,
        "EMuTrigSFDown": 0.007780713024259458,
        "JetResUp": 0.007783063250852575,
        "JetResDown": 0.007780343691623621,
        "JetEnUp": 0.007784551551647098,
        "JetEnDown": 0.007781590840834354,
        "ElectronResUp": 0.007780713024259458,
        "ElectronResDown": 0.007780713024259458,
        "ElectronEnUp": 0.007780713024259458,