{
    "DoubleMuon": {
        "Central": 171.0,
        "Stat": 13.076696830622021
    },
    "nonprompt": {
        "Central": 107.46387863457595,
        "Stat": 8.384262887947196
    },
    "DYJets": {
        "Central": 58.856175693771426,
        "Stat": 14.781544174442166,
        "L1PrefireUp": 58.51073451247495,
        "L1PrefireDown": 59.17203297130111,
        "PileupReweightUp": 58.18183377358358,
        "PileupReweightDown": 59.141192249182595,
        "MuonIDSFUp": 60.13557748633093,
        "MuonIDSFDown": 57.59533483305251,
        "DblMuTrigSFUp": 59.02232528609792,
        "DblMuTrigSFDown": 58.68787712431185,
        "JetResUp": 58.86745495144585,
        "JetResDown": 58.85031690958395,
        "JetEnUp": 58.86996454093671,
        "JetEnDown": 58.83779095953693,
        "ElectronResUp": 58.856175693771426,
        "ElectronResDown": 58.856175693771426,
        "ElectronEnUp": 58.856175693771426,
        "ElectronEnDown": 58.856175693771426,
        "MuonEnUp": 58.85617569377141,
        "MuonEnDown": 58.856175693771426
    },
    "WZTo3LNu_amcatnlo": {
        "Central": 8.208479461199106,
        "Stat": 0.418899145903324,
        "L1PrefireUp": 8.149180506311847,
        "L1PrefireDown": 8.262597857927803,
        "PileupReweightUp": 8.154396791019739,
        "PileupReweightDown": 8.258989760915577,
        "MuonIDSFUp": 8.399745089556873,
        "MuonIDSFDown": 8.020243683545722,
        "DblMuTrigSFUp": 8.238549734881595,
        "DblMuTrigSFDown": 8.177995661935482,
        "JetResUp": 8.234264040408696,
        "JetResDown": 8.233050486285732,
        "JetEnUp": 8.21689909980453,
        "JetEnDown": 8.246508283695087,
        "ElectronResUp": 8.208479461199106,
        "ElectronResDown": 8.208479461199106,
        "ElectronEnUp": 8.208479461199106,
        "ElectronEnDown": 8.208479461199106,
        "MuonEnUp": 8.22555411960257,
        "MuonEnDown": 8.191945241933636
    },
    "ZZTo4L_powheg": {
        "Central": 49.59345455802151,
        "Stat": 0.15667207909727163,
        "L1PrefireUp": 49.27249797306419,
        "L1PrefireDown": 49.865918666288586,
        "PileupReweightUp": 49.03278100250655,
        "PileupReweightDown": 50.13564171641066,
        "MuonIDSFUp": 50.72838582852639,
        "MuonIDSFDown": 48.47537084261737,
        "DblMuTrigSFUp": 49.770753495961934,
        "DblMuTrigSFDown": 49.4136309183221,
        "JetResUp": 49.579308202151026,
        "JetResDown": 49.59931527329267,
        "JetEnUp": 49.53085349330093,
        "JetEnDown": 49.65619964387814,
        "ElectronResUp": 49.59345455802151,
        "ElectronResDown": 49.59345455802151,
        "ElectronEnUp": 49.59345455802151,
        "ElectronEnDown": 49.59345455802151,
        "MuonEnUp": 49.64920280118745,
        "MuonEnDown": 49.49657999006951
    },
    "ttWToLNu": {
        "Central": 0.016004828172386486,
        "Stat": 0.005571408457918638,
        "L1PrefireUp": 0.015745011064285164,
        "L1PrefireDown": 0.01625619819104091,
        "PileupReweightUp": 0.014831325805581242,
        "PileupReweightDown": 0.017033867262006997,
        "MuonIDSFUp": 0.016330979733152392,
        "MuonIDSFDown": 0.01568268356649238,
        "DblMuTrigSFUp": 0.01605460119093344,
        "DblMuTrigSFDown": 0.01595462831704188,
        "JetResUp": 0.017670753566760573,
        "JetResDown": 0.01601967538220318,
        "JetEnUp": 0.01601152510050705,
        "JetEnDown": 0.017670071194250313,
        "ElectronResUp": 0.016004828172386486,
        "ElectronResDown": 0.016004828172386486,
        "ElectronEnUp": 0.016004828172386486,
        "ElectronEnDown": 0.016004828172386486,
        "MuonEnUp": 0.017160671354665712,
        "MuonEnDown": 0.016004828172386486
    },
    "ttZToLLNuNu": {
        "Central": 0.027731595079188195,
        "Stat": 0.01044864955692702,
        "L1PrefireUp": 0.027016300191725417,
        "L1PrefireDown": 0.028443120112601316,
        "PileupReweightUp": 0.026376484940137924,
        "PileupReweightDown": 0.028607989896994167,
        "MuonIDSFUp": 0.028313297282523103,
        "MuonIDSFDown": 0.02715787948329306,
        "DblMuTrigSFUp": 0.027842713619435192,
        "DblMuTrigSFDown": 0.027618111902585,
        "JetResUp": 0.02773322963683171,
        "JetResDown": 0.027739902924499,
        "JetEnUp": 0.02780599070232406,
        "JetEnDown": 0.027715001792872302,
        "ElectronResUp": 0.027731595079188195,
        "ElectronResDown": 0.027731595079188195,
        "ElectronEnUp": 0.027731595079188195,
        "ElectronEnDown": 0.027731595079188195,
        "MuonEnUp": 0.02658427360806604,
        "MuonEnDown": 0.028617113011486454
    },
    "ttHToNonbb": {
        "Central": 0.015255127738834874,
        "Stat": 0.005369507202413387,
        "L1PrefireUp": 0.015071256980101084,
        "L1PrefireDown": 0.015426403552297935,
        "PileupReweightUp": 0.015014533598569451,
        "PileupReweightDown": 0.015351178853520313,
        "MuonIDSFUp": 0.015590082873143916,
        "MuonIDSFDown": 0.014924619715519567,
        "DblMuTrigSFUp": 0.015312553082265689,
        "DblMuTrigSFDown": 0.015197240212989906,
        "JetResUp": 0.015245329676041882,
        "JetResDown": 0.01525886441918245,
        "JetEnUp": 0.015292157429534872,
        "JetEnDown": 0.015255093653983436,
        "ElectronResUp": 0.015255127738834874,
        "ElectronResDown": 0.015255127738834874,
        "ElectronEnUp": 0.015255127738834874,
        "ElectronEnDown": 0.015255127738834874,
        "MuonEnUp": 0.015255127738834874,
        "MuonEnDown": 0.015255127738834874
    },
    "WWW": {
        "Central": 0.03591818915468866,
        "Stat": 0.00611535107272794,
        "L1PrefireUp": 0.03545392584626353,
        "L1PrefireDown": 0.036365333129044,
        "PileupReweightUp": 0.036714386801617996,
        "PileupReweightDown": 0.0345849288074801,
        "MuonIDSFUp": 0.03668267389362022,
        "MuonIDSFDown": 0.035164357084097465,
        "DblMuTrigSFUp": 0.036040112623778944,
        "DblMuTrigSFDown": 0.035794680822872835,
        "JetResUp": 0.03592388196073423,
        "JetResDown": 0.03592269538151007,
        "JetEnUp": 0.03592587868467551,
        "JetEnDown": 0.035913656986084085,
        "ElectronResUp": 0.03591818915468866,
        "ElectronResDown": 0.03591818915468866,
        "ElectronEnUp": 0.03591818915468866,
        "ElectronEnDown": 0.03591818915468866,
        "MuonEnUp": 0.035119745346358915,
        "MuonEnDown": 0.03591818915468866
    },
    "WWZ": {
        "Central": 0.011527125568911957,
        "Stat": 0.0028050180348614226,
        "L1PrefireUp": 0.011327414414415718,
        "L1PrefireDown": 0.011722019617855883,
        "PileupReweightUp": 0.011735292948067836,
        "PileupReweightDown": 0.011323390538506915,
        "MuonIDSFUp": 0.011809571879135007,
        "MuonIDSFDown": 0.011249121940040237,
        "DblMuTrigSFUp": 0.011570176868698158,
        "DblMuTrigSFDown": 0.011483107595517916,
        "JetResUp": 0.011517381870819254,
        "JetResDown": 0.011519619075233193,
        "JetEnUp": 0.011533176781073804,
        "JetEnDown": 0.011523877545139527,
        "ElectronResUp": 0.011527125568911957,
        "ElectronResDown": 0.011527125568911957,
        "ElectronEnUp": 0.011527125568911957,
        "ElectronEnDown": 0.011527125568911957,
        "MuonEnUp": 0.011527125568911957,
        "MuonEnDown": 0.012177063913728279
    },
    "WZZ": {
        "Central": 0.00484856271853486,
        "Stat": 0.001109574109634742,
        "L1PrefireUp": 0.004763553621597346,
        "L1PrefireDown": 0.004930496753814251,
        "PileupReweightUp": 0.005091123858806781,
        "PileupReweightDown": 0.004736010507111281,
        "MuonIDSFUp": 0.004962121110494873,
        "MuonIDSFDown": 0.0047366823383053,
        "DblMuTrigSFUp": 0.004867537253466784,
        "DblMuTrigSFDown": 0.004829336522389335,
        "JetResUp": 0.00484801729012304,
        "JetResDown": 0.004849112937475701,