,loss/train,loss/valid,acc/train,acc/valid
0,0.0006256925045742139,0.0006253929552366905,0.6385759236703208,0.6348203410475031
1,0.0006351662762659718,0.0006334603731219864,0.6355900663147923,0.6329171741778319
2,0.0007872493993826206,0.0007838590771649554,0.5,0.5
3,0.0006408391941108374,0.0006386704033545445,0.6184446474489106,0.6188083637840033
4,0.0006945559638757185,0.0006948888356299406,0.5563337393422655,0.5517534510759237
5,0.000664388141555124,0.000664369152103359,0.5781905535255109,0.5714068209500609
6,0.0006923075820325531,0.0006923346651299814,0.5504550683448369,0.5458155704425497
7,0.000713843535664666,0.0007140101283377281,0.5404232643118149,0.5366169305724726
