,loss/train,loss/valid,acc/train,acc/valid
0,0.000635211777801088,0.0006320925300800331,0.6317924194119731,0.6375797024442083
1,0.0006022439214552373,0.0006002066888540635,0.6732288345731491,0.67701912858661
2,0.0005893917301002648,0.0005876334382104316,0.6904445625221396,0.6930260361317747
3,0.0005878384595554094,0.0005862626113496349,0.6909404888416578,0.6930526036131774
4,0.000580297133895551,0.0005785359507159396,0.701912858660999,0.704144527098831
5,0.0005707030769489017,0.000570219725085369,0.713407722281261,0.7147848034006377
6,0.0005791159030650467,0.0005786549786895545,0.7038257173219978,0.7040913921360255
7,0.0005641883088053434,0.00056519582155027,0.7194208289054198,0.719673219978746
8,0.0005573150392039803,0.0005581479396880877,0.728028692879915,0.7271652497343252
9,0.0005686706488241425,0.0005686260031399641,0.7161618845200142,0.715701381509033
10,0.0005802231606886482,0.0005796350673331971,0.7007793127878144,0.7009697130712008
11,0.0005824180304729639,0.000580918972601166,0.6995660644704216,0.7016339001062699
12,0.0005848037195763096,0.0005834333970746883,0.6971749911441729,0.6990568544102019
13,0.0005827927986358524,0.0005818925045755287,0.6994155154091393,0.7008501594048884
14,0.0005984517179226309,0.0005971619065585729,0.6762309599716614,0.6767667375132838
15,0.0005712997652603471,0.0005707538042387724,0.7122830322352107,0.7131110520722636
