,loss/train,loss/valid,acc/train,acc/valid
0,0.0005795988574146348,0.0005798810875343431,0.7014591543295345,0.70318990307807
1,0.0005705624514081148,0.0005725700253876066,0.7103081620335854,0.7110581531579508
2,0.0005716406052014477,0.0005731378891354031,0.712598075762417,0.711470870167217
3,0.0005769231062573306,0.0005779105442656358,0.7051957964994497,0.7033230375971882
4,0.0005714342669438143,0.0005719321623677859,0.7106720630525083,0.7094738523804452
5,0.0005729587366224864,0.0005744724659534267,0.7137785351652643,0.7108717648311854
6,0.000554030756030799,0.0005572948163215161,0.7321067206305251,0.7296969858344872
7,0.0005710389658585987,0.0005720030988147686,0.714080306741932,0.7126291404835445
8,0.0005893771578871404,0.0005908875749672115,0.6927432811446018,0.6918202151453829
9,0.0005793169034480896,0.0005825371413531046,0.7038023218660134,0.7008866758973267
10,0.0005714793624379203,0.0005733608217116983,0.7113111087442752,0.7094072851208861
11,0.0005693911789798184,0.0005708215179909582,0.7158376823942912,0.71465278517414
12,0.0005597035186411868,0.0005623091507013873,0.7254943728476586,0.7240920225796145
13,0.0005672199628255524,0.0005695235854279996,0.7189885326800867,0.7174619235275322
