,loss/train,loss/valid,acc/train,acc/valid
0,0.0005973251268336934,0.0005978414060170816,0.6772375474846452,0.6788662264351901
1,0.0005859208576984035,0.0005856820013477648,0.6932935704902901,0.6947891149217169
2,0.0006685653888502496,0.0006681222558681774,0.5724784322079028,0.5747017786771754
3,0.0006609410931009639,0.0006625867665086974,0.6138655163844214,0.6144823729896688
4,0.0006737201293910507,0.0006754087499059266,0.5924397344410125,0.591277026307381
5,0.0007763750350957363,0.0007754711130516308,0.5011272055952001,0.5009319416338268
6,0.0006504787220954726,0.0006519190039430542,0.6321226967728193,0.6312040685909043
7,0.0006692894259407214,0.0006671893271613723,0.6012887421450633,0.605349344978166
8,0.0006301875950010557,0.0006305299281109026,0.6504331309688642,0.650455320055384
