,loss/train,loss/valid,acc/train,acc/valid
0,0.00073784701241469,0.0007365845665759726,0.5595421742291257,0.5590988882387361
1,0.0006724193660236832,0.0006622322768890843,0.6251750979662039,0.63383025692856
2,0.0007740781801077551,0.0007703967923128552,0.5225942869301559,0.5246422682057557
3,0.00066640673255359,0.0006569550947386112,0.6318155221022395,0.6403133145380073
4,0.0007961997850010119,0.0007944639665762524,0.5003812259517351,0.500379009521783
5,0.0006718061738739914,0.00066124386873402,0.6265492845364116,0.6358316931751689
6,0.0006786984326892418,0.0006689454929563199,0.6190355869993085,0.6273272514495452
7,0.0007501821184542183,0.000746045672812356,0.5457338156284909,0.5484400765998192
8,0.000765115381732977,0.0007622876293773733,0.5319875170665106,0.5330669184531092
9,0.0007237761104090204,0.000716576006423413,0.5735145486462045,0.5792927815309324
10,0.0006650957358057415,0.0006569394583879389,0.6331719772328316,0.6400606415234853
11,0.0006846685615066036,0.0006761086755017283,0.6076076741670656,0.6150992074046492
12,0.0006605634183066237,0.0006540116734964821,0.5855896590244162,0.5916072663439544
13,0.0007962276336878185,0.0007944133922777136,0.5,0.5
14,0.0006748030307747522,0.000666456295157425,0.6024256609394116,0.6096268418532901
15,0.0007660808233085447,0.000763100497272016,0.5107674167065624,0.5106189158997819
16,0.0006968325762059043,0.0006901835292994681,0.559276202634892,0.5645646045002394
17,0.0006241343962625593,0.0006178251261901105,0.6546137205879745,0.659516463641683
18,0.0007298384075467315,0.0007240347490106988,0.5315796939553522,0.534263790627161
19,0.0006245472282078772,0.0006192571884983746,0.6315052219089667,0.6381988403638491
20,0.0006462434489018871,0.0006385958293339211,0.6282116070003724,0.6353928400446832
21,0.0007390119628808849,0.0007364263331911033,0.5046589357589942,0.5047941379860631
22,0.0006409078746078128,0.0006342201650577046,0.614088515346561,0.6229254215649769
23,0.0007715109721657647,0.0007681036959037393,0.5053460290440981,0.506370019681898
24,0.0007607744980621886,0.0007584441963095152,0.5038521552564853,0.5037967445076866
25,0.0006335487764186106,0.0006264467316489567,0.6337615476000497,0.6413439544656631
26,0.0006548966177030221,0.0006494344923970445,0.6133482277426104,0.6178719612745359
