,loss/train,loss/valid,acc/train,acc/valid
0,0.000721112388247849,0.000721993108896596,0.5082801983705278,0.507558448459086
1,0.0006679580650175881,0.0006684576397747847,0.5633280198370528,0.5639080765143465
2,0.0007214733405059169,0.0007203461164875821,0.4649929153382926,0.4682252922422954
3,0.00063930239516541,0.000640586290932107,0.6485742118313851,0.6465595111583422
4,0.0006822766488720836,0.0006814861771087464,0.5469181721572794,0.5471041445270989
5,0.0007185671991842502,0.00071980121063502,0.5204215373715905,0.5196865037194474
6,0.0007887191450262255,0.0007885112289604547,0.5006199078993978,0.501115834218916
7,0.0007358541724701279,0.0007361152180639768,0.5019128586609989,0.5018331562167907
8,0.0007303429687652358,0.0007300022051260905,0.5167020899752037,0.5170430393198725
9,0.000622238479541457,0.0006225108292733699,0.6564116188452002,0.6524840595111583
10,0.0006896290802761379,0.0006898635355052988,0.5667906482465462,0.5669766206163656
11,0.0007291413318422556,0.000728867291675744,0.5250619907899398,0.5265010626992561
12,0.000630346189734364,0.0006314254228290919,0.6527364505844846,0.6517667375132837
13,0.0006671343760164418,0.0006689315117444293,0.5951735742118314,0.5932252922422955
14,0.0007103239982169527,0.0007087486963343037,0.5419323414806942,0.5427869287991498
15,0.0007826048919084517,0.0007830831832890809,0.500035423308537,0.5000132837407014
16,0.0005948033847582497,0.0005954520751135255,0.6828285511866808,0.6815090329436769
17,0.0007770694525707203,0.0007773637819112804,0.5006464753808005,0.5003320935175345
18,0.0005981326124324387,0.000598410081502355,0.6861406305348919,0.6851753453772582
19,0.0007956658325379426,0.0007957489311885125,0.5,0.5
20,0.000709380585274036,0.0007097320977546964,0.5371501948281969,0.5370217853347503
21,0.0007992390929871403,0.0007994036587087812,0.5,0.5
22,0.0007867780014254968,0.0007865938050207246,0.4911973078285512,0.49213602550478214
23,0.0007994980638727329,0.000799342846610721,0.5,0.5
24,0.0006345412873056313,0.000635059040898851,0.6583067658519306,0.6586609989373008
25,0.0007359650771203212,0.0007340918794891913,0.5223432518597237,0.5247476089266737
