,loss/train,loss/valid,acc/train,acc/valid
0,0.0005820545297626734,0.0005818790373145964,0.6944651080410911,0.6931323060573857
1,0.0005750191964412301,0.0005757412466435326,0.707483173928445,0.7060175345377259
2,0.0005645375803054921,0.0005645994338485057,0.7164629826425788,0.7157678002125398
3,0.0005650066353942839,0.0005648535247753581,0.7171183138505136,0.71855738575983
4,0.0005544271102367121,0.000555605609979437,0.7299061282323769,0.7298618490967056
5,0.0005478109914995532,0.0005480876297360398,0.737814381863266,0.736424017003188
6,0.000550970827333901,0.0005523408384049483,0.731650726177825,0.7303134962805526
7,0.0005538533221015768,0.0005547116384876142,0.7318366985476443,0.7296227417640808
8,0.0005528940547032007,0.0005531952988582007,0.7316064470421537,0.7307385759829969
9,0.0005453687645508135,0.0005464069386914483,0.7408696422245837,0.7390010626992561
10,0.0005507725606013645,0.0005523803708213802,0.7351044987601842,0.7325982996811902
11,0.0005413228691447681,0.0005429052996204712,0.7460857244066595,0.742268862911796
12,0.0005388238594289625,0.000541374197390077,0.7492915338292596,0.7450318809776834
13,0.0005500647623066864,0.0005517164298692494,0.7357332624867162,0.7336477151965993
14,0.0005560539348768166,0.0005579688620934704,0.7288080056677294,0.7260494155154091
15,0.0005368705858713002,0.0005393212829398805,0.7498051718030464,0.7462672688629118
16,0.0005587697525291294,0.0005599835054210598,0.7275061990789939,0.7253453772582359
17,0.000536075948064225,0.000538207421932413,0.7516471838469713,0.748047290116897
18,0.0005579238199951207,0.0005592406318620972,0.7266737513283741,0.7266870350690755
19,0.0005576557046633175,0.0005591670437206244,0.7277098831030818,0.7257040382571732
20,0.0005407575988997562,0.0005426254317433623,0.7432341480694297,0.7395456960680128
21,0.0005405338312816924,0.0005429718013967642,0.7459440311725115,0.7426939426142402
22,0.0005555904190294547,0.0005575024565398756,0.7296227417640808,0.7258103081827842
23,0.000547293691064211,0.0005495234611310564,0.7365479985830676,0.7342321997874601
24,0.0005816160508220685,0.0005824729681458407,0.6996811902231669,0.6994022316684378
