,loss/train,loss/valid,acc/train,acc/valid
0,0.0005754989145961671,0.0005751159671579234,0.705570315267446,0.7060308182784272
1,0.000579657725754926,0.0005809351374315025,0.7002479631597591,0.6961609989373008
2,0.0005850566993822158,0.0005849800315090751,0.695997166135317,0.6968251859723699
3,0.000562944492042128,0.0005641889258601587,0.7205189514700673,0.718663655685441
4,0.0005747879207070905,0.0005746492765661761,0.7048529932695714,0.7050079702444209
5,0.0005582151780768654,0.0005591392113285795,0.7257084661707404,0.7238974495217854
6,0.0005728670153430368,0.0005736461615904485,0.7068544102019129,0.7078374070138151
7,0.0005714641393730078,0.0005724872392181636,0.7104144527098831,0.7096307120085016
8,0.0005862975918651261,0.0005864809949137072,0.6919411973078285,0.6927470775770457
9,0.0005811988647593026,0.0005816953223075927,0.6980871413390011,0.6964001062699257
10,0.0005704947937645474,0.0005712036482839352,0.7084218916046758,0.706615302869288
11,0.0005865306802307761,0.0005865704565131829,0.6920031880977683,0.6937433581296493
12,0.000589594683599016,0.000590632038782811,0.690391427559334,0.6886822529224229
