,loss/train,loss/valid,acc/train,acc/valid
0,0.0004898736852209316,0.0004935765868809434,0.8012389951426837,0.798369193989071
1,0.0005615151464106751,0.0005618000423403386,0.7268708257437766,0.7294228142076503
2,0.0007459250537188906,0.0007484747471800158,0.5276259866423801,0.5272939435336976
3,0.000522007050618086,0.0005269782220731017,0.7671429113539769,0.7636754326047359
4,0.0005353391283594918,0.0005353465998623324,0.7544588646023073,0.7566598360655737
5,0.0005132090342731533,0.0005133712179924893,0.77549142380085,0.778930441712204
6,0.00047724104741431037,0.0004795942827041358,0.8168829690346083,0.8173668032786885
7,0.00048217688713722616,0.0004850865820107239,0.8113710534304797,0.810820810564663
8,0.0005476927824666736,0.0005471876810537227,0.7436152853673346,0.7473816029143898
9,0.00047938742448135296,0.00048165842771991573,0.8158204310868246,0.8159295309653917
10,0.00047923489029869283,0.0004812299748051416,0.8141507285974499,0.8140795765027322
11,0.0005160881484602536,0.0005171106278367056,0.7747040072859745,0.7751309198542805
12,0.0005038255866917792,0.0005039865543763875,0.7872742106860959,0.7902151639344263
13,0.0007081288831906747,0.0007099235601696051,0.5649096842744383,0.5660006830601093
14,0.00048243989020079354,0.00048593490491392183,0.8106785063752276,0.8092127732240437
15,0.0006767304639066793,0.0006775801750290155,0.5960648148148148,0.5984033469945356
16,0.0004772225566746686,0.0004804517458004704,0.8159532483302975,0.8138091985428051
17,0.0004967235104516194,0.0004972007413155557,0.7949586369156041,0.7982553506375227
18,0.00048246085711624233,0.000485653248539225,0.8104982544019429,0.8094119990892532
19,0.0004811498322922784,0.00048404372422760847,0.8110674711596843,0.810151980874317
20,0.0005515279807037271,0.0005514916772182305,0.7369364754098361,0.740935223132969
21,0.0005132163010772859,0.0005137086481208792,0.7785651942926534,0.7806380919854281
22,0.0006057634914625248,0.000606340303582789,0.6802140255009107,0.6831170309653917
23,0.0007106998356304606,0.0007123958967449669,0.57023186095932,0.5720343806921676
