,loss/train,loss/valid,acc/train,acc/valid
0,0.0004995171931805796,0.0005008980715800015,0.7931181693989071,0.794526980874317
1,0.0004965497670513106,0.0004990686385134041,0.7945601851851852,0.7943277550091075
2,0.00047502106052224537,0.00047694836770318354,0.819434957498482,0.8200421220400729
3,0.0004652789089903371,0.00046842680219391224,0.8295859896782027,0.8282103825136612
4,0.0004689257852642661,0.0004710861102581187,0.8253453248330298,0.8258481329690346
5,0.00046676711637909005,0.00046837928820272503,0.8272901487553127,0.8286088342440802
6,0.0004739623472126202,0.00047531876864016927,0.8181826806314512,0.8205686475409836
7,0.0004572238027823283,0.0004598985702640806,0.8373178506375227,0.8368909380692168
8,0.0004590076403426596,0.0004611666104798706,0.8354868700667881,0.8356244307832422
9,0.0004614429558561148,0.00046356069941908283,0.8332574377656344,0.8331767987249544
10,0.0004752822931116287,0.0004764712794780568,0.8191503491196114,0.8201132741347905
11,0.0004685480007930061,0.0004704842502539655,0.8264078627808136,0.8269011839708561
12,0.0005139303546337808,0.0005144218753901173,0.7776259866423801,0.7801400273224044
13,0.0004555963818945158,0.0004585755094953682,0.8389590922890103,0.8386982012750456
14,0.0004836163261897396,0.0004852403329349444,0.8087526563448695,0.8098531420765027
15,0.00046419101028177833,0.000466373266876151,0.8304208409228901,0.8305014799635702
16,0.00045396491000796347,0.00045691064104288543,0.840761612021858,0.8393954918032787
17,0.0004631276239607648,0.0004651894172032674,0.8317300394656952,0.8322660519125683
18,0.0004786985627198552,0.0004802627055541034,0.8156496660595022,0.8168545081967213
19,0.00046282288045568687,0.00046523119270367266,0.8319008044930176,0.8326787340619308
20,0.0005387515259389814,0.0005430730071617714,0.7477705676988464,0.7458020264116576
21,0.0004627814416903109,0.0004656965185282497,0.8314928658166363,0.831113387978142
22,0.00045954119374508486,0.0004633251320611421,0.8348797055251973,0.8328637295081968
23,0.0004708999165678176,0.0004722993958313934,0.8234479356405586,0.825193533697632
