,loss/train,loss/valid,acc/train,acc/valid
0,0.00047288393278328595,0.00047016493808172766,0.8216833636915604,0.827271174863388
1,0.00046359480522079906,0.00046159512192038023,0.8324225865209471,0.8373463114754098
2,0.0004639779429590984,0.0004639697858286794,0.8300887978142076,0.8328352686703097
3,0.0006248581262206988,0.0006257516038493814,0.6486889040680024,0.6507001366120219
4,0.0004939091342100427,0.0004966676002792431,0.8026810109289617,0.8018556466302368
5,0.00047019997308552083,0.00046917826033965814,0.8227079538554949,0.8265738843351548
6,0.0004748108592642099,0.0004730614259302996,0.8192641924711597,0.8233151183970856
7,0.0005804662432682174,0.0005806157677578579,0.6972810412871888,0.7003216074681239
8,0.0006078605347272838,0.0006092291500059742,0.6679189435336976,0.6681039389799636
