,loss/train,loss/valid,acc/train,acc/valid
0,0.0006119977059659862,0.0006112002741318231,0.6623601446309183,0.6617056385591485
1,0.000742213899412785,0.0007397807071712043,0.5351940919634329,0.5357462648383136
2,0.0006520823584578505,0.0006497699875617877,0.6231281552735708,0.6241941260744985
3,0.000607414973188364,0.0006093405681954658,0.6593583708555055,0.6551307306590258
4,0.0006633601446852936,0.0006645237462769704,0.606524594078319,0.6030623209169055
5,0.0005812626954705348,0.000582198271199274,0.6974732228134807,0.6961343634875153
6,0.0006691057538454327,0.0006674894090166992,0.538664892891254,0.5400698424068768
7,0.0006364800840583696,0.0006397153108677706,0.6385378291717834,0.6325726565697912
8,0.0007868315681443076,0.0007846559742118705,0.5020807750034111,0.5023408718788375
9,0.0007971649706619858,0.0007958208911069046,0.5,0.5
10,0.0007821598136867438,0.0007804689899916489,0.5000127916496111,0.5000127916496111
11,0.0006118990831114712,0.0006138260811384321,0.6635796152271797,0.6593839541547278
12,0.0005898959004532544,0.0005904988931264,0.6868902647018693,0.6839183381088825
