,loss/train,loss/valid,acc/train,acc/valid
0,0.0005790196180746198,0.0005799266576425394,0.7005602742529676,0.6984496520671306
1,0.0005709178512439443,0.0005715688247564529,0.7118425092099877,0.7096103663528449
2,0.000566194219996845,0.0005669922450106748,0.7186775139855369,0.7156736082685223
3,0.0005753993282016066,0.0005753837153010567,0.7079453199617957,0.7070072656569791
4,0.0006335184066015696,0.0006314772476659073,0.6443878769272752,0.6450125358166189
5,0.0005972353012886456,0.0005991276806488029,0.6736807545367717,0.6688753581661891
6,0.0006266650717732428,0.0006245804776758187,0.6525105744303452,0.6534997953336062
7,0.0006009083943178976,0.000600422475589161,0.678490414790558,0.67813651248465
8,0.0006071148382550389,0.0006099846099689755,0.6613965070268795,0.6554633135489153
9,0.0005646535500514018,0.0005662001080801875,0.7193512075317233,0.7164986696684404
10,0.0005672487529010691,0.0005679653249940226,0.7173812934916087,0.7161085243553008
11,0.0005649273180977061,0.0005665343663473379,0.7166265861645518,0.7132943614408515
12,0.0005772979171413698,0.0005779687156637722,0.7051737958793832,0.7036494576340565
13,0.0005726260096871653,0.0005727639647503393,0.7092927070541684,0.7089515963978714
14,0.0005626336547261062,0.000563550397381644,0.7209928025651521,0.7203681436758085
15,0.0005643727205239306,0.0005655628935911594,0.7209373720835038,0.7178673761768317
16,0.0005883188436115596,0.0005885452631368434,0.6937082139446036,0.6926166598444535
17,0.0005604175830163089,0.0005612257743011085,0.7243825897121026,0.7216025378632829
18,0.0005844859181431733,0.0005839548976821242,0.6963432937644972,0.6952517396643472
19,0.000568339833957971,0.0005684101369309709,0.7161874061945696,0.715264275480966
20,0.0005644038591525258,0.0005661469003215365,0.7190186246418339,0.7147654011461319
21,0.0005868877567475905,0.000587115761516307,0.6943776436075862,0.6925974723700369
22,0.0005905170835882958,0.000592828943267178,0.6829930754536772,0.6778103254195661
23,0.000571881774556248,0.0005714050274932428,0.7115056624368945,0.712015196479738
24,0.0005651882132048951,0.0005656128502982687,0.718528278073407,0.718231938190749
