,loss/train,loss/valid,acc/train,acc/valid
0,0.00048080207350249354,0.0004830015496688408,0.8121679568913176,0.8133111338797814
1,0.0004653474064368549,0.00046828945374323265,0.8293677899210686,0.8288934426229508
2,0.00047203095157081674,0.00047345356192975857,0.8237515179113539,0.8235712659380692
3,0.0004496072276490308,0.0004515397529506238,0.8472791438979964,0.8481471994535519
4,0.0004976266422820728,0.0004997117718841154,0.7948163327261688,0.7955088797814208
5,0.00044639333805525095,0.00044934602474661474,0.8520321038251366,0.8514486566484517
6,0.00045196149095612435,0.0004549333134425197,0.8443951123254402,0.8440061475409836
7,0.0004454071140996818,0.00044810161450860824,0.8525064511232544,0.8512921220400729
8,0.0004674149925962461,0.00046964079855800435,0.8275557832422586,0.8278973132969034
9,0.0004602653468078603,0.00046414156437585155,0.8345950971463266,0.832308743169399
10,0.0004473844527266354,0.0004492507906518673,0.8500018973891925,0.8515482695810564
11,0.00046166163599474833,0.000464527044133139,0.8346425318761385,0.8330629553734062
12,0.0005474547585828708,0.000549209262592165,0.738558743169399,0.7394979508196722
13,0.00044298707012767926,0.00044671414531970936,0.8539959016393442,0.8532132285974499
14,0.00046752867615161407,0.00047029063991103014,0.8276127049180327,0.8279684653916212
15,0.00046018401667493794,0.000463404559118093,0.8361604432301154,0.834841757741348
16,0.0004615519774266822,0.000464294012890406,0.8337981936854888,0.8329775728597449
17,0.0005058676106759144,0.0005081583731358222,0.7806143746205222,0.7809369307832422
18,0.0004458546759498503,0.0004490648912866422,0.8509980267152398,0.8502675318761385
19,0.000539132654576426,0.0005422641263633478,0.7456834395871281,0.7459016393442623
20,0.0004987888338986353,0.000500418470989241,0.7951009411050395,0.7956654143897997
