,loss/train,loss/valid,acc/train,acc/valid
0,0.00046854138964675166,0.00047170129759009855,0.8260758196721312,0.8247808515482696
1,0.0005669177775047878,0.0005691139907906942,0.7220704310868246,0.7230475865209471
2,0.0004857192124151322,0.0004877696680634508,0.8076237097753491,0.8086435564663024
3,0.0004994280321911457,0.000501693348537703,0.7941048117789921,0.7942850637522769
4,0.0006016275014798425,0.0006037217731127865,0.6893214936247724,0.6910006830601093
5,0.0007144698463764854,0.0007180523115442642,0.5754971159684275,0.5753216074681239
6,0.0005059711121669594,0.0005115276462956585,0.7843237704918032,0.780211179417122
7,0.0005714416127305864,0.0005738767430539122,0.7194330601092896,0.7198315118397086
