,loss/train,loss/valid,acc/train,acc/valid
0,0.0006733204427487717,0.0006728388212623864,0.5413509940509483,0.5412302333858748
1,0.0006667240655789328,0.0006670814219479788,0.556210911679463,0.5548889001881324
2,0.0006697237682541342,0.0006712856818762042,0.559634582464704,0.5564651446585651
3,0.0006741978365357343,0.000676624189751449,0.5640116269215776,0.5595413637057
4,0.000675687139924204,0.0006786620377639607,0.5675751258453247,0.5627701225402959
5,0.0006738904557937917,0.000677097557144681,0.5725877527499534,0.5675369908984593
6,0.0006738236007204549,0.0006772300037448138,0.5739182386739208,0.5691386586668022
7,0.0006723758001509033,0.0006758562931448574,0.5760707445636515,0.5711788783240962
8,0.0006723067627258457,0.0006758889113601407,0.5762656565142964,0.5714776020745411
