,loss/train,loss/valid,acc/train,acc/valid
0,0.0006134091875326476,0.0006141383936774078,0.6533363841290826,0.6532770631006254
1,0.0006316398471511523,0.0006350864335063417,0.6235911255741428,0.6165340417959018
2,0.0006018341682706473,0.0006037834300024809,0.6774588566295486,0.6748487313774343
3,0.0006093878487595396,0.0006131533505490238,0.6604972797071236,0.6538745106015152
4,0.0006128997759779349,0.0006160969242795286,0.6536160404060948,0.6473979254588905
5,0.0006601053542200686,0.000660561675984052,0.592566227691056,0.5925471602176234
6,0.0006000762825705145,0.0006016410162526832,0.676793613667565,0.6759610006610057
7,0.0006161808282653651,0.0006206221088654158,0.6505949051710987,0.644105608379519
8,0.0006183666779112791,0.0006191352166460097,0.6435314655683801,0.6445123811460822
9,0.0006160104159179319,0.000619595878236494,0.6518364095523804,0.6443089947628007
10,0.0005997518195784461,0.0006029536500486026,0.6730945238216302,0.6684547719530177
11,0.0007390226502109064,0.0007420636729794768,0.5238724767376824,0.5217877663090457
12,0.0006283041807605509,0.000632474782440582,0.6344299249165268,0.6277838511211674
13,0.0006239427219287648,0.0006279958208521205,0.6401628785952781,0.6331672344536533
14,0.0006289180658689622,0.0006324818450924388,0.6354638056982085,0.6306439721360655
15,0.0006036435570672973,0.0006066989482264384,0.6729292723852138,0.6688361214216708
16,0.0006357227534480512,0.000638332086286008,0.6237521397942408,0.6199852544872121
17,0.0005971769430712481,0.0005988176712611819,0.6800859307469365,0.6786177352926221
18,0.0006000532528373807,0.0006035640570576362,0.6728487652751648,0.6678827477500381
19,0.0006327445088389591,0.0006370037769867613,0.627167336146845,0.6195911933696039
20,0.000642672847376862,0.0006463825573862771,0.6185361265063304,0.6125489398484771
21,0.0006067500921858017,0.0006098632109803456,0.6636412942153522,0.6609612548939848
22,0.0006369588462011836,0.0006412814948587539,0.620065761597261,0.6133624853816037
23,0.0006065192485720006,0.000609330112032057,0.6616794630599482,0.6586922255554991
24,0.0006056653570537658,0.0006068332227134569,0.6636836663785359,0.6637578176641074
