,loss/train,loss/valid,acc/train,acc/valid
0,0.00046780378329858824,0.0004667208469786659,0.8283621736490588,0.8316114526411658
1,0.0004437525570618795,0.0004435712810883974,0.8529049028536734,0.8560593123861566
2,0.00044118430246059,0.00044214952217995143,0.8553335610200364,0.8566569899817851
3,0.00044513882392860214,0.00044609423309483165,0.8521649210686096,0.8536401411657559
4,0.00044334350203564836,0.0004431741674327188,0.8538915452337583,0.8560023907103825
5,0.00045698793332415343,0.00045602507923198744,0.8388642228293868,0.8419569672131147
6,0.00047906381080891773,0.00048361726542883884,0.8152037795992714,0.813140368852459
7,0.0004905629925696721,0.0004891696621838597,0.8011346387370978,0.8057547814207651
8,0.0004375489828989371,0.0004381736772701497,0.8599062689738919,0.861723019125683
9,0.00043630233044669926,0.00043687423630083195,0.86118700667881,0.861908014571949
10,0.0004832309229117346,0.0004823661692616935,0.8084301001821493,0.8111908014571949
11,0.0005183220345076823,0.0005175183507663033,0.7699605343047966,0.7731528916211293
12,0.0004343666878721717,0.000434684447133286,0.8629515786278081,0.8646117941712204
13,0.00044020625966774673,0.0004394973190552224,0.8563391772920461,0.8592326958105647
14,0.0004509433713228723,0.0004512709658762579,0.8456473891924712,0.847933743169399
15,0.00044604903426299545,0.0004452013436922013,0.8514439131754705,0.8550489526411658
16,0.0004471082344388846,0.00044824589104926,0.8487780813600486,0.8498263888888888
17,0.00046984519460026465,0.0004680957937806519,0.8252789162112932,0.8296334244080146
18,0.0005106500844156192,0.0005106175910403277,0.7803582270795385,0.7827584244080146
19,0.00044287016482952513,0.00044224242499956557,0.8542805100182149,0.8566854508196722
