{
  "expected": 0.9953670029884029,
  "up": 0.9958636617339667,
  "down": 0.9948381139834214,
  "observed": 0.9953670871853985,
  "difference": 8.458889569879406e-08
}