{
  "expected": 0.9956609736967913,
  "up": 0.9964150414667656,
  "down": 0.994818482933823,
  "observed": 0.9904969098969483,
  "difference": -0.0051865684568004715
}