{
  "expected": 0.9956024712927971,
  "up": 0.9961912818726347,
  "down": 0.9949644459786522,
  "observed": 0.994945706149646,
  "difference": -0.000659666043514684
}