{
  "expected": 0.995645255185614,
  "up": 0.9963093007219093,
  "down": 0.9949162785644475,
  "observed": 0.9947618615664905,
  "difference": -0.0008872573986794096
}