{
  "expected": 0.9953824359154647,
  "up": 0.9959346777646676,
  "down": 0.9947888733653751,
  "observed": 0.9958032773659025,
  "difference": 0.00042279372756933874
}