{
  "expected": 0.9955203436712688,
  "up": 0.9960731956170932,
  "down": 0.9949246817689366,
  "observed": 0.9931596009499807,
  "difference": -0.002371365624314865
}