,loss/train,loss/valid,acc/train,acc/valid
0,0.0005980617272037786,0.000599713321818196,0.6699505093134015,0.6689378146133116
1,0.0006437116856898367,0.000648417164072324,0.6127396145828037,0.6061804037219708
2,0.0006175373776908915,0.0006192081320956792,0.6565270080168133,0.6515927696140743
3,0.0006992344796072638,0.0007044934726982176,0.5707149031372349,0.5633103676208878
4,0.0006246535485603958,0.0006292502441221741,0.6433068931035067,0.6373430111354045
5,0.0007945158665823642,0.0007947014585359365,0.5,0.5
6,0.000618238419476704,0.0006221827791455668,0.6537940034914662,0.6484974830935069
7,0.0006047234680933018,0.0006088164133091393,0.667213267571736,0.6615587023948747
