,loss/train,loss/valid,acc/train,acc/valid
0,0.0005820663504678906,0.0005812649719757526,0.6980420350055029,0.6996751517733518
1,0.0006497506813131659,0.0006510836834762282,0.6072087904285156,0.6057620619874321
2,0.0006009995176603641,0.0006000630701168465,0.6725867149501189,0.6752982213228246
3,0.0007944557068933418,0.0007937432386100909,0.5,0.5
4,0.0006596910905697503,0.0006615386493976206,0.5977562395711293,0.5950713601022473
5,0.000778036286292816,0.0007776236682352592,0.5002218908651969,0.500279582490148
6,0.0006321991491305899,0.0006314570052274082,0.6453473923385522,0.6451166258387475
7,0.0007445692077554715,0.0007454091019429317,0.5097720737032698,0.5100516561934179
