,loss/train,loss/valid,acc/train,acc/valid
0,0.0005839280349003704,0.000584260464850954,0.6952462101040224,0.6946692938545106
1,0.0005868530460290559,0.0005873425698328582,0.6935154613554869,0.6931915006922995
2,0.0005789584862680977,0.0005786644717618316,0.7003852025419818,0.6999281073596763
3,0.0006515231640417533,0.0006521226661072484,0.6226080164731779,0.622457130684844
4,0.0005888520510605434,0.0005898125281614774,0.6926012709908759,0.691886782404942
5,0.0005730079458464693,0.0005737528235072564,0.7075123371321049,0.7085818511023538
6,0.0005948706600626856,0.0005957794060581649,0.6866102176305606,0.6876797316008094
7,0.0005941397360720675,0.0005950122549518862,0.6887936237440977,0.6897300031952285
8,0.0006024509257823679,0.0006020851254729826,0.677246423119253,0.677108850782831
9,0.0005704215921338054,0.0005710710612573948,0.7119945326090815,0.713374693790606
10,0.0006103034446629429,0.0006094409871220728,0.6693382326836369,0.670532005538396
11,0.0005856805028729864,0.0005862049529100203,0.6958497532573579,0.6964000426030461
12,0.0006008959559919938,0.0006027171630894418,0.6820215145382895,0.6786265843007775
13,0.000573567443793416,0.0005750227066855777,0.7083022686122058,0.7068777292576419
14,0.0005781236138888753,0.0005793128627242213,0.6974828700252068,0.6969192672276068
15,0.0005747000785851947,0.0005746165956853107,0.7103436645720169,0.7091410160826499
16,0.0005856693334826969,0.000587224944456277,0.7005627152341393,0.6995020768984982
