,loss/train,loss/valid,acc/train,acc/valid
0,0.0005899903459968009,0.0005875120343506623,0.6903452401628746,0.6936403635732067
1,0.0005331195845037377,0.0005353562223720114,0.7596827418514445,0.7572077809297748
2,0.0007987442987686017,0.0007989568615224733,0.5000096489704549,0.5000289469113646
3,0.0006446783437362459,0.0006411056198878066,0.6418881105386055,0.6460805882012389
4,0.0007458530074114249,0.0007436343832724912,0.5255215268530847,0.5267035257338042
5,0.0007960990707670797,0.0007959035003232892,0.5,0.5
6,0.000614667804802639,0.0006105821004499401,0.6692236438372026,0.6730446361373241
7,0.0007992251462626662,0.0007993658640192398,0.5,0.5
8,0.0007131468027242923,0.0007110790107505982,0.5564850730427063,0.559153013373473
