,loss/train,loss/valid,acc/train,acc/valid
0,0.0007804159706743052,0.0007767185638384562,0.5,0.5
1,0.0006628338863125576,0.00066108327892874,0.5825889836243064,0.5828131343889565
2,0.0006665703560110841,0.0006640271377839357,0.5593703478143186,0.5628933211530653
3,0.000648294614711397,0.0006463485533599199,0.5928745432399513,0.5935089321965084
4,0.0007871383570950382,0.0007831875697667648,0.5011926512383272,0.5015605968331304
5,0.000766013993338781,0.0007616418685689962,0.516392610637434,0.517293442955745
6,0.0006387719730995943,0.0006388656702762302,0.6235535931790499,0.6193158749492489
7,0.0006376668858236123,0.0006361782484261717,0.625,0.6225005075111653
8,0.0007881922754492484,0.0007842735811263335,0.5004398430098795,0.5004821356069834
9,0.000622073267326253,0.0006215149681172718,0.6443700094735417,0.6443361753958587
10,0.0006362705876288709,0.0006366444277451186,0.6283326566517796,0.6264717823792123
11,0.0006439242245283319,0.0006442480802632811,0.6247969955339018,0.6188718026796589
12,0.0006599741015976023,0.0006597406778014195,0.5946254567600487,0.5883576938692652
13,0.0006547710114765077,0.0006516736735851843,0.5854733387467858,0.586898599269184
14,0.0006549070428036953,0.000655828873425347,0.6070679388279876,0.6026821965083232
15,0.0007608752878702191,0.0007566457165846048,0.5147770334280688,0.5157455339017458
16,0.000693076155955744,0.0006898945583907076,0.5624661659223169,0.5643397279740154
