,loss/train,loss/valid,acc/train,acc/valid
0,0.0004733337873420472,0.0004753405391628186,0.8288658600127367,0.8260869565217391
1,0.00046554387614167496,0.0004667116763975075,0.8358034697697756,0.8345249811845076
2,0.0005211932154558854,0.0005188000212186103,0.7727860437291341,0.7754009147223991
3,0.00044964970678799027,0.000448770155532893,0.8505856925066095,0.8522694378509813
4,0.000447500881069535,0.00044806602282701616,0.853036531002142,0.8537312568748915
5,0.0004598103893123191,0.00045898030600729714,0.8404639224994693,0.8409077751403925
6,0.0005514057026648527,0.0005545927889820656,0.7350006754279318,0.7308805650437098
7,0.000498666015576156,0.000496843462570633,0.7975549508867403,0.800005789382273
8,0.0006686548829071772,0.0006724167303530224,0.6040930932669484,0.600691831181613
9,0.00045026595933569995,0.00044910675545017036,0.851077789999807,0.8521391767498407
10,0.0004507382627956962,0.00044963589505440374,0.8496111464906695,0.8510681410293521
11,0.00045071964719965913,0.00045080514145816737,0.8494278160520272,0.8500839460429572
12,0.00044735188383568294,0.00044760538991597826,0.8532102124703295,0.8526023273316737
13,0.0004495236819979193,0.00044896881036378015,0.8500260522202281,0.8519510218259712
14,0.0005002207350258375,0.0005028146433235354,0.7937050116752542,0.7907283042899322
15,0.00046201666440039683,0.0004608429403729633,0.8376271251857427,0.838389393851676
16,0.0004653507321437471,0.0004671884246991366,0.8336035045060692,0.8315434493139582
17,0.00044653007813878824,0.00044556918544788057,0.8537216079044366,0.855525965379494
18,0.000453512588184355,0.0004545987400322323,0.8461471660973774,0.8453655994905344
19,0.00046931678436183373,0.00046812724271397857,0.8309596866014396,0.8316302900480519
20,0.0004556404492150155,0.00045638112397128485,0.844207723035952,0.8443524575927749
21,0.00045462549520676704,0.00045496724679240517,0.8449217468496112,0.8454958605916749
22,0.0004615939518231147,0.000461638693696187,0.8367780157857156,0.8372749377641405
23,0.0005120555487328552,0.0005102762399789241,0.7847218201817866,0.7864731083193424
24,0.00044810681245169596,0.0004485468908817444,0.8516084833748239,0.8517918138134661
