,loss/train,loss/valid,acc/train,acc/valid
0,0.0005273368947124391,0.0005247233470989517,0.7692255736312935,0.7726364846870839
1,0.0004669037745334298,0.0004666621522291143,0.8319052857060152,0.8318618653389683
2,0.0006524296575387733,0.00065701701907756,0.6220787741947934,0.6165981589764372
3,0.0004521061582791124,0.00045021098731036594,0.8486655473860939,0.8502576275111445
4,0.0006501740101148949,0.0006554927328606979,0.625832223701731,0.6201586290742778
5,0.00045239074719417106,0.0004514805614130447,0.8480480132769833,0.8484194986394952
6,0.0005314052283238223,0.0005303946222489043,0.7630984773924622,0.7638221501765762
7,0.00044907910696512693,0.00044907375946722926,0.8502672764815994,0.8505615700804724
8,0.0004605907772059387,0.00046134187909425365,0.8380323819448465,0.8378104556243848
9,0.0004507151876923781,0.00045153265638328804,0.8494664119338466,0.8488826492213281
10,0.0004948943893061814,0.0004956047014260357,0.7997259692390822,0.7991952758640654
11,0.0004859233528146151,0.0004848423409888487,0.812163492155387,0.8133937358883807
12,0.0004907710833819025,0.0004886934543528292,0.8078214554507034,0.810137208359868
13,0.00045487356550771407,0.000454834705997354,0.8450761303768888,0.8450616569212065
14,0.0004704921457657477,0.0004687857173751171,0.8290298925104691,0.8301395241127771
