,loss/train,loss/valid,acc/train,acc/valid
0,0.0006064920463791297,0.000604765097281995,0.6788321787557728,0.6782039527302364
1,0.0005748706817408354,0.0005736798951258092,0.7091398397174681,0.70795130399348
2,0.0005777214624188057,0.0005771407270052614,0.7079852621570225,0.7063340464547677
3,0.0005969160707772215,0.0005963490365077639,0.6804621706058136,0.6792226976365118
4,0.0006810355768583288,0.000679285641222245,0.597043941863624,0.5963477995110025
5,0.0005970193056454965,0.000594501014716905,0.6801820157565879,0.6799103504482478
6,0.000595000815137318,0.0005925255998386148,0.6892318663406682,0.688849837000815
7,0.0006097696607194171,0.0006058625110289189,0.6726348139092638,0.6747656886715566
8,0.0005781060462694587,0.0005769205242456123,0.7044875713121435,0.7021317237163814
