,loss/train,loss/valid,acc/train,acc/valid
0,0.0005926153442769282,0.0005908465149488763,0.6881066241586964,0.6898910733262487
1,0.0007516704064246572,0.000751224070724088,0.5000797024442083,0.5000265674814027
2,0.0006516087242064644,0.0006476192882603211,0.6036663124335813,0.6111450584484591
3,0.0007093501067778087,0.0007077398600094377,0.5338646829613886,0.5359856535600425
4,0.0006256228399285178,0.0006223396709887558,0.6488398866454127,0.6525239107332624
5,0.0007521323682862396,0.0007509183783903639,0.508979808714134,0.5091657810839533
6,0.0005936649085949213,0.0005912924420947603,0.6865125752745307,0.6899840595111584
7,0.0005942408450731689,0.0005916343944485712,0.6873184555437478,0.6889877789585547
8,0.0006910206898492657,0.0006889942031864405,0.5743446687920651,0.5779755579171094
9,0.000583961949655024,0.0005811411115428973,0.6985653560042508,0.7006376195536663
10,0.0006723416102848871,0.0006689903475779656,0.5799504073680481,0.5844048884165781
11,0.0006484563769578004,0.0006460189391778708,0.6125841303577754,0.6156083953241233
12,0.0005840354140160399,0.0005821966196981424,0.698503365214311,0.7011025504782147
13,0.0006766294809127588,0.0006738783409630961,0.5882040382571733,0.5924681190223167
14,0.0005752211274975713,0.0005732801726026566,0.7137619553666312,0.7132571732199787
15,0.000771800768827235,0.0007713762578117987,0.5013283740701382,0.5015143464399575
16,0.0006862516040883079,0.0006820713564769368,0.577506199078994,0.5812964930924548
17,0.0007695873346136176,0.0007687069578581231,0.5018420120439249,0.501952709883103
18,0.0006011667480250854,0.0005991144654094603,0.6721927027984413,0.6762221041445271
19,0.0007358373414950721,0.0007338964478305752,0.5210325894438541,0.5224495217853348
20,0.0006084964180769669,0.0006061239914293624,0.6624867162592987,0.6672290116896918
21,0.0005942032923522757,0.0005933219477866838,0.6830588026921715,0.6845244420828905
