{
  "expected": 0.9288613343746046,
  "up": 0.9486524402852924,
  "down": 0.9088890265641073,
  "observed": 0.9275523015488539,
  "difference": -0.0014092876700826822
}