{
  "expected": 0.9413877597672715,
  "up": 0.9639091081408578,
  "down": 0.9172460295471548,
  "observed": 0.9411841659046795,
  "difference": -0.00021626992754015352
}