{
  "expected": 0.9309395473370919,
  "up": 0.9494654996030968,
  "down": 0.9118478972569046,
  "observed": 0.9317650561405787,
  "difference": 0.0008867480233792627
}