{
  "expected": 0.9273771041854555,
  "up": 0.9464185929957114,
  "down": 0.908005635376904,
  "observed": 0.9296895171321493,
  "difference": 0.00249349799154777
}