{
  "expected": 0.9410272717434407,
  "up": 0.9647405592100913,
  "down": 0.9161628423469721,
  "observed": 0.9424936156338036,
  "difference": 0.001558237401182047
}