{
  "expected": 0.9409012879030476,
  "up": 0.9648810414441156,
  "down": 0.9159313819378209,
  "observed": 0.946324199530845,
  "difference": 0.005763528754310928
}