{
  "expected": 0.8411430433779649,
  "up": 0.8591123111821681,
  "down": 0.8233590066679869,
  "observed": 0.8451807085000197,
  "difference": 0.004800212227684706
}