{
  "expected": 0.8748887627955545,
  "up": 0.9120865622363614,
  "down": 0.8384636755439682,
  "observed": 0.8862478402601561,
  "difference": 0.012983453380182503
}