,loss/train,loss/valid,acc/train,acc/valid
0,0.0006506529253879924,0.0006531655891648908,0.6184715430589514,0.6122147514262428
1,0.0005891994937254469,0.0005873690754745972,0.6920249252920402,0.6902251426242869
2,0.0005759321288776216,0.0005749515937102356,0.707747555012225,0.7047931947840261
3,0.0005881576552173425,0.000586215014999828,0.6862350584080413,0.6868505501222494
4,0.0005903684318316627,0.0005870798356776424,0.6889432219505569,0.6894992868785657
5,0.0005759321890935338,0.0005730583113121035,0.7070259440369465,0.707289119804401
6,0.0005622179488049548,0.000561229235658873,0.7237248709589785,0.7223920130399348
7,0.0005610830443274939,0.0005607038695356082,0.724675699538169,0.7237545843520783
8,0.0005511354796205873,0.0005509777953992457,0.7346424205378973,0.7338656275468622
9,0.0005571837292837889,0.0005579618471443119,0.7288355745721271,0.7259576202118989
10,0.0005791398249536194,0.0005765905385167499,0.7084606764466178,0.707059902200489
11,0.0005695870603087867,0.0005689189604619411,0.7165002716653084,0.7134525264873676
12,0.000565258398473959,0.0005634237071704165,0.7205158245042108,0.7198451507742462
13,0.0005554690642327402,0.0005565862958459905,0.7322144118446074,0.7274093317033414
14,0.0005568500417943754,0.0005570500998013177,0.7309155120891062,0.7276385493072535
15,0.0005735529971751011,0.0005722406078145188,0.7103793126867699,0.7091865321923391
