,loss/train,loss/valid,acc/train,acc/valid
0,0.0006066311329918949,0.0006076334061035803,0.6717943493615866,0.6669213528932355
1,0.0005752623194554874,0.0005752180316641064,0.7080701575658789,0.7061430317848411
2,0.0006127483607415303,0.0006122281881141877,0.656937652811736,0.6550275061124694
3,0.0005758677676817996,0.0005762331421504491,0.7083248437924478,0.705391707416463
4,0.0005711109484466189,0.0005697919156010693,0.712000814995925,0.7109438671556643
5,0.000605924195146729,0.0006039242541756004,0.6748760527030698,0.6748802974735126
6,0.0005666349195520763,0.0005650115043787132,0.7192169247487096,0.7185971882640587
7,0.0005483922508869829,0.0005475524585229552,0.739591822874219,0.7383481051344744
8,0.0005583250027324997,0.0005561114078616843,0.7276385493072535,0.726823553382233
9,0.0005558219750195993,0.0005555848121193724,0.7310088970388482,0.7285044824775876
10,0.0005760273150543064,0.0005769509649072707,0.7049714751426243,0.701316727791361
11,0.0005826497664515721,0.0005815312207145913,0.6991646291768541,0.6967323757131214
12,0.0005808267307221582,0.0005785347028546636,0.6994108258625373,0.6985151792991035
13,0.0005860643907146782,0.0005829924142205239,0.6994023363216517,0.7000942339038305
14,0.0005604453497211818,0.0005586902590463972,0.7250322602553654,0.725040749796251
